,date,volume,stochrsi,stochrsi_6,wt2,trix,vr,vr_6,wr,cci,cci_6,atr_5,dma,pdi,mdi,dx,adxr,kdj-k,kdj-j,bias_6,ROC,lower,MACD,MACDhist,return
0,2020-02-06,0.10925982944219904,1.3406880468492275,1.2725418286609629,-2.113908242417944,-1.8958824581923375,-0.5285553969023664,0.25888582213927,-0.5851172098283335,-0.7114168623998611,-0.11195609314837092,1.126826715945702,-0.7485595769906775,-0.5714450529344708,1.4689480592841682,0.5807365976702027,2.7323007262583996,-0.48129593352961947,0.2849432464182495,-0.3835382512169854,-1.7276369009633106,-0.8908867442112306,-2.248821120462574,-0.8381449696177201,-0.011574203281136678
1,2020-02-07,-0.40632533140841276,1.1710138011877602,1.047652626560664,-2.0383123061722435,-2.0174782672564113,-0.6118250358862706,-0.12605618870499297,-0.7378823076678432,-0.6004915092144059,0.04323340861514386,0.7840277493443353,-0.8372543289885304,-0.6957367529137489,1.0881982336680034,0.580736597670203,2.4373394675778366,0.10338166505224408,0.7993823193274173,-0.11628748643871469,-1.6328848514962278,-0.9522908757133844,-2.079857294675318,-0.4060616600489703,0.08156389270133586
2,2020-02-10,0.8776935513251405,1.3406880468492275,1.2725418286609629,-1.8933175414461556,-2.0229134316975568,-0.3334356433513633,0.7066922111448176,0.37730290656058485,-0.0547588398896814,1.9323367217940717,1.3539528510255558,-0.8779116238615569,0.8500730760979113,0.33102219462095345,-1.133391421261404,1.9357095791400092,0.9536314669317077,1.5735332125798147,2.893029344352224,-0.6165063134883861,-0.949278174734357,-1.3036025060844254,0.9009708229178326,0.0032137146030958245
3,2020-02-11,0.1369273225836625,1.3406880468492275,1.2725418286609629,-1.6868804552542,-1.9477957411240385,-0.15637397253117175,4.748308414886526,0.5326020226107033,0.320196192900841,1.515416414521388,1.0686361719613233,-0.9298325954472595,0.8502633944043099,0.029214965701781063,-0.8614606060332446,1.4058180421036095,1.571942286093384,1.8822239950038844,2.080294141875839,-0.6821611053837924,-0.9483008861955686,-0.7507901370549178,1.592878539989154,0.007458745287676133
4,2020-02-12,-0.2943559691303023,1.3406880468492275,1.2725418286609629,-1.4356182183782058,-1.8138533993907824,-0.03830655882937632,4.14284347862056,0.9083241376144146,0.4276962180566045,1.0615134577008798,0.7772975053124989,-0.9204534845880841,0.5737067276795672,-0.2203325492789852,-0.8614606060332448,0.9048448799609132,1.8947094313002693,1.738760679511682,1.7544678670091802,-0.032933204116066365,-0.9363562250082753,-0.3255325251243023,1.9444804415637678,-0.007458745287676058
5,2020-02-13,0.2175782235531885,1.2472516059242018,0.9883178794915647,-1.1374076793613732,-1.653656003687477,-0.21856311971724265,0.5992526389409728,0.7936899138803615,0.6597224500761708,1.0551692499845327,0.8628943950829281,-0.9373020092421092,1.2585477293987477,-0.5444602649908382,0.04738495593088272,0.579710188596789,1.4640047446408184,0.7021670745705624,0.9417326645327952,-0.3230496340115413,-0.9387770316682591,-0.10733415367880915,1.8979789199653485,0.03261730492383104
6,2020-02-14,0.12416161097154167,1.3406880468492275,1.2725418286609629,-0.8412812139208786,-1.4468418933011906,-0.057688117022538184,0.6031371703770152,1.358430620492414,0.7873402440721671,0.9780888180196736,0.791366148872996,-0.8720579891390007,0.8602143708432372,-0.7824412314409224,0.04738495593088272,0.3707967643062795,1.443809333579654,0.7179384229968025,1.5128438878945794,0.7075397229266722,-0.9251716619301459,0.2781542729259691,2.125604537709953,0.01947780695957094
7,2020-02-17,0.08500244198460898,1.3406880468492275,1.2725418286609629,-0.5603177614447098,-1.1980001845488917,0.11692645986762419,1.8835257575211757,1.847858996433548,1.0705000917304455,1.4150456981937947,0.5181604873323813,-0.6270381050159279,0.9386952677667331,-0.9414091838756967,0.31814949955812954,0.2740044102264113,1.517614381275915,1.0181864434368877,1.4030148064788515,3.0407609953361443,-0.906153925063651,0.652430615567613,2.289955855439972,-0.03197796972380241
8,2020-02-18,0.7386588521136855,0.9752405832489238,-1.2029824357207617,-0.3159639873051317,-0.9689677905968779,0.038907797691288014,-0.030662159408657793,1.3049168841803849,0.7987287666692777,0.45439714256363073,0.6555271104841723,-0.48038838565598857,0.5215342397933364,-0.22757949152664592,-0.9041965631582988,0.08076239815269608,1.3409390977684925,0.7337059752383691,0.06310001320697387,1.58741793987923,-0.8886122137063048,0.6060749176764629,1.7555595991189215,0.014568415828290633
9,2020-02-19,0.8462356433157285,1.134717777858144,-0.4550759991264135,-0.10641562717188029,-0.7470666083469559,0.6158083889256138,0.08951953096183025,1.442092243403913,0.8877056667887195,0.786163183084893,0.8034197928623232,-0.3236019709073288,0.3799081351870147,-0.5598791943909684,-0.6649096763446468,-0.11427732954315697,0.9431179886879084,0.18779337075081898,0.38892628807363266,1.7782810988284996,-0.8716141671433698,0.6651920955238957,1.4950103665101402,0.011299555253933247
10,2020-02-20,0.12669066704564108,1.2578175093604949,0.11845135233708301,0.07168239473026429,-0.5283262790373718,0.5836539180377442,0.1608595885664094,1.6457513656866944,0.8418695863343241,0.6706663523117096,0.680456699173004,-0.17054805201015086,0.11431142057780874,-0.7797574978855694,-0.6649096763446466,-0.29430937312754524,0.6194786128703978,-0.048538670644494054,0.5683137877193212,1.7739718262417676,-0.8663435537985291,0.7616138306486581,1.3456255836767017,0.007124712072125152
11,2020-02-21,0.6819357373088845,1.3346116579011906,0.49096866978486225,0.2204165347237886,-0.31543784617238496,1.2119801931676264,1.4126886838397112,1.705627935487434,0.9363563022817951,1.3069939209007342,0.5948323925216819,0.004534603027836577,0.2992875411808577,-0.9773601516523486,-0.17417015376623476,-0.3871415680607234,1.0374511490085305,0.8762140754198777,0.5097382776309332,2.070080413987212,-0.869977210761556,0.8445516542762505,1.2047721872735173,0.006066752682237362
12,2020-02-24,1.088448224166758,1.3406880468492275,0.826974273455548,0.3770160340392186,-0.11162680878642323,1.378013288279127,1.6945572652034933,1.4101315177638016,1.0973042992976754,1.5757947060914679,0.5898074921160592,0.07965375648104651,0.6123903764963997,-1.163741342568883,0.39949340305331144,-0.35210793517488903,1.1902495302742888,1.0626837356531664,0.5683137877193212,0.9077534328137639,-0.8753415537606563,0.9077461664658942,1.0608350200522256,-0.030708656619166334
13,2020-02-25,0.7053627830479106,0.7189049600480798,-1.2029824357207617,0.4838631698539022,0.04116000514074744,0.7506212082126071,0.2632715349541622,0.8391826325423885,0.43585962764853503,-0.648920313081832,0.7507172339919765,0.12060472426287214,0.2379238674967647,-0.0765627440352061,-1.359381562328186,-0.48710463340208204,0.5512692241730522,-0.12574791693964352,-0.41282600626117943,0.4133954370385938,-0.8709204810509845,0.6700993920422889,0.4694415209044554,0.010341353794732751
14,2020-02-26,1.981883236368783,0.9156020284404238,-0.5465526205962256,0.5627160251140341,0.16447945909876277,1.5503894865627943,2.3039550481109474,0.9831513122276335,0.5806993694706241,-0.18263610379195153,0.9935748924120534,0.16155292527436071,0.4824449271886918,-0.4583150731566944,-0.6845673688616398,-0.6086635913738478,0.022096106581978484,-0.7040131459364608,-0.149236210863433,0.45475540112702534,-0.8714564852947191,0.5789945175518757,0.22830839868391853,0.019358729869548855
15,2020-02-27,1.736228857401874,1.1711907383800286,0.5560358311935969,0.6471722492400297,0.28270505603454804,2.4977435322688355,2.5687569387362728,1.094720836306352,1.3600671422323418,1.1668599798233483,1.2385522325771965,0.23271742040675478,1.0168404212567546,-0.7813917606654704,0.1629130727347515,-0.6014659923531969,-0.16096899097893735,-0.4807270201719473,0.41821404311782673,0.8453035023932414,-0.877733424609713,0.6519962169106671,0.2951891579421562,0.018991075505317017
16,2020-02-28,3.8352946910131736,1.3406880468492275,1.2725418286609629,0.7320505668826481,0.41036313632064203,3.9570034353500416,3.672187101555735,0.9783419075003555,1.6118475876791303,1.2148988914873893,1.447181179627454,0.27923289034340887,0.769613373841354,-1.0464694096834735,0.34252062937201505,-0.5054338888497255,0.3715854287348712,0.6099006949834752,0.9307497563912226,0.6455533455168643,-0.8799355532542856,0.8209743422504724,0.5006282787614104,0.11138195431435678
17,2020-03-02,5.088863485075114,1.3406880468492275,1.2725418286609629,0.9181877127905776,0.6645970811627134,6.03716276895854,4.98339125568623,1.8885757037930873,2.9059049109194,2.106263776785177,2.298890010290958,0.4258097027529889,2.066777105900131,-1.3526943823839235,1.4680757877077237,-0.22320068466156054,1.135557366025517,1.5939429371390699,4.36107806594245,2.0470557528531432,-0.857789788629522,1.8353401854747098,2.003262078114118,-0.016972269843282192
18,2020-03-03,4.49867433928177,0.9444142282344042,0.6997216613509408,1.1565132803281633,0.9549935626877757,2.8738024659633448,0.4493048536153843,1.0790965075445178,2.2615103788276008,1.311301173935042,2.5236477984449928,0.6005782178259648,2.1485397758811633,-1.5319556058297286,1.7438718394955635,0.16743263640412706,1.4144342795338738,1.4582770914170482,2.9003512831132725,2.2883691399672257,-0.8353672745745966,2.2192326548407237,2.207304600214284,0.0
19,2020-03-04,3.1789444241635647,0.8836826402952102,0.6124700565674223,1.3711758687837918,1.2439603606290106,2.406993036652324,0.55320730420829,1.0790965075445178,1.4518643430817673,0.7507484191433142,2.4498201705005376,0.757619116513752,1.5702842985010121,-1.167326805905238,1.0059067300218287,0.4839775244733286,1.4614161989344137,1.0864004730130126,1.9777869992211596,2.0540368106859006,-0.7826223652980125,2.3562088376826895,1.9796602801855872,-0.014519311324453268
20,2020-03-05,2.375281394862467,0.4830296941998975,-0.47925224070863426,1.552272838839361,1.4902559777617632,1.850708399181879,-0.028372139797574625,0.8385206628203935,1.1623939317048515,0.5920966921643452,2.175195156262734,0.8835803799204179,1.169120976847574,-1.319094432169811,1.0175790766282886,0.7384240563947763,0.9549047954912977,0.1979355153176502,0.7001086854181945,1.6470359863584099,-0.7036275968748245,2.210759755533756,1.3504543561312032,-0.04200337458562927
21,2020-03-06,1.0021180393817104,-0.5161004695142192,-1.2029824357207617,1.6205002513535085,1.6399419770574133,1.3684850904051358,-0.27413640277392437,0.17199989898583395,0.5835012089051905,-0.3624745191285588,1.9555082876833365,0.9516615553384563,0.7949896748549394,-0.62847308955299,-0.19893504928664138,0.7796821440646022,0.09579304844052412,-0.8804924726114961,-1.1523418211270793,0.9010252920376877,-0.565689480909554,1.6705132475400812,0.22210953267244166,-0.037886998560992154
22,2020-03-09,0.9625785612107026,-1.289430492456499,-1.2029824357207617,1.5780237183193722,1.6739214922777501,1.2073400043273388,-0.5256497968399607,-0.4259198973429492,0.08989179908486977,-1.382210603556547,1.7036882580409758,0.9687099507105175,0.4854576259465815,0.1553238828916047,-1.3185210145412627,0.5608753707454636,-0.8449432617373666,-1.6962702679985213,-2.470290798115811,0.2639511627567482,-0.515399377015238,0.9630884658596723,-0.9452162065848849,0.035023034789563104
23,2020-03-10,0.6898461683376466,-0.7040718885138113,-0.45340592759025905,1.4780307100545822,1.6691204114622653,1.6288990571568407,-0.6815766457668693,0.1119740524182769,0.1694479004959919,-0.6753628005074692,1.667074857425814,1.0703744396306996,0.1729523227278769,0.06569086115537409,-1.4080241504357007,0.21541875364408228,-1.173341030865827,-1.420899153982525,-0.7972277912162264,1.2272057232036349,-0.4605021589109235,0.7818231635624088,-1.0461453394536981,-0.030084753148980577
24,2020-03-11,0.30710300548446684,-1.250556434366897,-1.0132445752284276,1.3291385802084061,1.602669649684923,1.2297508739171286,-0.6294497550051806,-0.3512124043205558,0.03258359956381359,-0.5731011221205525,1.3715168800539328,1.123392965790124,-0.04464469807633783,-0.2009674436380266,-1.4080241504357014,-0.16645444964667755,-1.1490102442060344,-0.8475584085806248,-1.3353902901532921,0.6273115893167348,-0.41046160639392765,0.39401295288424565,-1.453857480355313,-0.016890615164423733
25,2020-03-12,0.28695295721488784,-1.3977326786624662,-1.2029824357207617,1.141653983931777,1.4804763321948737,0.9163131544305726,-0.7284111173644595,-0.6052178805966895,-0.3905906044456746,-0.9519681696076883,1.1604348870841257,1.1297749827045254,-0.24554703147534157,0.488410567388124,-0.5038976455486792,-0.41627480091919905,-0.9293719910717178,-0.39338713266696046,-1.3024415657285737,0.10963657914694755,-0.35493171814246255,0.00968757382968226,-1.7745105655126507,-0.03155478085816974
26,2020-03-13,0.6991827588066902,-1.3977326786624662,-1.2029824357207617,0.930761969342337,1.2956951346175347,0.593347850337133,-0.7107150527772477,-0.9676125331900579,-0.8324710177494818,-1.4297396520965353,1.409985785986818,1.0731262822781864,-0.49203600530239094,1.3433705639810285,0.39999279578874286,-0.4588996335925907,-1.021637679907662,-0.6333843468165637,-1.6831823813030964,-0.581585672889866,-0.35401623273219057,-0.46691122874651225,-2.177105546345475,-0.010395104000340077
27,2020-03-16,0.7301018954719958,-1.3977326786624662,-1.2029824357207617,0.7049787070050001,1.0711113989309342,0.476487850215228,-0.707205434552224,-1.1119626044536628,-0.7727449673031791,-0.7988250707550981,1.5208696815372162,0.8308730517650978,-0.3385110173410651,0.8022077231179845,-0.1447131071275409,-0.46430317465683585,-0.9015985704248886,-0.5094422918046456,-1.5147777897989805,-2.110208259444089,-0.3777602146976239,-0.8114206894480795,-2.290078830222578,0.0489394290402219
28,2020-03-17,2.313094504779787,-0.71259630689845,0.9413477854442152,0.5055284327494397,0.8838934588372022,0.5861657015384409,-0.3808963183637958,-0.41908226238835566,-0.3836992896947328,0.16361850815716758,1.761724025046594,0.6715129670063366,0.037890953742320294,0.29792847777476966,-1.0350034210242005,-0.5679063367504478,-0.2860107561028648,0.3909337232245113,0.2754362372773807,-1.3059850859459003,-0.33917918136711034,-0.5999642528106724,-1.5003412493822996,0.028447234575198207
29,2020-03-18,2.8381810567458747,-0.3543632165535874,1.2725418286609629,0.40201605469099755,0.7583883651251,0.7925663624329983,-0.2019274490825438,-0.00046705572390116093,0.16966513400361968,1.3784433959681488,1.7895789331721954,0.5461154819198466,0.5075416484916134,-0.08024989932927738,-1.0702993360695723,-0.7178174639565182,0.34026189396877066,1.0074713033224072,1.4176586840009484,-0.94217063449852,-0.30345884555638813,-0.21279270363352856,-0.5903871475510171,-0.014613021845649674
30,2020-03-19,1.2248334360624897,-0.56067276223547,0.7934303701686805,0.3766721786931602,0.6600914534461593,0.49056515662153943,-0.2773215577727983,-0.2169921626193099,-0.1786458188604323,0.773669310134309,2.0020465787010653,0.42713631678605063,0.14037156159296824,0.5685693622275283,-0.9366677823052917,-0.8614611517649754,0.9274586475066234,1.3517945649174787,0.8392255218781162,-0.9433861779598274,-0.2793094210156339,-0.08615358547807844,-0.2748571040493433,0.05349890733903837
31,2020-03-20,2.0684479451506768,0.3037181444632013,1.2725418286609629,0.4512581099052166,0.6402776615823773,0.8597448562276915,0.14339086405199256,0.5913682364568814,0.50749462175512,1.2634477342806132,1.9818362483864276,0.4686245913676369,0.3943798058075541,0.15975506214661042,-1.4163153647787448,-1.0535554196006194,1.3774682992249354,1.5048631906445933,2.395137508600925,0.3564200888821176,-0.25703088002806257,0.44176771635983053,0.6128126454760111,-0.0037278701140143044
32,2020-03-23,2.073233502383622,0.23588854996380126,1.1617108640248854,0.5830869091172902,0.662825548918742,0.4599875899544031,-0.0338097704911485,0.9365627469760942,0.8362670735028306,1.1452800567946648,2.0670989582713934,0.5548150209561385,0.5664973939858617,-0.21411964593979493,-0.8749251479954087,-1.183156081304445,1.382298142486576,1.0729173805453958,1.593385214266113,0.8523078155050002,-0.23407098968730386,0.712132315508206,0.9152259038647057,0.023986389827481393
33,2020-03-24,1.4499764730349483,0.8565793403221587,1.2725418286609629,0.7279979559451155,0.7340318245751394,0.5503241114475864,0.48936642361341537,1.386172918180908,1.253939964758882,1.2921655871942017,1.894410919624156,0.6126648686121505,0.46945595662963685,-0.4850023830874129,-0.665793737841337,-1.2426607559703882,1.671561536983787,1.3089704179895825,1.6519607243545011,0.6902329301054622,-0.18243066130266708,1.053388896804357,1.269381348106205,-0.0100779597813496
34,2020-03-25,1.5418845258530973,1.0563230208604264,0.5523709161341662,0.9028055472974037,0.8161502851286219,0.4816175284195488,-0.16852152029620282,1.2097168070330193,1.3099435699980029,1.0719914478206316,1.857691500516718,0.7035300333647765,0.40248958190947304,-0.7404563265767508,-0.40941431913040355,-1.2276700749795502,1.3477693357061817,0.7046936782420329,0.7879719505507765,0.9853599822237157,-0.1288837628753388,1.1284131800234196,1.1312493484661423,-0.020465830592291002
35,2020-03-26,0.43692154546850187,0.5002209687352558,-0.8013927512679696,1.0274009404145747,0.8741863626115306,0.23155839549321716,-0.4975479040005193,0.827336414175552,0.8085664849720516,0.1862856099202071,1.48598831114273,0.7832927021026095,0.1727567063110481,-0.5898170876808269,-0.8516741860907823,-1.2343296388374536,0.8665883392746291,0.006331955538903819,-0.14191427210238447,0.9321865359256393,-0.08837169953984349,0.9518012260875074,0.6223935407905451,0.021386217219619606
36,2020-03-27,0.7312491615106224,0.9434288919175343,-0.02088066492895762,1.1170423154230837,0.9344895646209598,0.2687526445891295,-0.25509195463325723,1.2270977339810858,0.9007565903196849,0.34258629002768215,1.4295234525803635,0.9393119882051895,0.29604179129489105,-0.8184303445477723,-0.41033621154229755,-1.1931790659518549,0.45317756516488156,-0.2654443357899909,0.25713139037475946,1.7393376420254607,-0.06306672241344653,0.9885280183292658,0.553032645678099,-0.01482881667346053
37,2020-03-30,0.20736058347437084,0.5313727619910562,-1.2029824357207617,1.151077758751989,0.972712753738895,0.06379866193018402,-0.5435681284774282,0.94900290281202,0.6256350947659639,-0.6042450214750427,1.2322062395599256,1.093286077673463,0.05558262972614975,-0.919910473289952,-0.5288553275020899,-1.1466543398459175,-0.1547560825110161,-0.7875105758106512,-0.26272626165968493,1.6700887021073398,-0.04135604527500821,0.8426064833715675,0.2084043368700701,-0.025533302005164876
38,2020-03-31,0.20383004654887368,-0.12578441922952902,-1.2029824357207617,1.1238168098602472,0.9644872861309445,-0.14890292652602208,-0.46891344864286644,0.4797178752142144,0.35868416736533637,-1.094115061143285,1.1757828891906261,1.1426629678445026,-0.1782287426853894,-0.7426160360692429,-1.0915348632319515,-1.1755306402321881,-0.5921296432893728,-1.0031922425030617,-1.0315298315697787,0.5516593673785766,-0.03302215305383506,0.5052783999509315,-0.3703025167558608,0.0028694424279529607
39,2020-04-01,0.25392310457796546,-0.057154012803826156,-1.0346686171822346,1.0674322709280029,0.9287967913001876,0.04661954945451442,-0.563347563120582,0.5318606560584167,0.2643288914844187,-0.9294664305138639,1.0165353288223578,1.151428096277232,-0.3656291224946712,-0.9031523568781107,-1.1329419716068396,-1.245990588329386,-1.1117698095362325,-1.330626002457894,-0.6507890159952561,0.18635058830300943,-0.018734579844609765,0.3055349273894929,-0.6154660687105822,0.0066635182307706944
40,2020-04-02,-0.1838824896428873,0.10976127366085561,-0.5169427425575859,0.9651853241561765,0.8829946174439085,-0.08333095108802402,-0.2756563254567934,0.586246137153978,0.04445997547336223,-0.8311316894841234,0.7623497403558581,1.1847355843216,-0.5143068773507935,-0.8905953645613326,-1.4020717545805035,-1.3674740872929312,-1.0230764869276816,-0.7940539128610984,-0.22977753723496663,0.489572379836753,-0.00969026986045385,0.2295192256357126,-0.6157309102525003,-0.0028503582243564747
41,2020-04-03,-0.3087189793155386,-0.8680405531656867,-0.7386494477824291,0.8625763874601955,0.8282334084543507,-0.30369820038530104,-0.1613052885525142,0.3841227769998481,0.14208416110732108,-0.05753152125963474,0.5209651264768651,1.1271779076133477,-0.26100094199083207,-1.038516320193558,-0.7539897836432271,-1.4194440415948593,-0.6059412914295579,0.0064688933550713255,-0.2590652922791607,-0.2996165463928988,-0.00939297805731712,0.1521446344473082,-0.6180939597037455,0.04829164837655127
42,2020-04-07,1.2120677244503688,1.0834251761590388,1.2725418286609629,0.84821263552186,0.8211786589169995,-0.45736265398990883,-0.08675935443763684,1.375540245213224,1.1562374435442544,1.8335795640652615,0.8096503460790168,1.1368195488893504,0.46403809563199505,-1.2425397672604743,0.4068484770554959,-1.2783276995418476,0.34932155961676287,1.2077659579609938,1.4432854696646185,0.42734320707467643,-0.0015099773599802197,0.5144939961796363,0.07611617064104986,0.0063262750528773806
43,2020-04-08,0.8091745133276101,1.3406880468492275,1.2725418286609629,0.9145932967428432,0.8475288772020576,-0.7080600110329177,0.8616833147454783,1.5366661355696276,1.3377681885691102,1.356520062966114,0.7109507763782503,1.118997121076132,0.31816513469075197,-1.3753586441893355,0.5174905509201303,-1.0355988678447259,1.124284134556763,1.7750439506471598,1.4542683778061911,0.17629606089194041,-0.012828543660856078,0.76901971872253,0.46079515009085725,-0.004514680354526583
44,2020-04-09,0.6261824109234749,1.0420080794575912,0.9239402125887729,1.0630377319294664,0.8843974362441857,-0.5236998459372827,0.5912463471702647,0.7605284762189212,1.560943551154805,1.1808639630017543,0.7841361908298625,1.1000060094718884,0.7753926689870274,-1.5101495029438143,1.1090674454602827,-0.6826784105851048,1.4442713973698489,1.5166855586148764,0.923427817630174,0.25490297779862603,0.0024486357358031187,0.8518124521052325,0.49667815675562316,-0.03405759443171315
45,2020-04-10,0.8352003384911494,-1.0098316123220263,-1.2029824357207617,1.2148305211625634,0.8853647024672592,-0.657495083925967,-0.18759840458453791,-0.3852388423189893,0.5901773596836268,0.33507633331628833,1.1469745523169672,1.0737106241736978,0.3495904093491846,-0.7238522496804991,-0.48492518009286456,-0.5129565936269548,0.5170250893047429,-0.32078965112564395,-0.44943570006642203,0.06362493091071379,0.04689014353146983,0.5728328493856863,-0.04731548680510482,0.06961689646819978
46,2020-04-13,2.0142792403655805,1.3406880468492275,1.173036467339855,1.3429441110824445,0.9382592682117198,-0.22508787895452473,0.0758210288538493,1.4695159256251764,1.3918048511441952,1.1765426574291449,1.779571443803362,1.0927017357779465,0.45025342525152673,-1.0427028347218372,0.07093827211625148,-0.3771138957920906,0.39574438554871455,-0.24341100990307443,1.622672969310307,0.7542990494514017,0.11527599035991926,0.993543138107081,0.6251266259729605,0.0060949252674965615
47,2020-04-14,0.9044736563704286,1.3406880468492275,1.2725418286609629,1.4584022489902984,1.0225267250184185,0.10695295118715198,0.5806823255817704,1.6488139088789184,1.5982473058957591,1.4538572395133724,1.41081514007263,1.1108163345389193,0.211991874055847,-1.183448928335596,0.07093827211625148,-0.26964566263725115,0.7434166630518663,0.7156397772602466,1.2748808781605026,1.0644489739771223,0.225722062020572,1.262284843250963,0.9225079822721983,-0.02727841818367651
48,2020-04-15,0.3408681225439344,0.0820108855499059,-0.11503976499133445,1.5368474450543061,1.085848014963393,0.16405151374038754,-0.06730285194056825,0.854779983040924,1.140511620237417,0.7835640824605784,1.1918826327267924,1.1461690192175937,-0.019750149892841296,-1.2124113484333894,-0.1318423175981032,-0.21221984920920242,1.2551065566548865,1.3779821116802111,0.15462424772008027,1.0383325693873509,0.292374751608706,1.125337695105854,0.5181914186996899,-0.017094433359300183
49,2020-04-16,0.7521598281483515,-0.6319675744086384,-0.8351210522374194,1.5761449966728203,1.1099501836842989,-0.1447606219911692,-0.42013884813233554,0.36811402849505104,0.2672665731243677,-0.8267243370188389,1.1435241288844353,1.1555184895458397,-0.2504101726564366,-0.16692418101849432,-1.0867765090731936,-0.3111860305749691,0.6621482681855061,0.13556720368807046,-0.4238089144027522,0.7427852589057381,0.3318900045355176,0.8445905538802291,-0.03290296125969316,0.018876965025583427
50,2020-04-17,1.7471247155256258,-0.005849104205345078,-0.12317094863209181,1.583889089044154,1.1257330276493522,0.2085870228905942,0.011307780065870663,0.9060079782562775,0.8510210458734017,0.38627892947009396,1.3457335348444828,1.182106045791785,0.6350467105421672,-0.5033656316172145,-0.4876983849996846,-0.40271094401373375,0.26538337742380824,-0.41792553223660006,0.16560715586165303,0.9228932160248049,0.3966860283600825,0.8071949017252622,-0.0885433441828733,0.05542543987122477
51,2020-04-20,3.035979863383334,1.3406880468492275,1.2725418286609629,1.6032335074636888,1.1940772835886455,0.7126725916971639,1.1816706757414766,1.683218509215855,1.60261822286789,1.788849449074076,1.6469672672538453,1.284950219402472,1.125265499823319,-0.8101182750700371,0.2751103161385664,-0.3821804558561766,0.7054357887717155,0.6531128597648074,1.5860632755050645,1.8132174266028143,0.34938269685554296,1.260290851872033,0.6434121348434454,-0.0008428150519972754
52,2020-04-21,1.3932660352029498,1.3020926915336481,1.2202936269816336,1.6425735735591662,1.28403238901275,0.6314052669690035,0.028120320979321985,1.6078612964247818,1.461947741644177,1.243914309705552,1.5202705786792556,1.3319897419914482,0.8189592435887402,-1.0089997780555948,0.32526383479026666,-0.29952818253593594,1.3654336622318657,1.6127246095729024,1.326134449487842,1.0591443762176522,0.3279756622443009,1.473296526371343,0.848904028046738,0.011735256218420932
53,2020-04-22,1.8537634107402834,1.3406880468492275,1.2725418286609629,1.7524824292436614,1.3897596139695896,1.1355620556843216,0.11641929675551278,1.4856724471930955,1.5763338083931424,1.133894933278378,1.4442707258975942,1.386041367326612,0.984581892498519,-1.186882310949613,0.7036333416546153,-0.14193552177251717,1.681588351515418,1.6154726346997106,1.5055219491335308,1.1403534668899356,0.293038720458293,1.6510509464901673,0.9574933998030478,-0.014267971797704894
54,2020-04-23,0.5888930954249115,0.6715689545815332,0.32770526174810305,1.8629271946280825,1.476239956714995,0.6090156303621523,0.07884358090493707,1.1113565613496421,1.2154810565030207,0.7341078522838534,1.2566833817405545,1.4295748385425022,0.6559305221895784,-1.3007883946092835,0.6583491049179758,0.03504406568486841,1.3828423095280196,0.7595570303746644,0.6342112365687578,0.9942373180327715,0.2897238337794516,1.5532959269895636,0.6082224567982579,-0.023087814746063907
55,2020-04-24,0.3387827605179226,-0.3727809369846966,-1.2029824357207617,1.8986524136881149,1.514033775625115,0.13221896552583534,0.1432575338796552,0.47499712962338414,0.6243047377496289,-0.19491630821230765,1.1066135109665305,1.4935602761014206,0.3633564416907563,-0.6986240697651682,-0.504420428503157,0.05383469964996774,0.483576434582066,-0.5802806824532408,-0.4970283020132373,1.15867810024451,0.32196910075338153,1.213840377367473,-0.05381588473214253,0.0008646779613537528
56,2020-04-27,0.13091843747527593,-0.3450839812634634,-1.1572870720606323,1.879567849482934,1.5157230566999829,0.4777562368156314,-0.011365924025492954,0.47841430569311044,0.5223489335760056,-0.8320140786619336,0.8470914099838841,1.455285881945174,0.13502996319919222,-0.8746386196992426,-0.5044204285031575,-0.00961724542683054,-0.4810116197303613,-1.5023586598133025,-0.6398061078536833,0.15721626681845766,0.33935335924094734,0.9657693402044605,-0.43878122694413496,0.016288401264895527
57,2020-04-28,1.1183024951166531,0.18512423705774772,-0.29012579142367473,1.8109171542680131,1.5083844456406288,0.3950643914225161,-0.19483130827429798,0.8829553804093637,0.4596164147936176,-0.5765031935673774,0.9944786214143458,1.4345417446543807,-0.14470901965788166,-0.45373878018279734,-1.4213930243299502,-0.23100652458894164,-0.731770372749271,-1.0848506669255942,0.008185472499110015,0.30138479652636185,0.3693299205262463,0.926900289699469,-0.41557840513206123,0.0243607174661833
58,2020-04-29,0.9897579908992696,0.9280871541546858,0.739964923492359,1.764379309657986,1.5181259233713085,1.01721818225105,0.6670436080575173,1.4451590567344421,1.146006705024552,1.0245805320205383,1.0616734050510834,1.4839186348254203,0.650813100988546,-0.7180858948080955,-0.20815243798093608,-0.3546019777826343,0.03043679510444422,0.559051541599917,0.809937766833922,1.0547408502738438,0.4269115672272383,1.0956612898340612,-0.06832948956478864,-0.005826067249360691
59,2020-04-30,0.9013931519794204,0.4936057836526096,0.6434265167487797,1.7576379580283532,1.525227564038961,0.48709208252122377,-0.22679501555120896,1.1994322348744013,1.1289464816552466,1.040827182826391,1.090071739594358,1.5569613717648279,0.45872733116943976,-0.941708230450743,-0.0731108179526637,-0.40037059018471377,0.7655199638628853,1.4317229391676445,0.6049234815245638,1.224368444412986,0.5004649029006771,1.0963641787673069,-0.05657305550733593,0.019016695435310163
60,2020-05-06,0.9914440282820026,1.1836264745802145,1.2725418286609629,1.7857541769352547,1.5462527443174474,1.0724922530095407,0.4015504579096442,1.644572100357903,1.0993589456759127,0.9652070615567021,0.9226092201059896,1.629419766808724,0.19728882811972737,-1.107103851245808,-0.07311081795266287,-0.402695417497295,1.2826824766488247,1.564137999213094,1.1137982254174355,1.2264838878884703,0.5667812409499453,1.233904867130883,0.16945179038233038,0.0258704807853634
61,2020-05-07,1.3795368736578386,1.3406880468492275,1.2725418286609629,1.8671204113330715,1.59826872751188,1.640769913105928,1.9751246018698831,1.7227794634679299,1.576276984325875,1.5190289668746748,0.890069171567215,1.6478265365174563,0.9267957938684767,-1.2686683005480324,0.7931107555635005,-0.2682142476455781,1.4813182840288808,1.3283228977276202,1.58240230612454,0.7855543170456865,0.6325977486692905,1.5196366592439425,0.5848640996640921,0.003982482364317568
62,2020-05-08,0.79879207260236,1.3406880468492275,1.2725418286609629,1.940211153413775,1.6638512027111942,1.6483744866744237,2.1549188230208727,1.7615154983526982,1.4895310959850538,1.2934837193292568,0.6865346929267554,1.675290605606675,0.705121161502329,-1.3890217503242699,0.8456325963466392,-0.06797261556361477,1.8090673662059766,1.510924101089898,1.2053224599305417,0.8566556245971301,0.6428049590659329,1.6677768124537167,0.6993808904691491,0.011067306639681753
63,2020-05-11,1.5716817504253813,1.3406880468492275,1.2725418286609629,2.0169157266577615,1.739679742497492,2.2866290323879106,2.2769703097197573,1.5021958536073852,1.672670473406708,1.2635416449756878,0.6885308047326996,1.689899152994554,1.1318134090648346,-1.5158856575892792,1.318609689295073,0.2119669309518109,1.6749881962244355,1.0894096456310869,1.1321030723200565,0.8467928405496353,0.6508812902504909,1.7977782126246853,0.7622799530093468,-0.0214549350012596
64,2020-05-12,1.2681316366694397,0.006130383928161144,-1.2029824357207617,2.0721357643699467,1.7850548489301026,2.024298890796126,0.33434722508652565,0.8707887315457159,1.0644836573508252,0.4664709837316239,0.8042364051189516,1.7007094780615923,0.718827984893004,-0.8470134930081117,0.02026213218710475,0.33817006134342964,1.1411544638905273,0.21642272478684113,0.13265843143693473,0.7410875999533357,0.6987458522780917,1.5852311678311268,0.27033134117878266,-0.008874604433474842
65,2020-05-13,1.2679541590502046,-0.5051710718980871,-1.2029824357207617,2.066727985278001,1.7925168640327527,1.384452247401818,0.2468260550670117,0.6477335023788604,0.5984376842640937,-0.4275221372865915,0.5798322440630685,1.7436586073819582,0.45315522785334633,-0.7656273512259285,-0.3261062736209439,0.3298694255775594,0.16653219320600368,-0.9449411614175605,-0.36889437369488837,0.9508712952436144,0.8227652787856383,1.3021612915002907,-0.23486800566443353,-0.02544248849065431
66,2020-05-14,0.7772792497565119,-1.3977326786624662,-1.2029824357207617,1.9944433259854508,1.7422184821919449,0.9862847615739528,-0.23398504819959498,0.019123311090444794,0.1853181074718418,-1.3392488584105344,0.6285263369874925,1.7544689324489915,0.15291594488723287,-0.31170589695550305,-1.2071738010632016,0.1372094561158875,-0.8185392597195943,-1.7659431699039738,-1.192612484312846,0.5649166076429949,0.8540601547928679,0.8299488381452276,-0.9384477325602354,-0.0016638938946952695
67,2020-05-15,0.4406422369860366,-1.3977326786624662,-1.2029824357207617,1.847328186491074,1.6529248854049265,0.8834826129078374,-0.5141577479161283,-0.021432185121710023,-0.05672623320169454,-0.9947027665384621,0.5280154094686098,1.769953992680149,-0.07687226457821363,-0.2429120551494578,-1.4106907655154164,-0.16067408325387353,-1.3647877300147546,-1.7456968008232177,-1.0022420765255848,0.3073054222756393,0.8808400498820881,0.4946702373512038,-1.284539759493114,0.006639028534809085
68,2020-05-18,0.6822463231425459,-1.162773207599746,-0.9021101992471917,1.6773951114553696,1.547738139394364,0.8360791399474525,-0.5218625241091017,0.1407897997269131,0.14469686255560893,-0.4435443019518534,0.38421293955400027,1.7468724878072952,-0.05342256902660589,-0.47757216976273253,-1.2693165350984694,-0.4692467799130555,-1.2989242780939998,-0.9998192993369308,-0.5263160570574313,0.05749923609748739,0.9490006193395999,0.33637213583215847,-1.2812461861681106,-0.021739986636405875
69,2020-05-19,0.7234147923186752,-1.3977326786624662,-1.2029824357207617,1.478368555481858,1.4114730017032606,0.44551297439528065,-0.7245733434725874,-0.3864316510311114,-0.3709795876669642,-0.9107990904189207,0.5607821125573498,1.7036311875391619,-0.3105360043219854,0.15634056657997217,-0.6857144752473465,-0.68097409200379,-1.2251268375970465,-0.6871000812802175,-0.8704471788267116,-0.1630828572035402,1.0512734995122925,0.021763845194840464,-1.5260565963059303,-0.032648947990046875
70,2020-05-20,1.354506190859296,-1.3977326786624662,-1.2029824357207617,1.2338372301046248,1.2271687470217556,0.37074333134985776,-0.7254022557520707,-1.1569860790620727,-1.3602825668396228,-1.7070228653777026,0.6893587052161047,1.5777055090556236,-0.5268920093338182,1.0991490387363099,0.3185670889694612,-0.6933141982177092,-1.2486800320469011,-0.7811250900074675,-1.536743606082126,-0.8554938372884872,1.0858876397102433,-0.4688656125517309,-2.0005534581755504,0.0017452011410308043
71,2020-05-21,-0.00019315373461446507,-1.355423423287363,-1.0446275182596327,0.9779693041893036,1.0240475911036944,0.6869633042455857,-0.614324923968358,-1.2283337112871595,-1.3518788965655433,-0.9416900081369287,0.6020387954296674,1.3942221538638275,-0.6833060352788098,0.6807056547345389,0.3185670889694602,-0.6029187825586672,-1.3761027893343196,-0.991201952234781,-1.046173709091876,-1.1667650086864716,1.0472109605035456,-0.7263923208484849,-2.01113999054498,-0.037304503177517455
72,2020-05-22,0.4462391204783418,-1.3977326786624662,-1.2029824357207617,0.6813175529485985,0.7825975290508668,0.2455161725036603,-0.6051895068276739,-1.3647565734756042,-1.6020097269356277,-1.0857858091619081,0.7350427970006527,1.142955138792257,-0.8486613563599255,1.4226574956758116,1.0012888510726978,-0.37728071200601776,-1.436427560468739,-1.0166710622389357,-1.8662308503293092,-1.6823448633052605,0.9495101373668337,-1.1814282397279334,-2.332274180755171,-0.0036264772291733265
73,2020-05-25,0.1969971582083244,-1.3977326786624662,-1.2029824357207617,0.38309823734376924,0.5278501287471743,-0.038584329470863654,-0.5979402227727935,-1.2285320959646493,-1.3532802945442433,-1.0228802565203878,0.549834849826006,0.8770795763328101,-0.9563203190519092,1.4211660629397411,1.1889990251838944,-0.07625919085787955,-1.4137486433400985,-0.9035839715658736,-1.4891510041353107,-1.8607607011572227,0.8542316579130587,-1.4338093912949872,-2.2683709469107094,0.014427662346520738
74,2020-05-26,0.2708151708373011,-1.0961758675699975,0.4463957329513635,0.1455562282756004,0.29390483039244947,0.20738921554695483,-0.6289612884368562,-0.9714255539404162,-0.8932902341047857,-0.4928258490378226,0.3509535098351121,0.6602887330966433,-0.795920690991919,1.0231628697364397,0.7166264553004291,0.17623704885027822,-1.1284738135921428,-0.4649467590738072,-0.4970283020132373,-1.420404504203345,0.7973304773934325,-1.393651695736463,-1.7541476875813213,-0.01989215681859953
75,2020-05-27,-0.054704136785378665,-1.3693318348251018,0.12420586620196752,-0.052136633621980386,0.06729223055199388,0.2869345414829113,-0.6058829601229406,-1.3249470492237376,-0.7740232619814971,-0.48944314648751847,0.4454233494383193,0.42888934247259497,-0.6313647813218026,0.5554810045704056,0.1449899306975133,0.3078350925885333,-1.0368400027650655,-0.4595428572316354,-0.7459742198888868,-1.557298259806609,0.7306789860396371,-1.4804768674557993,-1.5437880277854725,0.016304709024943787
76,2020-05-28,-0.11750586004898002,-1.0329249842115749,1.2725418286609629,-0.18853601114612664,-0.12478694540116306,0.12868296800212634,-0.32907671909412417,-1.035702189446473,-0.56394311896764,-0.03570384899176204,0.4068905109208022,0.25475545760904483,-0.7788832698799532,0.19331280261733613,0.1449899306975133,0.36700768583290094,-0.5383241105563072,0.11955764126830999,0.019168380640682783,-1.0305197626167926,0.6906799498841225,-1.3223103958064368,-0.9876687491807363,-0.028247891869118042
77,2020-05-29,0.5474901022519357,-1.3977326786624662,0.10421777511636987,-0.2915906546783801,-0.3104212617001886,-0.35637539833119924,-0.586644246632505,-1.3681132211077065,-0.7427113327278435,-1.34945731112194,0.4394579679845723,0.044392375223549184,-0.9171385226004835,0.5891298910191118,0.695712068609597,0.45716321482726524,-0.8208462884382751,-0.5489039229551008,-0.6507890159952561,-1.368502800836152,0.6056318890848709,-1.4124801470940587,-0.9358994800269648,0.037192495332016275
78,2020-06-01,0.3806864941165973,-0.45504947287238495,1.2725418286609629,-0.3603515628322252,-0.4431923602551964,-0.021118447096892007,-0.290394907373069,-0.5080981396675787,-0.3810307128137244,0.8676245890720606,0.5162269159235947,-0.11571730414763597,-0.5931766040794764,0.17897783144591886,-0.2096019482218023,0.4361505537410304,0.1582499001988505,0.8104095157275274,0.6085844509050881,-0.9792774049379214,0.5678808200962229,-1.076518243969194,-0.2199006458995995,-0.008046534251213882
79,2020-06-02,0.08983236862236274,-0.3827289774675532,0.9347267357835748,-0.39996432363924983,-0.5416163903181407,-0.38223698015301755,-0.2762956265958073,-0.6857409269681292,-0.3208591073686957,0.610553463540769,0.2860309261017186,-0.23988995694463255,-0.7180984721255814,-0.08026731024491822,-0.2096019482218013,0.36013474760030517,0.44012314782581413,0.9331738240572048,0.23882654347213814,-0.8009376247810801,0.5260327121026998,-0.8951755971053883,0.10812996681429564,0.0035842332278151067
80,2020-06-03,0.1681950760010369,-0.26546736433783086,1.1390786511935922,-0.4134244517280164,-0.6072435301757526,-0.1252640918985571,-0.2903219610083239,-0.5283758877736578,-0.12170778580885265,1.1792041359453524,0.24134033555418263,-0.30825795871992095,-0.289960730044526,-0.3587207379214118,-1.2377305470156634,0.1264182205502244,1.188367805701073,1.5080365304148697,0.3669604717904871,-0.31709566220299,0.49427140810757797,-0.711930266723217,0.37356648094427797,-0.01896219343981418
81,2020-06-04,0.025604485918479754,-0.7662291092494892,0.10466080228491653,-0.4114379399422808,-0.6649010558368353,-0.09668979073230483,-0.30068410376269883,-0.9929206625674407,-0.39704823955521473,-0.31750100366503686,0.20558786311943358,-0.38772845650999443,-0.47689901468504786,-0.03722288660430682,-0.6024544665058005,-0.08474201038912325,0.5252527795601268,0.08937879111964928,-0.3396066186506943,-0.5957577641548513,0.46581842328608086,-0.7342916020332392,0.26043213326969333,-0.0100779597813496
82,2020-06-05,-0.2648249609868709,-0.8628147706294256,-0.36137097680343366,-0.43596729269120466,-0.7212331070733928,-0.28901063557121226,-0.5082179539380027,-1.2327608219847865,-0.8010882621599622,-0.9080629533570084,0.08823466617823357,-0.41986726076333736,-0.6259886229029634,0.21399697641844304,-0.1227058648290815,-0.20376874597433786,-0.19585175844815414,-1.0151419607301124,-0.5556038121016255,-0.22816561494708643,0.44506437313681996,-0.800457026704176,0.10058103314672764,-0.011111225425070722
83,2020-06-08,0.06296986325385824,-1.1467747739250997,-1.2029824357207617,-0.48702912164509293,-0.7811288672660451,-0.5727120988000065,-0.47455285249104867,-1.2868732763901922,-1.1861336206971262,-1.1486196983257912,0.045067090912599646,-0.4525904069121916,-0.768462279168576,0.23988862194143037,0.16141454137792988,-0.22853222943679,-0.9981985375440335,-1.617991254375869,-0.9107178420124784,-0.3302185242090323,0.44768526148100024,-0.8981371561021929,-0.07718888250502051,0.0027894020875785922
84,2020-06-09,-0.1751417168955613,-0.9003719908533788,-0.8368797272878971,-0.5699885602142423,-0.8338175947351363,-0.6697879239448671,-0.5423572072164033,-1.1378895590010105,-1.1599576687370081,-0.8121344786115761,-0.15429066171075972,-0.5083950579338972,-0.8699305208289868,0.02747644445439583,0.1943505671602434,-0.1988289788721081,-1.279965628495628,-1.3905389671599124,-0.5592647814821498,-0.487394146738593,0.4490808274469066,-0.891349862779494,-0.05402871484024525,0.0165749650942126
85,2020-06-10,0.3367354294103183,0.5573861261738052,1.2015718713669954,-0.6347222013453783,-0.8595087524936851,-0.39531245370826906,-0.18455957889355903,-0.21867937124447034,-0.41586752151516376,-0.022464127171345716,-0.13627442582375812,-0.5174523573143862,-0.32605193817741607,-0.2700326471575673,-1.083180890058847,-0.3125573798406719,-0.7928046502318551,-0.20973808638174868,0.14730230895903174,0.01127413481185669,0.47737286092976083,-0.7025001212553453,0.25271154216930863,-0.029659263908653106
86,2020-06-11,0.5254892159531912,-1.1930156414300315,-0.8455751232632819,-0.6898312441158523,-0.8925104572278589,-0.7015472987102426,-0.5482307327539877,-1.2462081707288126,-1.0113485787604068,-0.80591964790063,0.004926018583506883,-0.5834829915076137,-0.5394295573510578,0.011122903778281784,-0.45107640767674534,-0.40666334920042907,-0.7440485884203851,-0.22444854619276958,-0.6251622303315862,-0.6143014160550032,0.45939605684117746,-0.8093175227527312,0.030050858247850556,-0.0009411765400639644
87,2020-06-12,-0.29945211219690865,-1.244479355525648,-0.9007147591892402,-0.7454606775223067,-0.9254615979666908,-0.9600562996787613,-0.5289766518274011,-0.7021851572543286,-1.272278685544351,-1.4575207447475158,0.0037776639795358085,-0.6100705477535564,-0.7008858511635949,0.41579302738227647,0.16774132376834403,-0.4013133942326421,-0.45438641065472524,-0.022128876699790224,-0.46407957758851903,-0.2461253432342873,0.45603632154800294,-0.8437492201427673,-0.033488229871964495,-0.00851068966790862
88,2020-06-15,-0.29269528569317443,-1.3977326786624662,-1.2029824357207617,-0.7899885699266546,-0.9609938457828471,-1.1561417627562192,-0.5271998708240702,-1.0150418423195307,-0.9123319498182983,-0.7072041989836024,-0.04785600198188537,-0.7149599179985472,-0.4975258901388467,0.08440380087042014,-0.4552214420623113,-0.42796738124432804,-0.8585898908336765,-0.7643183204365279,-0.5848915671458195,-0.8567328316714403,0.47844688567674504,-0.8965024427693611,-0.11332320615641178,0.028091734867015085
89,2020-06-16,-0.09078280138130307,0.8488163547373265,1.2725418286609629,-0.824482566954783,-0.965020979583515,-1.287637922434117,-0.2472782519466915,0.027813774564480077,-0.34681414158342044,0.46453066916057817,0.0249457753749269,-0.770764569020258,-0.37619558989314206,-0.2514557460393828,-0.9844980879150563,-0.5387056637760822,-0.08989552920930888,0.4231690814322058,0.38892628807363266,-0.3762345407996215,0.5212961602915446,-0.6480353285997608,0.2996526297568904,0.004606180414897281
90,2020-06-17,-0.15664601357670896,1.195717787076244,1.2725418286609629,-0.8139741541706672,-0.9411709763465111,-1.1058463049772251,-0.24426828500476647,0.2016230440451502,-0.013292594767459165,0.8505218652108307,-0.14503022298971763,-0.8245240234076624,-0.4889514024391863,-0.46840582101262657,-1.0453449767720835,-0.6913437373822697,0.5653244101175715,1.239719480070891,0.4950944001088361,-0.36239254932847265,0.5340298541467497,-0.4271354977583074,0.5863931885776297,0.0027535584171828166
91,2020-06-18,-0.2312626754922434,1.3406880468492275,1.2725418286609629,-0.7402186955025822,-0.8952411915307767,-0.8905386171014772,-0.33670356520793554,0.3059086057335489,0.19126406235626633,1.2546201289438115,-0.2556535305413848,-0.8449759897506959,-0.38090034050750216,-0.6735122593745044,-1.4889732319904916,-0.9115141525953708,1.4857433868442698,2.000714891974538,0.623228328427185,-0.06488983107125923,0.5597560142209274,-0.24850324641586863,0.7488743700950744,-0.007359738832080269
92,2020-06-19,0.051750742323642816,0.8471952883490654,0.699244920168787,-0.6322386251576598,-0.8423968567776409,-0.8441888851870741,-0.25798552325116386,0.027813774564480077,0.1510030321355294,0.7897621883353523,-0.3568309221513333,-0.8435151350119086,-0.534366636066574,-0.8551816816382246,-1.4889732319904916,-1.148166749019093,1.469649863065539,1.3098204161322662,0.23516557409161387,-0.0271935772386847,0.5546999430871847,-0.19069813718116088,0.6875851263033623,-0.015821642275200724
93,2020-06-22,0.6758888212820904,-0.1540332171904969,-0.3134886804087459,-0.556802410808241,-0.8008973432874671,-0.8595657625411118,-0.399246994805305,-0.5631377416697907,-0.4363010230841676,-0.4493894331451694,-0.38705785316168345,-0.8423464512208807,-0.6841591408760094,-0.3617795352571058,-0.5626650691381304,-1.2515199791901406,0.6522373794061515,-0.2842098856654138,-0.36523340431436413,-0.09245258222573201,0.5362466721663255,-0.27999398925255115,0.4056870377029869,0.0009376465759634323
94,2020-06-23,-0.12936516810572185,-0.0701851896310663,-1.061623603126107,-0.5342954460126447,-0.764797134718442,-0.9399736634859134,-0.0912552232086142,-0.3384574664874673,-0.677151678395792,-1.0911438197050096,-0.499990616954564,-0.8458525025939668,-0.8002396872746855,-0.2888238362128558,-0.2485556626089536,-1.2369240833396389,-0.2022232959586603,-1.197422929168598,-0.40916503688065514,-0.1180230960358342,0.5272348104214195,-0.3112065557367967,0.2721167264138491,0.012110068816512167
95,2020-06-24,-0.17945822613481366,1.0217755120479095,0.6904651658136056,-0.5297315927840393,-0.7190890708079773,-0.7080224327125321,-0.1074087760096473,0.7510846056291974,0.23735973118477602,0.05556837425922304,-0.5523005912808353,-0.8712713750488842,-0.34877781436728117,-0.5184290493990094,-1.3380139860957245,-1.3072881230144768,-0.3331843457080701,-0.6836825256088909,0.04845613568487683,-0.17948356056206285,0.5231338894372405,-0.2105649470428216,0.3739908999041496,-0.01586594177631743
96,2020-06-29,-0.33612659451455074,-0.0584150605086509,-1.0478020727261161,-0.5694286881363928,-0.683215690862656,-0.5619675814358573,-0.4032803513414784,-0.18300004906368228,-0.5168127553027284,-0.6600464545509518,-0.518076097326486,-0.8473133573327568,-0.5326970573591372,-0.22077780252162532,-0.691012246427412,-1.3297688449703644,-0.42772735018222924,-0.40659034423959156,-0.39086018997803396,0.01127413481185669,0.5130650985022992,-0.273097340765781,0.19717927946439948,0.002818226383841791
97,2020-06-30,-0.4254041754761802,0.20489037658970563,-0.44416307322335075,-0.5992034702723553,-0.6499854321711259,-0.6126527167961876,-0.43112842282242353,-0.018161580588471827,-0.31672416517789015,-0.3445215530818049,-0.6555201945625558,-0.8163432368704469,-0.6549661717149227,-0.4250621048468869,-0.691012246427412,-1.3259841418079394,-0.33410310217787653,-0.1723972837882792,-0.14557524148290873,0.06372351998058153,0.5031926601078168,-0.27254118809382477,0.15560167035713143,0.03321338498706979
98,2020-07-01,0.797131389165232,1.3406880468492275,1.2725418286609629,-0.5331974354425508,-0.5840263485370838,-0.1942416113467561,0.15587391152254684,1.6544640554100194,1.1267724083846722,1.7684994523800572,-0.30904063186074004,-0.7392101066624316,0.46768278739143904,-0.7750688288188079,-0.29945576136906515,-1.2573725912269522,0.07076341109971146,0.4278938652302053,0.9746813889575136,0.659270598584428,0.5189385579130046,0.028407465709960403,0.5978729031108249,0.017094433359300255
99,2020-07-02,0.8061130243958056,1.3406880468492275,1.2725418286609629,-0.38539706611375407,-0.4818014815221011,0.2754647956840984,3.667900827847882,1.8639097683072454,2.1534324125597983,1.7326474065589315,-0.2854318930831378,-0.6892488745958755,0.7741093205253686,-0.986445116172504,0.25877375432376903,-1.0875300241842167,1.1505851646806404,1.816859833935122,1.296846694443648,0.4998815650678687,0.5121205230452671,0.36256622290994356,1.0042628086354866,0.01680711831638119
100,2020-07-03,1.0899757993894594,1.3406880468492275,1.2725418286609629,-0.11944887244862004,-0.3437609006354678,0.39286449618772085,4.490711605398664,1.5431845028154008,2.387877633835153,1.5812092446042327,-0.2158299197844353,-0.6182513342907667,1.6152718227714427,-1.1827419544409192,1.0487946399196828,-0.7755208071073943,1.8614359365655284,2.241603377766369,1.5128438878945794,0.6768221234510188,0.48535919198229377,0.7021087236043378,1.3378974139094055,0.03871451218069043
101,2020-07-06,1.8449909455609512,1.3406880468492275,1.2725418286609629,0.24765925673877465,-0.1484696351750806,1.0719745904347493,5.856809064173345,1.6429029863540663,2.5158808315812404,1.546799778987862,0.1568202980833768,-0.4803466469491646,2.6120040680487713,-1.4123817632835607,1.7189987138115679,-0.3278958563073815,1.8844397157290282,1.5176057996348877,2.391476539220401,1.211071848520245,0.3904722835363906,1.2366301655447245,1.9134645450825931,-0.01017820491575604
102,2020-07-07,1.7645492146426665,0.9955821434748673,0.7774711492727163,0.6002124849474026,0.058912361815345995,0.353124769535439,1.0540043342741685,1.1554883149550517,1.7639663089121598,1.0962793581551433,0.25208054327094986,-0.34507149813738036,2.2997519867579994,-1.5619041176347173,1.8304921477023361,0.167111245242163,1.6016990833063547,0.787982959979708,1.3737270514346576,1.168502259102409,0.3508323614998317,1.4124602437799778,1.8060955034162098,0.005102051883895331
103,2020-07-08,0.8904339089916563,1.0930193303083597,0.3715070489111962,0.8803714136345966,0.2661207858622011,0.9428575081261901,1.303596025506904,1.2917547822278923,1.2392731714949563,0.6956832706265524,0.15078630145288843,-0.17385932275140759,1.7902135770534298,-1.1810640126867264,1.1271297900651986,0.5529512063351141,1.443159524206559,0.6630302457023937,0.9417326645327952,1.4874094341922333,0.32725504241740666,1.5068354114136489,1.5912538951704591,0.027605266091888916
104,2020-07-09,1.7691446172835739,1.3406880468492275,1.0089586128506,1.0975257256775584,0.49025363059857147,1.140304223134785,1.4879700973401908,1.758655530521656,1.3346815679820234,1.071931515148978,0.4501132750728211,0.029491656887908137,2.4630757095723452,-1.4010615978431429,1.661683279036642,0.9222253084690731,1.4517597212798434,0.8625897936018407,1.3883709289567545,1.9036548335306593,0.28275944103980416,1.7624292815126734,1.674596249932916,-0.03356019649230167
105,2020-07-10,1.2764350538550793,0.35654625077031965,-1.2029824357207617,1.2304219031144106,0.6707287189479679,0.8893745412815153,0.23417137817296863,0.9226649337557473,0.9349861512653368,0.4648795774755829,0.5754661438463842,0.15921555769229986,1.7744001822206228,-1.5597296274509698,1.661683279036642,1.2529026170824051,0.7701714749053652,-0.0838618646440643,-0.1309313639608117,1.1975043960445053,0.27875149019051815,1.5240185849444559,0.9592411855606562,0.04422915284186928
106,2020-07-13,1.6475027247571534,1.0378750436501478,0.006621645650279307,1.3301665620905003,0.8605820988182026,1.0840629247769848,0.2918668541015804,1.714637589881888,1.0875121357955542,1.4960510182722597,0.980038332524566,0.3760064009284641,1.9101111056015143,-1.7239691731236382,1.9623067030228456,1.5766140062985048,0.9287110340051603,0.435960831132025,1.0625446540900958,2.1334759273725323,0.2655374181188272,1.7366843567440475,1.1010291890789787,0.013782139514596661
107,2020-07-14,2.119314298520721,1.2200346851573252,0.38005588596449774,1.4378176100709845,1.0564046752359768,1.8156921276383962,0.3202551088874964,1.32703806393247,1.3380845237226353,1.864307461834291,1.1769086277756373,0.6138335524031836,2.6072000830012034,-1.839918430276563,2.298883500069714,1.9148167250856085,0.6209565476730646,0.20138544554222515,1.2858637863020752,2.3103875214573995,0.25840099950614903,1.926500082049916,1.1782870561902619,0.0008048290172870418
108,2020-07-15,1.4379143334133664,1.2309086344065552,0.3989347389745793,1.5230522842323855,1.2398084665777835,2.4690918441918943,2.2849138165140874,1.342246375012028,1.095468764147138,1.0205094245611614,1.207617408285083,0.8087115745575243,1.9227189427178948,-1.5790294042888684,1.741402314302025,2.15914643132859,1.1815894018560227,1.0952613246174132,0.9490546032938437,1.7930064020385146,0.28174201821438355,1.9669925756814977,1.0037087136132188,-0.038545157000134014
109,2020-07-16,1.5328141518129061,0.2129866784540011,-1.2029824357207617,1.5929869321528374,1.355096543184398,2.0184487722239473,0.43121601308031643,0.6274557542727838,0.8378613857286298,0.3256704313014304,1.7393342554580917,0.9188600218621559,1.1373529085867649,-1.0861970850502332,0.6531383164426402,2.191847704262342,0.37827023688041955,-0.20209575939883928,-0.5519428427211012,0.9429408450457735,0.3147541831553765,1.5339472276805568,0.11441673406824486,0.024774181985579537
110,2020-07-17,1.538905437244509,0.5785185779017649,-0.2473177131352657,1.6389831346798427,1.4447787195357915,2.2529551199512468,0.4063122945627719,1.0687732903268776,0.9211601225978445,0.5294202079320572,1.8984540762445912,1.0430326746591498,0.6282738961420739,-1.3098594394645797,0.6531383164426405,2.1139057950641402,0.16170926026196034,-0.4202388166884889,0.27909720665790494,1.0617801098622794,0.3395040516514295,1.4457345003403836,-0.05113304640057136,0.08142210471964274
111,2020-07-20,3.381224540686709,1.3406880468492275,1.2725418286609629,1.686172786714302,1.6037348020648257,2.6694850972371653,2.454373567346399,1.8675180422983175,1.7034271827246683,2.018226295204627,2.4948635189317727,1.2323594488060954,1.6589565986590058,-1.5392646565202297,1.5876836216121755,2.1093542972809987,0.5579797927037186,0.5986937028375042,2.559881130724517,1.7152152365274382,0.2878272589095203,2.1579721980729567,1.0835721036418027,-0.02204574270329429
112,2020-07-21,2.355942672852248,0.42554971790870233,0.2970065705059937,1.7385540875757972,1.7603043704539814,2.146799582241864,0.34713843499439395,1.4469153395007548,1.5217035536823933,1.1977246325561939,2.312696303486482,1.4067855046174051,1.16728990270879,-1.6591722801209747,1.5876836216121755,2.14261843779396,1.2329990622659512,1.5228086818013697,1.322473480107318,1.5308307465543343,0.30617048193172436,2.2655973576321284,1.0342104414680628,0.006130287397394633
113,2020-07-22,1.1497920955580714,0.4538307756318696,0.42140087575613344,1.8033129567375568,1.9051746668962408,2.674013223629681,0.26051843372293937,1.5118775370532578,1.3315992238228918,0.8479315776949159,1.9641026020241117,1.585886295592834,0.8072020018045049,-1.7469904806223673,1.5876836216121748,2.1924608312732636,1.6352365722105704,1.6652838411145576,1.2163053680721145,1.5467198762016092,0.36018109312399754,2.297145391698814,0.8742879853088207,-0.0076687492393003745
114,2020-07-23,0.9657921738161371,0.08833027467017233,0.03191148158894125,1.860271920978042,2.0165896959733116,2.322528647313804,-0.18875255720370746,1.2542432266303147,0.9921172705226758,0.44881935584118726,1.9007663155295054,1.6972034266884934,0.43106698820117795,-1.1835592985192949,0.2790551221361725,2.073787953545606,1.3176216523065472,0.7386071182861024,0.6561770528519033,1.0108633454717404,0.4423659816382281,2.1382606511464446,0.4448873366668539,-0.06438456840075721
115,2020-07-24,1.0505884448920817,-1.3977326786624662,-1.2029824357207617,1.8349226933116034,2.019675356140638,1.7008967699502717,-0.14970895160279724,-0.2959792240860246,0.2217389632111161,-0.7788029405343393,2.2938533812534967,1.769077479836873,0.017208635816823963,-0.16900149632537495,-1.4537147598064757,1.6498802703361197,0.3799921463666773,-0.6865301614584124,-1.767384677055154,0.5578307398166606,0.5407660005151829,1.3069497288824414,-0.9631106690881566,0.008990661296192533
116,2020-07-27,0.19513998169275767,-1.2103669131531478,-0.9858198469178925,1.746515672397856,1.960735985914836,1.738211478483541,-0.2446503264258677,-0.0854551875689919,0.08143621134964721,-0.9708880088869938,2.1011732110673464,1.7673244541503286,-0.22666605991845343,-0.46207934073006046,-1.453714759806476,1.1048452523468846,-0.5080833961283485,-1.4710079430667633,-1.467185187852165,0.056744540566294126,0.6798290735106147,0.8369915075284708,-1.5174733240594531,-0.012280137946591087
117,2020-07-28,0.2928984574592619,-1.3977326786624662,-1.2029824357207617,1.5939839691337472,1.84854431763844,1.3754931949462463,-0.6056748134773408,-0.4797092923190703,-0.3665017070440444,-0.8738633913522911,1.8963140926418962,1.7226222991434108,-0.4308316612032844,-0.18825011034144273,-0.82935600703806,0.6249977049626222,-1.307306238627326,-1.8823251083505081,-1.364678045197486,-0.30266204018355086,0.833240803552945,0.39944079904810803,-1.909661061548997,0.019576481625097945
118,2020-07-29,0.0739227677552211,-0.9811547006386161,-0.49904909954680937,1.4082477648030012,1.7269329278953602,1.722377135261193,-0.35500907144200566,-0.010033450979238938,-0.27440698686205567,-0.5152197523344669,1.6436755789176116,1.7068450679644935,-0.5975754323296878,-0.45045075452379957,-0.8293560070380603,0.21758029951022412,-0.9291105108862928,-0.607622386403391,-0.36523340431436413,-0.04474079584902801,0.9515078351898361,0.31068501021527517,-1.6712549709145952,0.04501352088909654
119,2020-07-30,1.8971820425888573,-0.121946368238466,1.0695770962948694,1.2945535329193094,1.6517574627895284,2.4734264287235943,-0.2833615771783565,1.1389589505817168,0.7843554849675642,1.1236706414229432,1.910678353996103,1.8187465409556747,0.8355756115871096,-0.768545859937776,0.010147490209339284,-0.008703541208724455,-0.044453967799664304,0.8814405302264349,1.3737270514346576,1.1639546234969165,1.047079057886221,0.6989271982825378,-0.7254232606771731,0.09916374912031485
120,2020-07-31,4.83533670599785,1.270311097368259,1.2725418286609629,1.306780418086235,1.721079861383074,3.04620878888996,0.9382769498854169,1.822534650718086,2.250172664734825,1.994576607697893,2.9357202904833923,2.03349218755753,2.559249004669893,-1.134814267165957,1.3653311637109329,0.05495583173957106,1.0666045200351668,1.9930976760903822,4.610023983818099,2.328373318750229,0.9884230879962346,1.9783492024943066,1.4420153296359575,0.022814677766171264
121,2020-08-03,2.5169021965256326,1.3406880468492275,1.2725418286609629,1.4344494241655372,1.8934855336872831,3.357290446140425,5.025189211480075,1.7287472462408089,2.198582887379557,1.3914659910778078,2.5766305017438698,2.1354598483249485,2.8437322322542116,-1.2874781428893425,1.6311308628350416,0.2964679757531889,1.8506184486873094,2.309905473446129,4.247588015146198,1.4038053110414876,0.896225386065236,2.9294542906974366,2.6562274184399217,-0.011687998301414359
122,2020-08-04,1.734612543369555,1.0158561435202629,0.9386220446022778,1.6301290642515847,2.0929150404588497,2.7858143787254726,0.9570414435627199,1.518631426192477,1.6700863022519754,0.9277059760194347,2.213286197337459,2.247653492263884,2.3227355764152993,-1.4150882119681008,1.637342557768489,0.6098267833344472,1.9179397126066138,1.6073765751564995,2.6916760284233896,1.5632881283037596,0.8904338509327501,3.242915462051859,2.6181813163210608,0.01441837542427167
123,2020-08-05,1.044674637079714,1.1813001189067436,1.0156035910401506,1.811736084727431,2.303979210210536,2.938061202748879,2.272229847373973,1.6491635880271445,1.3338704117135793,0.7784749325763123,2.214221901902383,2.371533974113121,1.7336815404766053,-1.2506907103122633,1.1962443480967575,0.8759808796387837,1.8300709561475175,1.1167653774556205,2.051006386831645,1.692098625600867,0.8933811585927866,3.4592358270311387,2.433966660570906,0.002722942458455884
124,2020-08-06,1.5553918403741644,1.2134558953251098,0.8754873673692328,1.9191219133650776,2.5009912428689693,3.0165894724532807,2.5561476332225563,1.6106907496488867,1.1712554558403843,0.8306214074659498,1.8853230807568757,2.5193724736784855,1.4927092466183127,-1.3792747756728903,1.273034529345997,1.1064701096657314,1.6609718415486425,0.8749052252632367,1.1028153172758626,1.8551183404430827,0.8932848354796118,3.472218836532044,1.9647037856445941,0.018188443475727338
125,2020-08-07,2.131617300625551,1.3406880468492275,1.2533112269907514,1.9720679641452192,2.6881823979450155,3.153863620316525,2.601076238629725,1.7033134738821694,1.0676657732715489,1.4053524631886603,1.8631001896539896,2.8106669085928497,1.445637556833309,-1.5159418255382293,1.46467341317257,1.325268149931404,1.5450685344716664,0.8119556032767873,0.908783940108077,3.2124952295926175,0.9427864799422662,3.5445407079303246,1.6832292727125595,0.0020006675562971904
126,2020-08-10,2.0688726237395607,1.3406880468492275,1.2725418286609629,1.9992306632432946,2.847497654531475,3.2552418126154743,2.0708941569505637,1.4417251010253445,0.9878718071746908,1.430268146276548,2.1876480071382587,3.0946570698132696,1.5307957788859816,-1.6589608623708714,1.7333664755179772,1.555741767070949,1.1515930706970345,0.3495879001146769,0.6818038385155731,3.093198300267182,0.9649638069203174,3.458793919798799,1.207820664714904,-0.021549655459584663
127,2020-08-11,2.5035279902189913,0.6390348692689685,-1.2029824357207617,2.004563976293586,2.940600802097159,2.152013989562347,0.14288005404941587,1.1329059117384466,0.8220051041392131,0.715784193773348,2.4472862611256727,3.3541048714220505,0.9911724165505583,-1.7763693377918526,1.7333664755179778,1.7733581383592416,0.5339042048510444,-0.3500132159130407,-0.13825330272186023,2.9362778410602535,1.0118878284081791,3.0030975590126316,0.24184883755158293,-0.006145461471495132
128,2020-08-12,2.044139849801877,0.4473043861767949,-1.2029824357207617,1.9752943586310752,2.968741281383305,2.1013710985251817,0.09927477702767269,1.046050514751507,0.5532438242200731,-0.886180809580528,2.6803543554538702,3.579953014038701,0.5401995659876833,-0.731847350371886,-0.2892889132475719,1.6994032580623828,-0.056884096727268754,-0.7973236058510924,-0.4201479450222279,2.5083817367745205,1.0761350145667647,2.526641659425504,-0.5637918027581456,-0.014488007815014274
129,2020-08-13,0.3902195776640797,0.0019274473456349294,-1.2029824357207617,1.9135808506771388,2.9277236655886094,1.6741076899056024,-0.21574225651027099,0.8433879217819813,0.468439257860434,-0.9648548038759708,2.2455502980289364,3.6953605384029684,0.2828884024080193,-0.911809578079616,-0.2892889132475717,1.482724668205497,-0.6107670910973837,-1.1064177766553955,-0.8265155462604205,1.5597257902332229,1.2138008686088984,1.9632049905670537,-1.3459983447681114,0.011057472718224997
130,2020-08-14,0.3937374376167744,0.19432370321483902,-0.7383924898868706,1.8256310126707689,2.8503393210455603,1.5620585498072872,-0.2922977117110407,0.9977975164254301,0.42249686093790123,-0.600603483356379,2.201996945748169,3.6334202974783536,-0.0021210101935807205,-0.7126363205301922,-0.8991562685232792,1.1303361315383522,-0.665953300191233,-0.7035910571710265,-0.36157243493383984,0.25472364114570833,1.3298884488851064,1.6660427852632218,-1.5502404737087752,0.03045920748470844
131,2020-08-17,0.9911841503395513,0.585319463627075,0.2556908255880088,1.748592866094992,2.7816558092625985,2.151380416275885,-0.3674546419813135,1.4280212495007387,0.7368183299058914,0.6422363720074706,2.1037605360778895,3.5697270308671842,0.3435710843966139,-0.9300552249597924,-0.20082480086863705,0.8297424864160861,-0.27731802488242246,0.13011088095357234,0.7477012873650097,0.36345221765871943,1.348095274310857,1.773371973615283,-1.0733081546475192,-0.0006668889877037677
132,2020-08-18,0.4077835234819481,0.1784037760987137,1.1953759743616634,1.7027768530463958,2.7109856806927626,1.6391442366977305,-0.6183390786820961,1.3427984919159075,0.9882130278775922,1.0293518491388536,1.8603477159429456,3.526485730599056,0.3400637321880536,-1.099746714152279,0.057927730147788584,0.6143011873926302,0.4856343840132939,1.1194331167036093,0.7330574098429127,0.5216762948406957,1.399249402050666,1.754844720799404,-0.8909980695706955,-0.004010700563407362
133,2020-08-19,0.8377103791060451,-0.3389135127718535,0.6720902422556042,1.6855667820890665,2.6286634199848105,1.0961095812370274,-0.577129355832311,0.936562746976092,1.0000679188208523,0.9843887013115228,1.602223731989327,3.442048326697099,0.17619492993616526,-1.2438734187261706,0.1405355472163023,0.4708067079833551,0.9601227246857774,1.3349701951622588,0.48411149196726333,0.25807584293708213,1.4563797754358176,1.6213243930058572,-0.9271886293699384,-0.010774515007810579
134,2020-08-20,0.7670552711912929,-1.1423751585620818,-0.6937577037366945,1.6655723678388,2.522545537958806,0.6848368449598399,-0.5323159728869722,0.12756518139686213,0.005878979268195525,-0.08754538373227355,1.4591182726720957,3.333945076026771,-0.061317672777466935,-0.4101007439722434,-1.3606644554543053,0.17738498605803668,0.8023721333899745,0.5773549436766019,0.015507411260158525,0.0680735029789373,1.5356149816390203,1.3446910217772903,-1.1826947376009649,-0.01707108714663842
135,2020-08-21,0.4236804473762872,-1.3977326786624662,-1.2029824357207617,1.6060378476649801,2.380881572092,0.8015703271859446,-0.5336967733704574,-0.4895836740055082,-0.3833671725501013,-0.602537712802192,1.4587426153405023,3.162440729693039,-0.28995624866324526,-0.4045759417539696,-1.291000818774266,-0.15937300521571982,-0.026349322096466433,-0.7846763648405478,-0.6581109547563047,-0.41633890995825706,1.737414953180423,0.9221877809882705,-1.6180174503780267,0.006179216365958118
136,2020-08-24,0.0643389763165286,-1.186676724416861,-0.7620489521882207,1.5137159696594928,2.2259576523439946,0.6898758663379596,-0.5595341895611389,-0.26741008606065514,-0.28020086261130417,-0.6074020560185072,1.2302246692308443,2.9877225029339747,-0.4581175272445907,-0.6212363948664973,-1.2910008187742656,-0.4907508897265357,-0.5894550469739833,-1.2014221975569823,-0.4604186082079948,-0.3598201160154929,1.9555089417249119,0.7003275864991808,-1.6486496692515293,-0.004115232145106544
137,2020-08-25,0.07958303611153882,-1.3977326786624662,-1.0602026053020175,1.3945874835633645,2.0609677518589935,0.23595320951354098,-0.7423517154480378,-0.41552581135722105,-0.3089009005261,-0.4331522739671306,1.0854465490505165,2.852447354122193,-0.5299042883980211,-0.8225336281489246,-1.4477948784854349,-0.8130492513995096,-1.045940372945099,-1.2885780776985005,-0.4238089144027522,-0.12143816244624206,2.258377652631168,0.49026612403721875,-1.6544775805821734,-0.025758472513520102
138,2020-08-26,0.6497996112545386,-1.3977326786624662,-1.2029824357207617,1.2339565531549748,1.8658580415857533,0.3904556900040255,-0.7446616158274885,-1.3056409374800106,-1.14930012950951,-1.5279418484509437,1.1978414731506384,2.6844490591615444,-0.7067489800609793,-0.03960039080480987,-0.19381177484050563,-0.9387204535378427,-1.1197921474838373,-0.9663614974402135,-1.0168859540476818,-0.38931702547337993,2.58056705758951,0.05017887890903675,-2.0232799055314383,0.001409443503233604
139,2020-08-27,-0.10740865121178614,-1.3576032082480498,-1.0693858732462276,1.0550078956501159,1.6609056001367133,0.2935835683150984,-0.631664209732139,-1.256624222633665,-1.0014539218865526,-0.9434183834104809,1.1609699567394118,2.5582312097302515,-0.846341090153815,-0.33141441237278185,-0.19381177484050596,-0.9538128026778219,-1.2931437266351147,-0.9987027277790028,-0.6690938628978773,-0.1725903012434806,2.8588950716791834,-0.1996154807265286,-2.017080531847373,0.018144252123403776
140,2020-08-28,0.1357990720042397,-0.6670098495782949,1.1915442531256137,0.8642390841705481,1.4772760849652322,0.6151192754653378,-0.3967052274255762,-0.5317555124580029,-0.8286040982778584,-0.49700215554687444,1.0934365069030316,2.4404863177839182,-0.9656587672342075,-0.402216395715465,0.0066625457760383176,-0.8847673259218881,-0.8813025054552238,-0.28381213600354077,0.12167552329536196,-0.07486181423327475,2.8747831437782536,-0.13266386149825518,-1.51069950483014,-0.004158010148663677
141,2020-08-31,0.44910411633170755,-0.8665430148398549,0.7682234673737885,0.6944582221571028,1.3088961349211827,0.6849727998028095,-0.3990404658054129,-0.5401500640933151,-0.22093911778077205,0.3751538063637091,0.8999435457734711,2.250867372689213,-0.5267999573320542,-0.6176859736117177,-1.1667066724858361,-0.9334641834124543,-0.4483322867583297,0.25676729523358205,0.019168380640682783,-0.5457383356799942,2.8600269718653144,-0.1315537245487421,-1.2098243778537734,-0.010471299867295478
142,2020-09-01,0.11407074062074905,-1.3648391047079103,-0.20436239495601077,0.544771767951802,1.1451721876665317,0.43103288937731604,-0.6046058412054085,-0.9522462352813513,-0.8853070644414225,-0.664930035831014,0.7958641591463511,2.0428416578857784,-0.6762950962901195,0.06424550161005446,-0.1582600472849546,-0.9050156577090661,-0.2136257979386097,0.24688682193839806,-0.21147269033234534,-0.6761662056884284,2.8389309726923915,-0.24181937110603183,-1.1454365873438157,-0.01984473344578901
143,2020-09-02,0.242526506028515,-1.3977326786624662,-1.2029824357207617,0.38717618478152943,0.9705930712958023,0.4362438476451616,-0.6104779112141967,-1.2842613065363913,-1.1976784045365239,-1.669176021641758,0.7506368865520516,1.805891019254335,-0.8142342811907942,0.2888626926317461,0.2878490445470009,-0.7805866383472277,-0.7322883358620353,-0.804291741099434,-0.6837377404199744,-0.8841243442105438,2.7707218745168642,-0.517878197758161,-1.3563835769815074,-0.017328953488990727
144,2020-09-03,0.1925919101594545,-1.3977326786624662,-1.2029824357207617,0.20583476285856678,0.7802064511159128,0.20786602956427133,-0.5931398561405582,-1.239656898263773,-1.3118090710899015,-1.312663497598335,0.9299937431518662,1.5645578164065268,-0.9583473128616848,0.6648948577002692,0.8237265904333875,-0.546541705666145,-1.1420548181313475,-1.2912412911231768,-1.1120711579413123,-0.9692488328786062,2.6727680057966454,-0.8502149358675726,-1.6142313489702502,0.013024786155471783
145,2020-09-04,-0.225887639023982,-1.0148154944941683,-0.050988949859047,-0.015439560303852119,0.6033748224923986,0.04334686040264524,-0.6048074127694103,-0.7661785701085694,-1.132012259085,-0.8541018422276789,0.8579405537564669,1.3845805125878299,-1.0628733788757903,0.4909372490274241,0.9433531105339125,-0.2598701351695692,-1.1141391750648268,-0.8568265756712962,-0.5263160570574313,-0.5737424061661552,2.6256413389660542,-0.8681383969413826,-1.3227807985996698,-0.03362889988750344
146,2020-09-07,-0.03851564251658195,-1.3977326786624662,-1.1195688487659492,-0.22963121230771807,0.4107485515574618,-0.492795637760341,-0.7473835616961941,-1.483293409396094,-1.235484791145688,-0.8803140394091229,1.0285154224845305,1.1327291556207428,-1.1730181269491926,0.0779278315709935,0.9433531105339121,0.030249999886210233,-1.2442520781132904,-0.8879616346551733,-1.2987805963480494,-1.0943632125025657,2.5192561811928416,-1.2039208735610623,-1.5928038678698528,0.00519096456696987
147,2020-09-08,0.04094996149591,-1.2385560926359442,-0.42109260952977634,-0.4211259352373582,0.22490864267788277,-0.6770361461242996,-0.5942507426585194,-0.8804930195921419,-1.2783996536839044,-1.1733469814584037,0.8987216605151986,0.8987002264668741,-1.2494160882853562,0.4270785722244591,1.3500913598633635,0.3521873227818255,-1.0077613588230772,-0.49428132229513516,-0.734991311747314,-0.9745039487046522,2.4335655798490783,-1.2958082458577016,-1.422726637597698,-0.0269881447176468
148,2020-09-09,0.05030556742415744,-1.3977326786624662,-1.2029824357207617,-0.5853264051411982,0.02830802190659768,-0.5784510080851613,-0.5913662344004269,-1.4442921505425708,-1.241096333445507,-1.1755481001143386,0.8329228876471297,0.6871684602903428,-1.3197879767440093,0.310583953207242,1.4746703086396937,0.6805375153877743,-1.396861144761184,-1.1158566583891452,-1.2255612087375642,-0.9904055547186246,2.3036300803997487,-1.5780147508466262,-1.5879476373882349,-0.006862398261040529
149,2020-09-10,-0.09630362303679325,-1.3977326786624662,-1.2029824357207617,-0.729135415901486,-0.16876210409323664,-0.8095460857763593,-0.5747363940505986,-1.3748640108401429,-1.0740033297306233,-0.8968960439140466,0.8309988516292062,0.467748078524366,-1.3847222516857989,0.33479347261760206,1.6678447215205032,1.0108789852965183,-1.317478337851421,-0.9336257078779624,-1.07546146413607,-1.0968668716243966,2.1810681467505804,-1.7482465701229217,-1.5428640400513656,0.018947137476112392
150,2020-09-11,-0.3548061139390393,-0.7872178868424976,1.2333338753721015,-0.8395219470985826,-0.3347283674494051,-0.954904067555589,-0.34412379304141333,-0.9218504893213813,-0.8065147510414888,-0.48507549727267263,0.6773146759852782,0.24511381633304455,-1.434396281798812,0.031662528757977676,1.6678447215205032,1.3152697624080159,-1.2847913741253014,-0.7540735269666311,-0.21147269033234534,-1.0865720207218772,2.1087936721124914,-1.573084080967765,-0.9600241848528595,0.005988041844622693
151,2020-09-14,-0.3321840559729722,-0.5037117075229705,1.2725418286609629,-0.9023164211123262,-0.4641825584462459,-1.1423889258088544,-0.36151350266012566,-0.709460894116306,-0.5334232613367745,0.24161572034923248,0.592403572177533,0.05374184555179251,-1.056370703262672,-0.2504973209477163,0.38127805859099745,1.4115823248989894,-0.38293710354601257,0.5347846727300987,0.23882654347213814,-0.955761404236497,2.0734338086433914,-1.331983531712306,-0.3893697195100436,0.004467617259716052
152,2020-09-15,-0.3279245931113311,-0.3420183748449286,1.2725418286609629,-0.9158242240635684,-0.5570604233351455,-1.3247750525392554,0.0691685761280057,-0.590623858703942,-0.37688333486395387,0.9068357120710135,0.46108096128567383,-0.11221125277454472,-1.0906023588583782,-0.4865250558913551,0.23848765602155814,1.3750038548656072,0.6662926314763795,1.6938191944088143,0.39990919621520543,-0.7607256049926397,2.057801245748361,-1.077524287066763,0.08830120080488278,0.008139149630195998
153,2020-09-16,-0.14782284050616668,-0.04250210928551377,1.2725418286609629,-0.8747496682725389,-0.611534882993007,-1.0978632794252727,0.023055944994336757,-0.37275596044794324,-0.07406009828528241,1.5319755389767495,0.25459290801912654,-0.22265187102693068,-0.81823174277529,-0.6759541872354216,-0.661873347228065,1.154648085297473,1.3821608761096036,1.9285481868513903,0.678142869135049,-0.3874463165065766,2.0612834679903047,-0.7864357474995973,0.5284235730469222,-0.004431321874670287
154,2020-09-17,-0.28819496034828573,-0.11259600647953784,0.9910203278604934,-0.808110908477518,-0.6410800928202912,-0.9756534407387814,0.1715661792588019,-0.49159299586030736,-0.13353200441216773,0.845717310816013,0.14011744768241963,-0.2954024370185838,-0.9265662666357323,-0.5023728172083028,-0.19752520879816532,0.919869411863111,1.441527592976951,1.2692576130568782,0.3523165942683901,-0.2118554054434383,2.060327344127109,-0.6211210153561836,0.681416513183909,0.033482021296762955
155,2020-09-18,0.1372949547949351,1.3406880468492275,1.2725418286609629,-0.6886931470183237,-0.6170473077608234,-0.7431338578591747,2.212338393421611,0.809104672621637,0.658349969142399,1.7076540241224911,0.36550571864136533,-0.3523757718313198,-0.08561889759981972,-0.7780837942463412,-0.9151205126882488,0.6020842032570068,1.623403504109314,1.210551843616237,1.1870176130279204,0.07134018123441585,2.071892891574194,-0.12579005034396626,1.3262397351611992,-0.02317265163790173
156,2020-09-21,0.05130070978915395,0.4552464073487996,-0.19899978279563252,-0.5380743070216818,-0.5827586414884052,-0.9809991910805906,0.23210984379533858,0.24185920564146107,0.7292413599643526,1.0770101775964955,0.44438637085546245,-0.3640626097416266,-0.1561915628699471,-0.9930611808424145,-0.6822338113263533,0.2986609282276194,1.1616118417697219,0.4241717457795928,0.17292909462270153,0.2183419677084566,2.0847757806964275,-0.07272144076226036,1.1419793503390134,-0.02072613051711697
157,2020-09-22,-0.2884104688859283,-0.21944157926395,-1.2029824357207617,-0.42923977845751676,-0.5625858927592865,-1.2340174847814318,-0.23450955020406603,-0.41510019145694893,-0.022211766709888003,-0.508503744359158,0.3933821825045483,-0.41373167086042834,-0.3569684994875457,-0.28386799966383336,-1.05022783302284,-0.02128742731106284,0.20020219642244985,-0.8818735846326295,-0.5702476896237225,-0.1432226672846263,2.083658984405596,-0.2574946370158239,0.6180579699282239,-0.00826140635613533
158,2020-09-23,-0.4519434180382209,-0.4685983330880604,-1.2029824357207617,-0.36751936132216034,-0.5580784463576184,-1.193787397703708,-0.47423528754715333,-0.6500423764101246,-0.4626951650471367,-1.115721522172562,0.3018638495472881,-0.42337331213642604,-0.5256780183275297,0.005920585284579982,-0.4794776452434721,-0.24813736066916814,-1.0134114671604557,-2.077605723876359,-0.7789229443136052,0.11708957373508067,2.056569163632359,-0.4427791848951515,0.19811137556441835,-0.030630265948243123
159,2020-09-24,0.03319165414077798,-1.2863987356963433,-1.2029824357207617,-0.41993604856545214,-0.5908249234705005,-1.1530709641243333,-0.6757412280436536,-1.3900139712319208,-1.3769980867306955,-1.4194015398840463,0.4315091122875972,-0.4803466469491646,-0.7087224235588643,0.8878215336692988,0.4898753603208868,-0.280892299992078,-1.648332956884204,-2.0975886956438567,-1.551387483604223,-0.21246844132297366,1.9893380772414446,-0.8507226190807207,-0.4903238048096098,0.014666414959229086
160,2020-09-25,-0.4630230922676088,-0.6970165599310073,-0.5898914159078347,-0.5458306823526841,-0.6277170144668608,-0.9625650377057117,-0.5464735995758732,-0.8594682994728947,-1.048357768528479,-0.7884751455323892,0.268971665528064,-0.5428712297693036,-0.8289186192183639,0.5368129070145731,0.48987536032088713,-0.21194530853597776,-1.434424278712181,-0.9980550129432276,-0.8301765156409446,-0.27099569820766306,1.9832740220858727,-0.9063720432021761,-0.48337646868037987,-0.012336316817606434
161,2020-09-28,-0.5248740425710224,-1.021881852472253,-0.6261027089072723,-0.6842592836518326,-0.674266870788866,-0.894187257618002,-0.7403559525697498,-1.3062436020068087,-1.0330153976314416,-0.6875028753184611,0.10090547141304089,-0.6053958125894348,-0.9324129772704722,0.33984855211514714,0.5647126594763021,-0.08684989554047609,-1.4357082105724692,-0.8217212738825613,-0.7862448830746537,-0.5187190740516596,1.9705485830922533,-1.0248330468835256,-0.5772518374660219,-0.003886518689280936
162,2020-09-29,-0.5638747493979238,-1.1235846330023571,-0.44215513775785253,-0.8095684496218396,-0.7249024249134115,-1.0790348418127385,-0.7274784885362293,-1.3654413295925512,-0.9547968474451723,-0.6345615812386538,-0.020868738309845276,-0.6910019002824224,-1.027866557802686,0.2308620950635706,0.6975482603538878,0.07423193364313332,-1.3825097753457696,-0.8329105341302402,-0.5556038121016255,-0.630159245026458,1.954124615822004,-1.0886211803129948,-0.5658027965124225,-0.0015588467692910788
163,2020-09-30,-0.510656817573015,-1.2725466201566942,-0.33008578807526995,-0.8902714277809727,-0.7735641092301445,-1.040414157650254,-0.7217926249614547,-1.3420205305300317,-0.8507141469054834,-0.7193557138801084,-0.09293061494989013,-0.7926773901020789,-1.1169674718218958,0.051537123032536186,0.7818942110730815,0.251668996334106,-1.4775417810703895,-0.9957002063743976,-0.3579114655533156,-0.7583635823379016,1.9230199534005394,-1.092717169351629,-0.4621485164514273,0.01471184103188982
164,2020-10-09,-0.3279943164617449,-0.5729872647865906,1.2725418286609629,-0.926345786497507,-0.8006699277141164,-0.7936548823319933,-0.5482118514224168,-0.8363441871347149,-0.3943816685582406,1.099535831567197,-0.04915015170886614,-0.8663044689370004,-0.7640130648503012,-0.2564799198366827,-0.29052783290401246,0.281270296196037,-0.7045761866847722,0.1673351141907344,0.29740205356052624,-0.5040963967313074,1.906587004987006,-0.8936458496910573,-0.05760313291561352,0.031027839019121824
165,2020-10-12,-0.11569939142462331,0.7219958855059083,1.2725418286609629,-0.8825286969908264,-0.7787240943930896,-0.7947591349675424,-0.06467802146916667,0.254852132823603,0.2508984256746624,2.052458562651882,0.18873414799007238,-0.9828806770923005,0.15340692818299614,-0.5846089275669569,-0.8805949318153107,0.1550651210210708,0.4104876271978332,1.5325529499586017,1.1870176130279204,-0.5369664857509903,1.9277171086529088,-0.4056738178569773,0.7233745333145355,0.0022329745043123913
166,2020-10-13,-0.37942479512150074,0.8085561353823808,1.2725418286609629,-0.7577301695686085,-0.7226409482862699,-0.8633823578120446,-0.039940663207246895,0.33469576599128303,0.5425499297534937,1.405877522230765,0.03671545738264774,-1.0459896018079509,0.22996537785132304,-0.7759836973867587,-0.5400162639715701,0.004668853303445104,1.3809745892593326,2.1712519398663175,1.0771885316121927,-0.19275973716318145,1.9277171086529088,-0.06656767272345011,1.1124960253818157,-0.021797180150676904
167,2020-10-14,-0.3441384413257328,-0.015454691103177492,0.1096885130324581,-0.5999476448465373,-0.6682136804132852,-0.7909934156210296,-0.10892963865051788,-0.43712602129630523,0.13324489470809955,0.5138780667668672,0.15599667071022397,-1.106468987993786,-0.06043913682827538,0.005739885916225867,-1.1767323258849014,-0.229919769677676,1.1529195183664722,0.9504163549359695,0.13998037019798323,-0.20744803946504797,1.9215072843045318,-0.08667961107375993,0.8551366539959797,0.011333706509849212
168,2020-10-15,-0.3600290267336707,0.4502287549474479,0.631119143141625,-0.4291554454379855,-0.6039561577413223,-0.5351618291972395,0.4844386997045362,-0.0379078554578953,0.2654823172067285,0.48513937119422246,0.13731293125009084,-1.1263366124413003,-0.28136557461015044,-0.293201162851233,-1.1767323258849014,-0.4883135842845706,0.71584208711244,-0.011522920880282946,0.33767271674629307,0.06378285186425582,1.9272792222287514,0.026698004177475206,0.8605684487323376,-0.006028654280155999
169,2020-10-16,-0.41189686095511296,0.6094316465080193,-0.33334524160952206,-0.29374277902466484,-0.5412416186934847,-0.45009703926033096,0.40155501096800317,-0.2508242105717138,0.3269002601160796,0.10441367453376732,-0.017100261578469875,-1.080465773643352,-0.44465758420881296,-0.514155635728607,-1.1767323258849016,-0.7377595322020112,0.008255458348075997,-0.778389609816047,-0.07235585387242362,0.41192462875039954,1.9366417089869563,0.03296673992437873,0.6953562528079287,-0.007587289812159481
170,2020-10-19,-0.48326821783320656,0.2501308832542516,-1.2029824357207617,-0.20858053674770252,-0.4887146243529719,-0.3527734623562566,-0.17430659419840785,-0.1316373378721291,0.42436786344853733,-0.5631243730095993,0.07490785883393108,-1.0345949348453984,-0.275362540512168,-0.7728302385207527,-1.1893261543946427,-0.9639412887938001,-0.5619897920307252,-1.1387435394790495,-0.4018430981196066,0.0966400306726764,1.9286197800945108,-0.04167236107293495,0.4351061609094774,0.008342862194157188
171,2020-10-20,-0.5063973547113738,0.7244261255225181,-0.28573474878934224,-0.1591902006309194,-0.4350854416153253,-0.4004159759606327,-0.27127487395296895,0.4924356266396314,0.21975845017694487,-1.142586071876498,0.034405645041659945,-0.9428532572495016,-0.4640889919819641,-0.41883245081239096,-1.028866428701729,-1.1385887252421836,-0.6798841602436608,-0.7724596169041235,-0.017441313164559782,0.3893857808012814,1.9254530930525007,0.0049786321828711915,0.4189131481221653,-0.00606062461169107
172,2020-10-21,-0.5821612826655348,0.4127161103271715,-0.7513870619608956,-0.14431666044973518,-0.38833187478281533,-0.31623266615214995,-0.5380370307711511,0.1600783893887933,0.2978696293731854,-0.8316182113109829,-0.010674871561289217,-0.8581236823997901,-0.459701501516694,-0.6557133360044471,-1.3342636592993888,-1.3130373432549294,-0.6535941269139478,-0.44218036197372684,-0.10530457829714193,0.3583224030310791,1.919641248674339,-0.028127211430322194,0.27970048148024795,-0.028518310306419933
173,2020-10-22,0.21883324386063635,-1.0055474847399346,-1.2029824357207617,-0.22005922646437062,-0.3754575905819994,-0.7065612802650952,-0.5857722200848257,-1.2989303158046217,-0.7331550814369788,-1.9021878859153918,0.14344189869333868,-0.8075781084377148,-0.6632580692175292,0.3021802998378116,0.014338463033240474,-1.2949574392178345,-0.649183627901402,-0.3968644175546218,-0.9656323827203421,-0.021312398173236876,1.8870707828607514,-0.3384767381128804,-0.27055746885005644,-0.032581348334301125
174,2020-10-23,0.7197131162603443,-1.3977326786624662,-1.2029824357207617,-0.3957603652161844,-0.41401530040592616,-0.7800888501314096,-0.7551557302606428,-1.2887914417515782,-1.5860654097461127,-1.4948636618523954,0.3808440250192329,-0.8315361261538449,-0.8531531753021734,1.5312289229162221,1.0555101234058946,-1.042558007205209,-1.2170483478232168,-1.2512827744817678,-1.6941652894446688,-0.6630491864984166,1.798279434337687,-0.8345416946644318,-1.0047587677875849,-0.0032362487792084163
175,2020-10-26,-0.3648145839666157,-1.3977326786624662,-1.2029824357207617,-0.6229483574879405,-0.4827981853758649,-0.7514668982082666,-0.7557670057104268,-0.8380724043028458,-1.6958697287154316,-1.1774485128255403,0.355227051404699,-0.9121753077349539,-0.9810887574238668,2.0061177345564167,1.4452157301394124,-0.6397213056917861,-1.349730859784115,-1.2093433301426797,-1.404948708383253,-1.1093917894265937,1.7607237872641495,-1.1269683764756526,-1.269752289407969,0.01208230566024458
176,2020-10-27,-0.4166126948376442,-0.800042221671596,-0.33581144348146735,-0.8627613601443249,-0.5520632368906903,-0.7610101151553498,-0.6569713880657229,-0.5062547080215708,-1.0413977927628395,-0.5027177235093503,0.30937598137480316,-0.978790283823698,-0.47501212146836674,1.4458548089277194,0.42817609899596815,-0.3273936387046444,-0.9665687580687752,-0.3450238375105443,-0.6800767710394501,-0.9826514630918185,1.7307879195448506,-1.1324496164853188,-1.0275010183499804,-0.0008009611962046845
177,2020-10-28,-0.5110941731347013,-0.8236828340837915,-0.2060474345332083,-1.0360458000023614,-0.615833269556155,-0.9492871985802788,-0.7459604980220392,-0.528375887773655,-0.7872029334822891,-0.25208530767518694,0.2219801430743576,-1.013558626606851,-0.47454082372939616,0.9831329279480386,0.17104125036372161,-0.12071457184415958,-0.5147178549505586,0.21845568332765997,-0.34692855741174283,-0.7082708498660673,1.6914765373880438,-1.0914305747901418,-0.7600881994161188,0.0047961722634930135
178,2020-10-29,-0.40886072596891343,-0.5695758585325699,1.2725418286609629,-1.1210621353096955,-0.665129787257984,-0.9612159356694877,-0.6479792387842919,-0.3956488092611479,-0.6220778877608967,-0.034149406681096374,0.2408146914179285,-1.0658572262554653,-0.6564126612725766,0.7635954228228395,0.325475197531944,0.03559523898470517,0.041678051324294,0.6893797181454375,0.1253364926758862,-0.7943224134201624,1.66195899601703,-0.9684734701831013,-0.416446719963251,-0.03737234269810568
179,2020-10-30,0.2436674335807403,-1.3977326786624662,-0.991380955451669,-1.1574875904149071,-0.7358371779903415,-1.2102053179432735,-0.6489054011415929,-1.413223077857055,-0.7996085297607631,-0.9487586682427581,0.47142100476803694,-1.166364032284094,-0.848288403752962,0.9972870492733504,0.7963013057878785,0.21565517655265662,-0.3339231949409549,-0.2940015516440687,-0.8814300869682843,-1.199164907262274,1.5761720586307812,-1.2146980192707693,-0.7259628307996074,-0.004147662520081485
180,2020-11-02,-0.2596464175970483,-1.3977326786624662,-1.1591989138279737,-1.1928151640147993,-0.8163587728006181,-1.2120599424569642,-0.6030549065909495,-1.3258800971585019,-0.8575182529634473,-1.1467357812066168,0.364294907358079,-1.2534309747158716,-0.9675417497021433,0.9658962249192689,1.0035595680340317,0.4205181105452678,-0.7101396944798417,-0.927991799115121,-0.863125240065663,-1.1553551826691748,1.4912719319258672,-1.3473601648738651,-0.7938019016895815,0.037524794150898926
181,2020-11-03,0.04921534776314215,0.40867421956434086,1.2725418286609629,-1.2028220208675662,-0.8586380525212035,-1.223855381817263,-0.3165407305495798,-0.31487082384385473,-0.347396142572787,0.3544095127844677,0.6082414142275561,-1.2896601722378225,-0.06173831155899338,0.4075409375763213,-0.8167107517437806,0.38080577537483973,-0.46689516632152134,-0.2492867213308387,0.4291969512593995,-0.7775463955297002,1.4701887142538272,-1.0002025150043479,-0.08849926923301746,0.012728891036042892
182,2020-11-04,-0.12662694198038116,1.0636209725769703,1.2725418286609629,-1.1632943668789633,-0.8589180668046713,-0.990285375875063,-0.26197200531839887,0.03678457556993513,0.08912984087407395,1.3336879160660235,0.5625024539096198,-1.2957957621407288,0.35385010465248207,0.03815413975065928,-1.345073131100841,0.14974117255905783,0.5546604144902085,1.3206749601811147,0.8209206749754948,-0.5283846036965859,1.4621696125089314,-0.6167458461068255,0.5332056327991345,0.007874056430905866
183,2020-11-05,-0.1596567946173035,1.3406880468492275,1.2725418286609629,-1.0445251649355183,-0.8221100275665252,-0.7570036622798,0.13659221305557112,0.25656920020355256,0.4461492512098776,1.370473470275636,0.3737663388256822,-1.2379459144847167,0.42754484138520704,-0.23224792685008153,-0.9932721076122227,-0.11360740490805024,1.530739216581677,2.231504259227927,0.982003327718562,-0.03227648836967894,1.4596967253156021,-0.2758939037262636,0.9631245716984254,0.010144449071772456
184,2020-11-06,-0.057689563880368194,1.3406880468492275,1.2725418286609629,-0.8418081664750529,-0.7511840519866664,-0.4972404175783224,0.22125474438984516,0.8108435637868767,0.7820553359938965,1.1540300356843631,0.6031398138325065,-1.109682868419115,0.8837733653921589,-0.5854694798395379,-0.17922783720408342,-0.26437255221969663,1.4473765794285012,1.2622830453383713,1.194339551788969,0.5736857568755204,1.45827402123026,0.04806965419321391,1.2803247360834233,0.0
185,2020-11-09,0.27664023984005137,1.3406880468492266,1.2725418286609629,-0.6082796614825262,-0.6606417454047986,-0.3098593177626099,0.9101049269686798,0.8108435637868767,0.8665975111089135,0.8925881664289157,0.4696699546096526,-0.982880677092298,0.5590933286529024,-0.8013183482305788,-0.17922783720408358,-0.3453898149776062,1.3295494300507829,0.7097629730747235,0.7916329199313007,0.6206475830809013,1.4709512718858637,0.24426080267288588,1.3318160431652983,-0.018018505502678365
186,2020-11-10,-0.18263380782184074,0.674304047061279,-1.139476343034637,-0.40223217471389217,-0.5793278093774846,-0.5585599668437365,0.8311768796449188,0.4690882174112672,0.6850270894133154,0.2507393825712867,0.40093030393876833,-0.9022414955111941,0.25890559704795485,-0.592933021324145,-0.7514171424588056,-0.4598092667264371,0.5925243219622287,-0.2971341387312229,-0.17120202714657853,0.18966083472918258,1.4841101332834628,0.1717973342835246,0.9477181064583462,0.024981783154823346
187,2020-11-11,0.6610631015895628,1.3406880468492275,1.1543500265925823,-0.20966961513646806,-0.48060010207912546,-0.17638601359894399,1.0316124098687038,1.3005461672132432,1.2001555293895145,1.0816799720181447,0.6375497314921055,-0.7844966035648661,0.6712819879783994,-0.8882789249042616,0.03758127057807539,-0.47768251257765,0.3852916190474541,-0.2422941880996486,0.5133992470114573,0.5580211511199642,1.4890087060711443,0.37728958255019057,1.0804547516994398,-0.0015432101828058516
188,2020-11-12,-0.018917042563911843,1.2854827218425295,0.9389354697795643,-0.044711144766127496,-0.37686203226220577,-0.2605390997603547,0.08336167836781705,1.245600011054835,0.998982162502047,0.8437843156757684,0.4591616520299351,-0.6886645327003642,0.3863356785131727,-1.0593191324206477,0.03758127057807572,-0.44483844963610153,0.1620401781212534,-0.17333972900238806,0.3120459310826233,0.466567422095867,1.5042024734863624,0.4715098346306249,1.0104960562925152,-0.04582160174115018
189,2020-11-13,0.8197788010769042,-0.0742070891843941,-1.2029824357207617,0.023444707443866168,-0.3214882819261992,-0.43961106576805425,-0.4048034426276097,-0.3478385175388995,-0.2187957626817381,-1.6333747987235139,0.9123522302094225,-0.5928324618358571,-0.035995175442470925,0.5998699458413037,-0.6980109922361479,-0.48599075270584696,-0.03469511013015406,-0.282602109065587,-1.163324729268652,0.34557383771466493,1.4954933665263925,0.04924397701323774,0.1369109717730603,0.052747370094110325
190,2020-11-16,1.1042754247106832,1.3406880468492275,0.8691560918065087,0.08782252299975135,-0.24352844132052853,-0.23415643625015062,-0.2708474553013959,1.4928577137676555,0.5775798127130001,0.11235576326214361,1.465085876289999,-0.4037978586366659,0.4736561239071916,-0.009414484808011705,-1.1744104422658894,-0.6244820307650116,0.2775802213162855,0.3579068883546427,0.678142869135049,1.1803983974817855,1.50001987655583,0.32688681881287973,0.5460263135444358,-0.0007671653617530845
191,2020-11-17,0.4325036204468295,1.3193636054364872,0.8885635734136007,0.15968692490633885,-0.15622454988612475,-0.5645213303726084,-0.42579812243738885,1.4653846356884537,1.1020116882429125,1.1606084546293884,1.0831543311608531,-0.28488428289930484,0.4266320590207618,-0.25637699896243205,-0.968223967281014,-0.7740878972148951,0.6232193276059683,0.8211361646028537,0.5756357264803698,0.6133292470328335,1.5135845705307012,0.4748781545555287,0.6680750775826277,-0.005386700212624962
192,2020-11-18,-0.04416957238649842,1.1629684438724075,0.6096150521230158,0.23014848430647336,-0.07342873721492141,-0.7656042271831913,-0.4352709999894224,1.2730730891340416,0.9062413673809666,0.7650338245679149,0.815645331764933,-0.20190773373614015,0.17894660415935407,-0.35712681096437515,-1.1254204177920912,-0.9379216002844335,1.4744001679662595,1.803826242915811,0.22784363533056537,0.3525268341250477,1.5247258640603611,0.49031512040699526,0.5558752301113254,-0.01869213301215252
193,2020-11-19,0.09512500476740786,0.6451014562901447,-0.2400735825048912,0.3352550690901496,-0.017351938270961403,-0.8017616832613148,-0.6466425411555362,0.6137192152331854,0.2938454162790236,-0.07215017103925994,0.7664618246469203,-0.16976892948279984,-0.08511408232710344,0.27794526317722285,-0.8950515118980412,-1.0652023349534812,1.0586251263586293,0.6810857030505019,-0.33594564927017007,-0.02149130462884006,1.524289302993037,0.28984096817711363,0.12431943370152905,0.0031397200046676247
194,2020-11-20,-0.3009163025555978,0.21041304912447104,0.057142008403083186,0.39439484449210804,0.022643956869965703,-0.7947833803721379,-0.532605757595964,0.608613598952976,-0.17689377338951864,-0.28038232748500486,0.5749700721229214,-0.15895860441576395,-0.28160872509403434,0.25140141443242786,-0.6453737392377136,-1.1304542257077204,0.7129860200689458,-0.015387023457827918,-0.13459233334133597,-0.1184647946505322,1.5424838601985456,0.19022926327046755,-0.06125592319391258,0.033901551675681416
195,2020-11-23,0.9825828242930528,1.3406880468492275,1.2725418286609629,0.4517523796328385,0.08627178131573697,-0.46828281659809645,-0.0871612725988401,1.5366661355696245,1.2801006253709148,1.0221031173629629,0.840175273885091,-0.09146711548375418,0.8844317450220474,-0.18416532214411888,-0.622290050503777,-1.1556820899851852,0.7889823107467391,0.4195642446043724,0.7220745017013399,0.3572446133782219,1.5523273061023906,0.47387995377436853,0.39700346188460334,-0.009897301956194515
196,2020-11-24,-0.03310257512991304,0.8730263219862493,0.3960334901591588,0.5205676770696811,0.14975811000601813,-0.5136327227487711,-0.4969783364515296,1.1376877404013919,1.3745883140355322,1.0286775485085338,0.5959045948060591,-0.019008720439860613,0.5934790315400748,-0.42053916941679426,-0.6222900505037764,-1.158430115098788,0.9802396422858584,0.8171092002245506,0.33767271674629307,0.47361650162327573,1.5624802104458413,0.5236642584280328,0.39339114591726143,-0.020874356710559074
197,2020-11-25,0.14961697235896831,-0.03673066399312818,-1.182168692545106,0.5915977575181168,0.18711756086249648,-0.7056976529944072,-0.4777004332151508,0.3090403042827495,0.28924881619844256,-0.017609554831191216,0.5779904895106888,-0.022806942760703625,0.2760234875482592,0.3093482118114154,-1.3041853496791882,-1.2395810980067634,0.6509223826820799,0.21600840185877804,-0.31764080236754877,-0.17124729923520296,1.5788333103778727,0.3186393626821033,-0.012871842291357133,-0.0031298930089277044
198,2020-11-26,-0.3350300363671342,-0.16694147315274224,-1.2029824357207617,0.6431340375968703,0.2027608562998272,-0.7254717085553885,-0.4553556400539026,0.18627772115405877,-0.4074485059088991,-0.5858361489268473,0.3988355128756695,-0.038876344887377685,0.04406147247218174,0.6067606354730922,-0.7922001450347372,-1.286462092074083,-0.10542165311121796,-0.8462401989999224,-0.33594564927017007,-0.19303545861179547,1.590294778847405,0.15142673707882717,-0.2780238998725174,0.0
199,2020-11-27,-0.34957686265800675,-0.16694147315274224,-1.2029824357207617,0.6034996673436732,0.20393992602136288,-0.5976090219901176,-0.3086392259696822,0.18627772115405877,-0.32510391584388804,-0.5067688678344003,0.31890525941331743,0.02715428930584471,-0.09008497233437698,0.2483470052569633,-0.9141660053739384,-1.3281463276142782,-0.6903339019218855,-1.2533055130730728,-0.35425049617279136,0.45030983305725325,1.6656753957038113,0.04620999077504671,-0.39200359432088433,-0.010240341554243994
200,2020-11-30,0.13974161054581824,-0.6262745913870554,-1.2029824357207617,0.49013519543415995,0.1854611674479926,-0.5434853598873653,-0.5393479074681233,-0.2127006740141737,-0.2789311911689397,-0.5189772581938182,0.394427257903892,-0.012580959589192026,0.08666998843312862,-0.1172573185744505,-1.486134691574911,-1.4393487098100182,-1.0441539338176158,-1.2097485531321608,-0.6617719241368288,-0.42656158777567854,1.7631087798786134,-0.12023679437816218,-0.5801169454936794,0.01337023456317164
201,2020-12-01,-0.15879476046673327,0.059686277667052874,0.20191862247049366,0.35282082722518243,0.16975398157750643,-0.3378350374425851,-0.6670166556052969,0.3090403042827495,-0.39438166855823015,-0.539448175209086,0.3407361465741596,-0.028650361715860894,-0.15003157556744318,-0.004862948172891551,-1.0663794480923774,-1.5214809034392487,-0.8034990133379288,-0.4557501229677702,0.008185472499110015,-0.23452952637986516,1.7913722154235545,-0.07793212432411165,-0.4001457401206384,-0.00156372197618287
202,2020-12-02,-0.2931263027684595,-0.01806846958991263,0.9975243642388593,0.2566991565119724,0.1549152698273139,-0.5195485911985802,-0.6583276119243823,0.24765901271840146,-0.05082356909259025,0.30317062972443287,0.13295956511165313,-0.03507812256652948,-0.13300860818323554,-0.24722411046931628,-1.3393802028153092,-1.6181473947433707,-0.4076727734755879,0.17866539854980437,0.09238776825116791,-0.18213297299781497,1.8009442260189765,-0.062331981850226384,-0.29844310894448806,-0.010224233775859428
203,2020-12-03,-0.3112607123624405,-1.260824889410963,-0.7603998234358993,0.16286351792486004,0.13090478962170715,-0.5387915682444263,-0.6403047141820258,-0.15131938244983126,-0.5841732330357179,-1.1896128662607846,0.04281077335644084,-0.018424378544344106,-0.32604672720486466,-0.07426669490992789,-0.8791451434186798,-1.6535288511756776,-0.11401647169978,0.3443293581369304,-0.21147269033234534,-0.065358870169334,1.7930252043272084,-0.15098649476967443,-0.38212028501747575,-0.003960401216097017
204,2020-12-04,-0.49949474302041075,-1.3977326786624662,-1.2029824357207617,0.04731848519270035,0.0987766510945017,-0.6845183273906353,-0.632885001467487,-1.086261250301851,-0.8638328393292214,-1.5363620492153203,-0.10538073346252423,-0.015210498119004623,-0.4820081429388816,-0.0008997746364486391,-0.5594816324199196,-1.6125180579875973,-0.4749988524193114,-0.48244156577634434,-0.277370139181782,-0.1633379249034583,1.7759156904551092,-0.2351705536557605,-0.4419851186942327,-0.026539555234612263
205,2020-12-07,0.24169616430995106,-1.3977326786624662,-1.2029824357207617,-0.10845631865637452,0.03717427281082918,-0.6843529662149677,-0.7146248752840472,-1.4070783057037015,-1.651647447749482,-1.625477981347672,-0.008395264242444862,-0.10140092770751662,-0.6660756698792358,0.6878880668553076,0.293523792812895,-1.4231746346000242,-1.1341140029295242,-1.4305686132390107,-1.0022420765255848,-0.969827375713564,1.7136259325486034,-0.5354984189659123,-0.8320412590031199,0.002442003655551809
206,2020-12-08,-0.6371666676555966,-1.2677205364597846,-0.9264403518704334,-0.31126414031989186,-0.03568702033816759,-0.5428079480452549,-0.6004546036265258,-1.2829313585833075,-1.6174383465319142,-1.0529739720061846,-0.1843818002490294,-0.1744436646469241,-0.7813156001663605,0.42402341943032695,0.32246713350091777,-1.1697837150460713,-1.3764878871269235,-1.3578416022987205,-0.7569571280304597,-0.8091153110158514,1.6736188413489719,-0.6671306907389505,-0.8770343128700039,-0.014742281737203544
207,2020-12-09,-0.5284933183061371,-1.3977326786624662,-1.2029824357207617,-0.5249465968597654,-0.12480482349645929,-0.7408580039774104,-0.7583187556141646,-1.4735535680900165,-1.4945982438910448,-0.9094422765224051,-0.2364198100703697,-0.23726041841481477,-0.9010483622570673,0.6008891788892744,0.6709434798901361,-0.8583574364737755,-1.6157103378418496,-1.330658043696272,-0.961971413339818,-0.7285080525601354,1.604405017056063,-0.8579276489113669,-1.0066888162066445,-0.004962789342128902
208,2020-12-10,-0.5216731069383903,-1.3977326786624662,-1.2029824357207617,-0.7262559689378612,-0.22221755927126208,-0.9064394187451387,-0.7547222815253023,-1.4484787080869388,-1.265865280412283,-0.9631169797526599,-0.3921589280496336,-0.3044597363990676,-0.9910193573769556,0.6142345311744623,0.8613657899778102,-0.5175839581734433,-1.637304819545603,-1.1587709295550228,-0.7935668218357023,-0.752653626442641,1.537331417179697,-0.9807198922627827,-1.002758240774559,-0.019255513308744057
209,2020-12-11,-0.19894273333226123,-1.3977326786624662,-1.2029824357207617,-0.8904208090328679,-0.33605528781158694,-1.076733240223634,-0.7565377386799382,-1.3468595386008013,-1.285413134794558,-1.1556807224677177,-0.19978158320473363,-0.4102256194873345,-1.116116676993693,1.3558321960860362,1.4634031734704582,-0.11011043463699874,-1.6699651301821319,-1.0967475395702992,-1.0827834028971184,-1.0036584622834066,1.461197321391543,-1.1921302152781639,-1.1398997378990383,0.010092600387224128
210,2020-12-14,-0.5241704705804835,-0.8114230798128396,1.1639181737898583,-1.019529183978563,-0.44153903425049784,-1.1263268334797176,-0.6473994761755734,-1.0360490058251057,-0.9979490126149527,-0.7940148524337598,-0.19802465415840198,-0.47742493747158987,-1.204929712006657,0.8906152025241144,1.463403173470458,0.2981305794455074,-1.284221486386037,-0.5022114265781226,-0.3981821287390824,-0.7384655325168453,1.400877601554315,-1.1696254954308538,-0.8793160855755134,0.0016722411923621328
211,2020-12-15,-0.5562432117708168,-0.712861942892116,1.2725418286609629,-1.1057270990466723,-0.5318810366975614,-1.0975596854539413,-0.3864335828847288,-0.9339308498952128,-0.742251617404636,-0.3614048267617953,-0.1078678919374112,-0.5717961535973044,-0.9312402448808191,0.43570191406167635,0.6269084259389401,0.5629140625367371,-0.8400175518848632,0.006499970918433506,-0.1895068740491998,-0.8916952997745436,1.3536122947224958,-1.0862135301102596,-0.5744305629019498,-0.01600034134644119
212,2020-12-16,-0.5811598018141371,-1.2284730370653234,0.06818392320191476,-1.1644526795212162,-0.6206831508105828,-1.0733589994468944,-0.5795011027210636,-1.4476338019158568,-0.81370485284701,-0.79166037715015,-0.12449370114454605,-0.6869115070138146,-1.0432232728215687,0.2564235969573701,0.7501722623390963,0.749176396469409,-0.8879029697354148,-0.4158123132485292,-0.5080112101548101,-1.0783433739750214,1.2876289538770316,-1.1365655489020543,-0.5422758710612168,0.012653057886384052
213,2020-12-17,-0.291148695011269,-0.47398595667920557,1.2725418286609629,-1.1945999640490328,-0.6883282543096587,-1.1806663407470035,-0.2874688100695199,-0.5871677480543657,-0.795878403580754,-1.157952964239591,0.027029343888468713,-0.7660898338561364,-1.1618493504060445,0.8715452663859815,1.3593639925249454,0.9606623387913062,-0.4272418173666835,0.09898055423056132,0.04845613568487683,-0.7813127797220039,1.244789250080895,-0.9953160729142065,-0.2132393032081195,-0.009263224131872534
214,2020-12-18,-0.5875680115658025,-0.791223506271906,0.6932778194344322,-1.2009147570698357,-0.7451478666445933,-1.1476670975035437,-0.2706746267751762,-0.7699063985482726,-0.5681528146955214,-0.2134307160261428,-0.02925465805297445,-0.8452681606984555,-0.9178927048972192,0.4739270547844331,0.6245169180276384,1.070660373829609,-0.2855563763405858,0.13417088679886316,-0.16754105776605427,-0.8507689742826761,1.1956660033085795,-0.9511222392894528,-0.10365300495014867,-0.012771565679487505
215,2020-12-21,-0.317117473797197,-1.1956581804073112,-0.5946639013894898,-1.2135020010328472,-0.8012490002808903,-1.0750296249762195,-0.23776567601629495,-1.1484243631950608,-0.7897466693085741,-1.3747854223887308,-0.048924368467864764,-0.8817895291681553,-1.0335346026548484,0.8874561842437324,1.0956079169871393,1.1821431433573566,-0.046644184053969445,0.23316984873826033,-0.5482818733405769,-0.66967020564273,1.1625019935082177,-0.9993232992961919,-0.1622487710833514,-0.023408090898014846
216,2020-12-22,0.0681674221028846,-1.3977326786624662,-1.2029824357207617,-1.2380880962818992,-0.8726280061778151,-1.4145927885017078,-0.5706870852628524,-1.5017077968653967,-1.120609787660785,-1.5057451557306574,-0.06466013679977702,-0.9533714113687807,-1.1348831248241193,1.2528414668450591,1.4615941700131656,1.3336393609188306,-0.9116710871606757,-1.2096914140202708,-1.104749219180264,-1.0076511160878734,1.0966871547218509,-1.19662561070612,-0.4451586166260633,-0.0008775779413590076
217,2020-12-23,-0.292029744621043,-1.3977326786624662,-1.2029824357207617,-1.2689947816505427,-0.946535166841805,-1.3807566395138196,-0.7061555208574568,-1.4248658040423616,-1.199559408004929,-1.076947095302101,-0.24207244386402715,-1.0082995495472127,-1.2046956258434667,1.0679910055289572,1.5356879269416643,1.5029733301995192,-1.4778705146487006,-1.7835788971911883,-0.8448203931630417,-0.8274616396498823,1.0287131350546566,-1.268721458572805,-0.4732796634130621,0.01394965950871188
218,2020-12-24,-0.40420193846399344,0.009035470260602335,0.9479539908884906,-1.3028068213169381,-1.000663020959082,-1.2259134948977903,-0.5675295856481481,-0.8895732759131685,-0.9089168199402451,-0.428635169534139,-0.1684636148401759,-1.0313810544200719,-0.7981679684550067,0.5910045177294962,0.4670291572528703,1.526386629610698,-1.3400840865109889,-0.9735058008669236,-0.22245559847391813,-0.5776072083698272,0.992118431577787,-1.1268567303480053,-0.15706836823951742,0.0060423144559624406
219,2020-12-25,-0.72231155548361,0.5988785775117003,1.2725418286609629,-1.3122426173786899,-1.0297615225030952,-1.0817750993181037,-0.6357805144245199,-0.5465690075697685,-0.5724493540230912,0.066415059540091,-0.32511522629634637,-1.015019481345641,-0.9028258915657803,0.28897952056964926,0.467029157252871,1.4734393179120318,-0.5951998088357708,0.31157940822549146,0.16194618648112877,-0.2359207485425167,0.9729736213996216,-0.9334436664513048,0.17750374091948107,-0.010380716054560741
220,2020-12-28,-0.42814240160152095,0.3397859312622462,0.555274633981123,-1.2972709191799607,-1.0478707848193958,-1.2487230023528164,-0.6439733486174963,-0.8732944769178188,-0.7294854230944614,-0.3606990678870708,-0.24757658635516558,-1.0331340801066136,-1.030834947716266,0.7523913436352766,1.0208743013801318,1.459032484837299,0.03236977056184997,0.8677875592277923,-0.050390037589278076,-0.5131099901281703,0.9430818147484885,-0.8683901317811054,0.24196316976219476,0.018949748779662153
221,2020-12-29,-0.4241618321415349,1.3406880468492275,1.2725418286609629,-1.2318114035336234,-1.0356833541447048,-1.4358423624743697,-0.4462497378848175,0.10373046698132478,-0.003876554883222977,1.696235172521827,0.004635509134768347,-1.0252454645171551,-0.07653334526166496,0.22412395490355483,-0.9533023582815296,1.2046237344010653,0.5080315878773113,0.9915595053218971,0.623228328427185,-0.2795636212929122,0.9563240925307581,-0.6135414451348165,0.5939840144551851,-0.009429988439066513
222,2020-12-30,-0.6115338286489349,0.8473371091246976,0.7564691212100283,-1.1465856830086028,-1.0109331890671032,-1.4056962868582314,-0.3263420776173386,-0.2850429105007265,-0.1047754158575234,0.8353664336134358,-0.11056345370159773,-1.0047934981741242,-0.2765764804826754,-0.07393758733196246,-0.9533023582815294,0.8485330873874309,0.4335431601097889,0.41413382057705633,0.16194618648112877,-0.1896853727934375,0.974500537046818,-0.5174700502452668,0.6242498994558873,0.006866979774176976
223,2020-12-31,-0.6112485967608786,1.3406880468492275,1.1335697373497642,-1.0487680182515415,-0.9693108070537181,-1.2457719237448963,0.24872620090360661,0.039401059196520025,0.08286637410803456,0.8682446977887489,-0.20272262397069069,-1.0077152076517015,-0.416175435309136,-0.34033978351433974,-1.0182282356955883,0.46105410246471906,0.5941965799975779,0.48234140911960555,0.25713139037475946,-0.2688662526945238,1.0007004224387928,-0.37057242744583413,0.7289225550650096,-0.0025695945616306497
224,2021-01-04,-0.24286844409293518,1.1952854269322741,0.8097400299075816,-0.9367775466331205,-0.9186511193885694,-1.2522479275855827,-0.3899138728783743,-0.08226542943994467,0.02983840563743786,0.42592912092601454,-0.30180745132422715,-1.0100525752337624,-0.5739614867384359,-0.4738629879651053,-0.9007904992144302,0.10470826037882815,0.4601174100160374,0.24719446918346005,0.10337067639274067,-0.1772241631549286,1.0374869709031154,-0.2868415300325649,0.7126652318439645,-0.00947874395454377
225,2021-01-05,0.018968090656369275,0.6647609245824915,-0.32432444438546504,-0.8776458047867659,-0.8713374135781967,-1.3608011003565235,-0.6132348772112212,-0.3817094357187346,-0.5082282215603677,-0.7590495413255702,-0.26696660308486686,-1.0045013272263645,-0.7409093130801984,0.032655251847057726,-0.06300428297584881,-0.09596992039876083,0.2197868223132801,-0.12016041128288432,-0.2078117209518211,-0.13191673163848916,1.0398776246713977,-0.30855341061801933,0.5327392467426751,0.04237922296886154
226,2021-01-06,0.8697514278643721,1.3406880468492275,1.2725418286609629,-0.7588600549770862,-0.7827137464400442,-0.9610104911949625,-0.12887545447455218,1.6105510235637512,1.4599074625295927,2.054115415629252,0.1919834248571247,-0.896690247503799,0.9656820026814799,-0.4556898650920382,-0.2652684893595019,-0.22756843968589444,0.5845787982990945,0.5788689328779282,1.0698665928511442,0.8052612089778746,1.0621023304582462,0.09179256029481667,1.056932884839094,-0.03118668253658312
227,2021-01-07,0.3073692219133194,0.40387566017660154,-0.48143053529756574,-0.6371293624784965,-0.702817592654645,-1.225895239664297,-0.4761746907606588,0.05442161334917363,0.7052234308379723,0.5639586971538201,0.3816410092428653,-0.8309517842583284,0.4985220250561185,-0.7788412664998927,-0.2652684893595019,-0.31317949745445833,0.34601450936797645,0.17269061352950688,-0.06503391511137512,0.3658255317447732,1.0711483424581338,0.03814820627196019,0.7576029890409175,0.008525200823359627
228,2021-01-08,-0.22387200034838398,0.6788565264055395,-0.0876004157197152,-0.496721143035908,-0.621713708464312,-1.0248768129377481,-0.27726208986085654,0.4749971296233812,0.9631186186845274,0.614775259850432,0.24175592866141088,-0.7751471332366228,0.2195148725445765,-0.9718405743499001,-0.2652684893595024,-0.3683389068752981,0.6407015173335208,0.5558980966881765,0.15828521710060453,0.28857471535974794,1.0818503950927776,0.08603165996971521,0.6788616447029653,-0.013675426799675495
229,2021-01-11,-0.23423542561443042,0.30583607998212287,-0.7437808746940605,-0.3302839952015017,-0.5561190850492904,-1.0314362225853986,-0.457531429124496,-0.19792369641535396,0.5870611559806116,0.087553661366111,0.20592033761104248,-0.7617072696397716,-0.05233092867315033,-0.9458129444085652,-0.6213380650565973,-0.4505052586790095,-0.13840717309975398,-0.6222889482051492,-0.30299692484545176,0.01127413481185669,1.0768583312370539,-0.013476668246041979,0.3825414950353942,0.001719690879526679
230,2021-01-12,-0.320920565637948,0.3655771096792125,-0.6432245913818433,-0.27462241369013884,-0.4999845575965558,-0.842692777325862,-0.23344271056452467,-0.1138085931605066,-0.054434269034420814,-0.5930461174312229,-0.012929318766239447,-0.7298606363341908,-0.23362026104013464,-0.6937281446595871,-1.2388918563786449,-0.621338564842282,-0.37921195964026727,-0.77401584478433,-0.22977753723496663,0.18079966930937835,1.07904470106269,-0.05462858152113051,0.2378659095616145,0.0
231,2021-01-13,-0.10191952198830222,0.07055722246863301,-1.0795252535637414,-0.24094489819416248,-0.45094625283357687,-0.6589589210110262,-0.0017637356319334747,-0.1138085931605066,0.3535881170858432,-0.3745638148132511,-0.03586409703847655,-0.7167129436850942,0.2395861683269831,-0.9120447099350774,-0.3342644486859664,-0.7039390810873977,-0.6958971907364985,-0.8114759831646413,-0.277370139181782,-0.08377918779767422,1.085666115409757,-0.07459741076501203,0.15565910876777142,0.0025740039951728426
232,2021-01-14,-0.03844591916616818,0.1983524678278637,-0.05666645528109356,-0.23881657851247276,-0.40467864416305716,-0.5592570073829175,-0.17439496590761255,0.012364061721753453,0.22966906825369038,-0.20387394650158241,-0.04153317408713174,-0.6793150623721157,-0.031807928398286986,-0.9716242566642156,-0.5549180576850111,-0.7639342070187858,-0.5609120804172446,-0.3754507844335923,0.015507411260158525,0.08323957027591934,1.0850184193455168,-0.05704129846287311,0.149297148480685,-0.02077996849174531
233,2021-01-15,0.08154796689592683,-0.6134882833457961,-1.2029824357207617,-0.31504325481799095,-0.3820551156830133,-0.6363569346626591,-0.1198711038995088,-0.9970171773363492,-1.149634265529867,-1.476969649697036,-0.020710944587791817,-0.6787307204766043,-0.2753400592353311,-0.4050965982613796,-1.313650519982546,-0.9077472439693925,-0.689865165047042,-0.48960130606663343,-0.6105183528094893,-0.29844195228797565,1.0760851330517298,-0.23217502508543209,-0.16082812635447974,-0.007905179507113261
234,2021-01-18,-0.19029069939455273,-1.3977326786624662,-1.2029824357207617,-0.43052186961258504,-0.38136363130751094,-0.6753233873064518,-0.4475514119127918,-1.18480903576576,-1.7546719255629495,-1.2980600640002562,-0.11816187111051166,-0.6804837461631461,-0.45638102522619506,-0.18115446591303527,-0.7798606842629853,-1.0120567791242063,-0.9129954179398596,-0.8227733924234653,-0.6654328935173531,-0.37089565626317084,1.0521369147663584,-0.396850317910014,-0.39237222805179595,0.0008814456278056417
235,2021-01-19,-0.24094154422695468,-1.3347061324773293,-1.0579961246064529,-0.5983242533541385,-0.391462090706783,-0.40414580303777553,-0.1346476937367475,-0.9776059996621561,-1.368734684688134,-0.8851770183789548,-0.19612261232868983,-0.6649986859319937,-0.6176233725051191,-0.20856002352570444,-0.5258150668535857,-1.0541301871251336,-1.1848781792913161,-1.0765749706626573,-0.49336733263271304,-0.22985680479500673,1.0300324795900362,-0.4684853451282685,-0.43032105507263496,-0.010628975177059794
236,2021-01-20,-0.4125370480816394,-1.3977326786624662,-1.2029824357207617,-0.8077462727465489,-0.41623705190828214,-0.605843764711955,-0.41552073186979566,-1.3205023882578892,-1.266974942452121,-0.8520605556177471,-0.32188493314889327,-0.7433004999310368,-0.7474413269814508,-0.2986979183724849,-0.3681904716742902,-1.040189483707366,-1.2539351592007886,-0.9693344218422459,-0.6617719241368288,-0.9363404415435758,1.0070765312978536,-0.5840634400911969,-0.5302437470016865,0.0026678539611924477
237,2021-01-21,-0.5047556867334496,-1.216258248259316,-0.7886632207520518,-0.9668836790059145,-0.4439244838171174,-0.5977386108179583,-0.31901760263670553,-1.2117791430933889,-0.961504801257228,-0.6366337816696608,-0.49856726321984884,-0.7546951668935892,-0.8492442350551742,-0.4951685553738834,-0.36819047167429003,-0.9988081686202858,-1.2106520815838575,-0.7608634922117996,-0.36523340431436413,-0.48946481554468796,0.9911675542090469,-0.601899036549966,-0.4554516238319228,-0.0279171664490345
238,2021-01-22,0.22346033893355005,-1.3977326786624662,-1.2029824357207617,-1.0980566537489984,-0.496973762286332,-0.6905918167842244,-0.6231342210912807,-1.3355291782399812,-1.329304433081183,-1.549962836397004,-0.3102657424791721,-0.8175119206614798,-1.0024086207263216,0.7163138729322897,0.9426132787792743,-0.7736124024868587,-1.3722540943676347,-0.9894023704885373,-0.9875981990034877,-0.9698811082022296,0.9144091588137137,-0.8301100975405938,-0.7286506831937039,-0.017503901528871435
239,2021-01-25,0.03041539709702976,-1.3977326786624662,-1.2029824357207617,-1.2284522010696317,-0.5768482288868333,-0.928453217705896,-0.6207361448777852,-1.4043746059562245,-1.4713487277639463,-1.3945487452238126,-0.33712696385448593,-0.8961059056082825,-1.1042358121221154,1.1711204732080192,1.3671535607429541,-0.4169239643025196,-1.4014658853627355,-0.9825958748877175,-1.2548489637817584,-1.0193427426042203,0.8155184245545009,-1.0800629974026767,-0.9816281294842025,0.0
240,2021-01-26,-0.5351043596226426,-1.3977326786624662,-1.2029824357207617,-1.3432063974010127,-0.6658251559693422,-0.8627834856946869,-0.5363864761810261,-1.2156522357964519,-1.2420438097894249,-0.8974504514432777,-0.3459371953856024,-0.9580461465329023,-1.1957004729807563,1.0704993132276537,1.5172133996514559,-0.0024379367217480003,-1.418989910618682,-0.9277805132763465,-0.947327535817721,-1.0414985757397544,0.7372100043842212,-1.1811561848746828,-0.9483592197797053,0.0018570107472126892
241,2021-01-27,-0.746036510083495,-1.2764789799901635,-0.7530402335354893,-1.4411660757450424,-0.7504910145791489,-0.7213917241083223,-0.613614696688894,-1.1474149819560062,-0.9343953990114789,-0.48162448104257266,-0.416379108456159,-1.0179411908232183,-1.096994161201219,0.6742303649089956,1.1208715800059408,0.3553337165289982,-1.2912462740928694,-0.7187134922999984,-0.5702476896237225,-1.017571923227218,0.6730368269346071,-1.1719394079583196,-0.7471190151536845,-0.015895612854959325
242,2021-01-28,-0.4423596265995284,-1.3977326786624662,-1.2029824357207617,-1.5107609782867464,-0.8395234634003303,-0.6652723733535777,-0.6118702648690899,-1.2795342089205437,-1.0480309231568075,-0.8440184624182493,-0.35862392879040994,-1.1041316204117197,-1.197496770765675,1.365855961105785,1.6302719594005695,0.7222690186578045,-1.2037145738574893,-0.6356768682019233,-0.8008887605967507,-1.2535785188328805,0.5923958158542233,-1.2474703500780713,-0.7202858735561961,-0.025777083545608655
243,2021-01-29,-0.43929813766772385,-1.3977326786624662,-1.2029824357207617,-1.554405268946592,-0.9466833797094344,-0.6482979386361957,-0.7310518746832555,-1.434910508986553,-1.119777620185862,-1.424053132467509,-0.2109898205047533,-1.1938281013733179,-1.2955461703650188,1.8191918254527792,1.9627028230939083,1.1078487506474801,-1.3495333946669057,-0.9428777697975007,-1.2109173312154673,-1.316686479440371,0.48315422595058866,-1.4503831594340308,-0.9004699408067864,0.01440255332792267
244,2021-02-01,-0.726165355215571,-0.6677375860090526,1.2725418286609629,-1.5814878249034667,-1.0415372763511792,-0.6980998018721937,-0.6057957077111783,-1.0431187243125564,-0.9424058929079137,-0.9516741779513831,-0.283063717413213,-1.2516779490293248,-1.35923500643077,1.469010831427876,2.004330514087472,1.4769651808064714,-1.18044987261559,-0.6676660125016766,-0.4421137613053735,-1.032510256541922,0.4132607709348743,-1.387546573983552,-0.6239252947274535,0.021688733234450218
245,2021-02-02,-0.4483621732215137,0.31599729866521187,1.2725418286609629,-1.5753957380568513,-1.098602310874981,-0.6557248332914312,-0.2319712688102713,-0.528375887773655,-0.3540423662323632,0.5802840757049303,-0.1885778881103922,-1.271253402529085,-0.05429949392896203,0.9002073454991223,-0.459689044927623,1.4819871811987115,-0.4359062904519867,0.4256961909202956,0.3742824105515356,-0.7616726854741923,0.3767060364446581,-1.103269662329306,-0.05214070226440465,0.0
246,2021-02-03,-0.7267294805052824,0.843821723434008,1.2725418286609629,-1.5353937314291182,-1.1249083366064963,-0.5591406898856544,-0.22978165310792645,-0.4075974756965775,-0.36781384337342826,0.4274307671258266,-0.22709793479032767,-1.2770968214842395,-0.2779743603908312,0.9829348603165117,-0.11194275809053873,1.346783335912232,0.5917136324053351,1.5615648581942034,0.39990919621520543,-0.6211309407688305,0.37315605517303463,-0.8804566268001657,0.3079872023504683,-0.01883294833309224
247,2021-02-04,-0.5578912182351422,0.4045663343164801,0.5472289561786565,-1.47212318956968,-1.144632629139304,-0.7452079189467586,-0.48966451682708334,-0.820375460501179,-0.5585385039348628,-0.05261674646419728,-0.19452024428861292,-1.3185850960658259,-0.4920772080403548,1.0123133129502566,0.21505614341535373,1.1942780340507695,0.7544421976820734,1.0524372690450903,-0.14191427210238447,-0.9038884499216481,0.33459517552243423,-0.863547586974038,0.2701352817881672,-0.0019029501460860756
248,2021-02-05,-0.5485292738204935,0.3427421395328785,0.482505324227708,-1.3948768633126156,-1.1566901188908796,-0.7520233966217659,-0.4730986007091476,-0.8499986055604912,-0.5231281751114549,0.023239339089160066,-0.26988805644030295,-1.3182929251180662,-0.6515143601240126,0.6072083795588223,0.21505614341535306,1.0453948708234149,0.3930778250252729,0.013058258327164078,-0.149236210863433,-0.5609989513099082,0.3105619108776761,-0.8287639039719814,0.2681500189867841,0.015123161574220828
249,2021-02-08,-0.35144671614637596,1.3406880468492275,1.2725418286609629,-1.3246573400495316,-1.14437100737832,-0.7122729398997226,0.017587414461408275,-0.2918653304242606,-0.2256191828088892,0.47844823417029886,-0.21607359603946294,-1.271545573476842,-0.3965672086779679,0.18497860304839173,-0.5291742010084072,0.8121807477245363,0.09130419458249019,-0.3499956271533767,0.2205216965695169,-0.11814326074851747,0.30094607298068526,-0.641640450699073,0.5077217460210833,0.005612736904957385
250,2021-02-09,-0.4168218648888855,1.3406880468492275,1.2725418286609629,-1.2501917868998442,-1.1079753800337881,-0.4824604759893778,0.13799596584180834,-0.04643484540784181,-0.05328579809007427,0.498915241537568,-0.299809483410113,-1.2215843414102883,-0.5645079382778658,-0.11648487635996622,-0.529174201008408,0.5549785122911162,0.6390132222848623,0.74230047852881,0.293741084180002,-0.04049282341229174,0.30528328724434634,-0.4501494764171932,0.7062930877437753,0.0018639334380627327
251,2021-02-10,-0.5098074603952472,1.3406880468492275,1.2725418286609629,-1.139346975599483,-1.0529106910820756,-0.18867090035321504,0.11407906359851692,0.0973374823567488,0.49351747540350865,1.4303571617227027,-0.4048344300140318,-1.1672405451273675,-0.2643580495786316,-0.36802730410982737,-1.2868791563389088,0.20642047129051588,1.1318783193466329,1.3684756817260029,0.3523165942683901,-0.04039678081818459,0.3206065863750591,-0.29622828123013917,0.8056757011444043,0.019364367181791152
252,2021-02-18,-0.3666590835093799,1.3406880468492275,1.2725418286609629,-0.9617480885270432,-0.966208315664473,-0.4119340276356578,0.5451493216617158,1.6249542946690243,1.605841786458721,1.7942043801415564,-0.36206693160584263,-1.064104200568926,0.31201462460361046,-0.6435587781159617,-0.6296021142042948,-0.07345009454394774,1.535678523580079,1.5262698408765598,0.938071695152271,0.45751409703435847,0.35907485261449223,-0.020766418625353614,1.0775855199180493,0.05334598070529293
253,2021-02-19,0.6245534199183532,1.3406880468492275,1.2725418286609629,-0.6986086325519678,-0.8057529353223254,0.21852807734284985,3.5151216885076955,1.7030776371440712,2.6491821797001793,1.8236576949771595,0.2934056000082013,-0.8552019729222101,2.1902947656052874,-1.0605266684354269,1.1427940678783621,-0.06124855201248957,1.6403853804622093,1.30181284490819,2.3695107229372554,1.6408318942295101,0.34740311193935647,0.6260208385235435,1.8829362966717842,0.01716780362236528
254,2021-02-22,1.0201573716796726,1.3406880468492275,1.2725418286609629,-0.3574490272283547,-0.5879215655318267,0.47562040904250913,-0.8239117920564392,1.3436289487465363,2.5822195074849605,1.5956262688370288,0.4754574949328563,-0.646299745275507,3.005214271260449,-1.2900166422727635,1.6775942125460566,0.16963471922234752,1.684560471234273,1.1519913777579545,2.29629133532677,1.683904527613889,0.30842237298598857,1.150882283709533,2.3342034908328264,-0.010265274059594792
255,2021-02-23,-0.1932824649759435,1.1174921688239192,0.621450185335623,0.000622926299268566,-0.3572215941932156,0.4647498389886914,2.704930760543512,1.1113565613496454,1.6551231322907176,0.9635244846759365,0.4562753184738597,-0.4946630233892892,2.310949309274671,-1.2328886401283319,1.3989900068430692,0.45643162601698656,1.4324774994771516,0.7154435755318014,1.3444392963904634,1.1933668310515604,0.2882231060565733,1.3246430400310267,2.139410840825928,0.012815211692867506
256,2021-02-24,-0.0867134931116995,1.2808180628090708,0.8265255818389521,0.32890688275608815,-0.11751322917193574,0.5129566006122447,2.8946873674514126,1.4016970455957583,1.377260986608574,0.8595738035500685,0.3902145950301338,-0.3246195317943442,1.824839377996508,-1.389025568782553,1.4278177045955567,0.7521528147696326,1.2319998068939166,0.5064080946400822,1.23827118435526,1.3882172754866768,0.25350166467743623,1.49316029926611,1.9752760556282902,0.014328100154079105
257,2021-02-25,0.22747260082554233,1.3406880468492275,0.9076115298839756,0.5877477557818943,0.1290922396132382,0.8488353216662181,3.3184989842393002,1.6414551913341697,1.2500062220090944,0.9254161873674561,0.45147472639734504,-0.11075039803575475,1.8367163848427948,-1.5414135453805413,1.6557084948474374,1.0583971669710441,1.335641505978549,0.8515689299212984,1.1174591947979595,1.9041634713217135,0.20992216592536558,1.6669972118122396,1.8523894510058205,-0.03751505564372831
258,2021-02-26,0.11346858441263014,0.4147086672834039,-1.2029824357207617,0.7482258064599869,0.3225417620175836,0.27633402402892526,0.7669408662566289,0.7146745021507328,0.7648492680929578,-0.2277741524721747,0.614591541613306,0.052865332708521645,1.224528486934376,-0.7543394314012798,0.2717716916890754,1.162155904974027,0.5189001852123771,-0.3176242328387096,-0.5592647814821498,1.3507565043279763,0.20790051184193653,1.3515754818088155,0.9795642064466626,-0.010480445274700427
259,2021-03-01,0.4245107890948512,0.20135042493958605,-1.2029824357207617,0.8239209432415406,0.4590990216594696,0.20014027701789391,-0.15113358298121335,0.46840980226005324,0.3505845833684918,-1.6353270215175921,0.5295463191108231,0.172363250341394,0.8185417502157307,0.11919852033845703,-0.972980097337345,0.9896705788566019,-0.2195319597408973,-1.1098886716959133,-0.8558033013046146,0.9648836645000654,0.22097202945948619,1.0086511015609283,0.23776621764086023,-0.005281702419175893
260,2021-03-02,-0.07034118273726649,0.09489033434760437,-1.2029824357207617,0.8396459834563857,0.545414536231477,0.17457525642769567,-0.5463760617515954,0.3452774523147119,0.3910985156912237,-0.7657880381130072,0.5502613600927644,0.2795899881684457,1.2067036730125549,-0.24657835914593743,-0.3088796419454788,0.7780702561388739,-1.1854526961058336,-1.8827366378295214,-0.8265155462604205,0.8036659421813275,0.23718285256694296,0.7118662953958772,-0.28263138588029074,0.011408636246678533
261,2021-03-03,0.07692087182301312,0.3113729283608219,-0.7458275453050353,0.8103151194817788,0.6063023838885296,0.23307082958242462,-0.30481160892698583,0.5882686950493824,0.4042686294486023,-0.34367341574084675,0.40200970047959456,0.3996722476968294,0.8396603715701235,-0.5055966446664414,-0.3088796419454793,0.5637867982346841,-0.8986006257126353,-0.7361603656301643,-0.32862371050912154,0.9448145881501581,0.25278533005129733,0.6070269745626413,-0.39509210354156304,-0.002621233479874304
262,2021-03-04,-0.07752902631628586,0.031563235841268134,-0.8719704956863366,0.7705134544797595,0.643235722889915,0.1627695515624816,-0.534708860316272,0.5170546812508026,0.3499161443486361,-0.17190527095736394,0.24537213608166217,0.4800192583301841,0.565274328651319,-0.7238185017911265,-0.27687097649439635,0.3698561210920548,-0.7424614213537929,-0.21732010863941473,-0.24076044537653937,0.6216987600084073,0.28582190020848636,0.4956377674942504,-0.4954294090322119,-0.013210231736806462
263,2021-03-05,-0.27291920812126924,-0.44829133958644424,-1.2029824357207617,0.7196210435724701,0.6473790531940753,-0.11340246428430982,-0.7080390538250366,0.13611031939474114,-0.06996736863752805,-0.9579158469622823,0.15809832127071258,0.4595672919871505,0.27145727589168145,-0.13528697425612302,-1.2618112640472623,0.07200365780630834,-0.6211412465049397,-0.2250973463357201,-0.36523340431436413,-0.3142526336574091,0.3552339824212783,0.2898091551220462,-0.7252006017522328,-0.004442477319560963
264,2021-03-08,-0.2390907061977892,-0.6239087172366583,-1.2029824357207617,0.6502994248558381,0.6248883693377962,-0.032906731404636264,-0.700681151681272,-0.14380768592971732,-0.24595854715278043,-0.7546480256919532,0.07560052385282057,0.4008409314878676,0.05221087472147124,-0.40878660529403615,-1.2170997155729881,-0.2486480477112652,-0.8340001579322621,-0.6579591250725878,-0.37987728183646113,-0.6049949814769998,0.410949524087042,0.1154299526154272,-0.8592318847469912,-0.034423688763883305
265,2021-03-09,0.04148873284001639,-1.3977326786624662,-1.2029824357207617,0.5101445656137837,0.5506899747700998,-0.03490535362081474,-0.6915499675076795,-1.344477257704422,-1.1817926494498228,-1.7271319834736438,0.2378197061628932,0.3108522795785126,-0.24275107194606035,0.8454952283930405,-0.24991080330378526,-0.4269648676630946,-1.1989934539931186,-1.1600270292476638,-1.3244073820117193,-0.9226676686783521,0.42274321727415864,-0.2945628521915206,-1.339442648556973,-0.0074005888181713966
266,2021-03-10,-0.6168835111715913,-1.3977326786624662,-1.2029824357207617,0.3085746086597499,0.44117097779026915,-0.12816499530331482,-0.6759003508508974,-1.4508621001217994,-1.440087056833427,-1.1162219773213,0.08866264949003663,0.18171272066963734,-0.4217886361610991,0.6494045337763151,-0.12680408407603044,-0.5018396854140852,-1.5093996377902978,-1.3753303873489675,-1.291458657587001,-1.182661763313717,0.4276308640816031,-0.5904955414745482,-1.5430495438004201,0.04449213154324725
267,2021-03-11,0.2721652684407677,-0.25448329968399214,1.2725418286609629,0.1422837861678644,0.3615649374509455,0.04411964366280614,-0.6524898428999124,-0.2051425299036398,-0.4941778439286524,0.14983906032940614,0.4257718446405188,0.08471196601410243,0.6018696939155093,0.09821863688744914,-1.1513218471997915,-0.6531919172508248,-0.7034982437523213,0.10472757643433159,0.42553598187887526,-0.7927815234295184,0.48781658926245325,-0.3514424372533445,-0.8590311938850479,0.02282803255620084
268,2021-03-12,0.6021215165443237,0.2203609718420379,1.2725418286609629,0.0581525649302718,0.32823039849115143,0.4992713107745413,-0.32492704179119447,0.45585152776313786,0.3208356920526145,1.2959984486990255,0.44188428937825636,0.08704933359616326,1.1926587357397043,-0.2529589821287029,-0.31249991533756094,-0.7203771597006882,0.3691351160999922,1.4843104677313597,1.2272882762136872,0.023372581173539905,0.5621365407447132,0.017640152724700865,-0.1059746476211902,0.005194816877104151
269,2021-03-15,0.11843161926481019,0.32408794781722383,1.2725418286609629,0.10168598779426503,0.3297284945576949,0.9222041607993863,0.10719734388208078,0.6083886179939343,0.6540023454242904,1.2371252536032458,0.35334428061538675,0.1159742574241693,1.114642980659518,-0.522154517396977,-0.07834554836706586,-0.7081975015933573,1.4844868762066135,2.341679307529788,1.2565760312578813,0.24356642935411163,0.6222114550942012,0.29012706222731666,0.3435557713938306,-0.02270839936981224
270,2021-03-16,0.33781297209853106,-0.23151264013554232,0.4428548451319565,0.2106865420146412,0.3273791798091367,0.47126494027268745,-0.05885341061636308,-0.05260543967284354,0.036063440218528676,0.44651970267739416,0.38394223815815065,0.11977247974502009,0.6990453053354643,0.0820455210014789,-1.0452423096910084,-0.7842727067212594,1.2667810074221546,1.0928127510917052,0.35597756364891436,-0.0010165198768424565,0.6785892166357359,0.23791608917913037,0.18917039758378418,-0.016028838275898915
271,2021-03-17,-0.1964960775813781,-0.0936862048887216,-0.019735924082778585,0.28844658000443496,0.30547541876344275,0.16704395231048197,0.0018994884869840876,-0.346405139552157,-0.375960873510151,-0.17598574378039125,0.25627565736277125,0.089971043073738,0.3993215620825962,0.3508734114517993,-1.4013844768770622,-0.9462215803392128,0.4974411917148284,-0.42715911669946416,-0.38719922059750966,-0.3775652861248646,0.7271246528418859,0.05533873881105488,-0.14071308058779533,0.004478287824695752
272,2021-03-18,-0.3380534943805312,0.07296335125099732,-0.8858118852780442,0.3017303721875079,0.2770805705774857,0.30208020120904616,0.36856017312136624,0.043582038187465116,-0.08332672432848202,-0.3706377792835006,0.06539117374254032,0.06718170914864359,0.26850858673376393,0.061071813060840134,-1.4601647811883407,-1.1465296829631066,-0.38573884548003734,-1.3179252835090784,-0.44943570006642203,-0.2811208628216614,0.7517396359389847,-0.015200351437764142,-0.22725882513237383,-0.013495481474884621
273,2021-03-19,0.03568901778287113,-0.3920597858102522,-1.2029824357207617,0.22824728191314894,0.2321746505343248,0.1931933866867903,-0.23844079649581262,-0.4832213146714668,-0.4075215232108638,-0.8090619141035307,0.05214978810681393,0.05111230702197472,-0.001643660756877394,0.328397587356044,-0.9595008462398247,-1.283906053338921,-1.1169735811423913,-1.7018206616351845,-0.819193607499372,-0.28500909417317133,0.7254386201963307,-0.17388490995497166,-0.4360332155337879,0.011706572232160085
274,2021-03-22,-0.18582206648167032,0.06971024538504698,-0.4098938655446447,0.12291846781334305,0.19170575687181013,0.4595613772819317,-0.3581083421586527,-0.026658408860390663,-0.40643136155961895,-0.6800529873101705,-0.03451579381656277,0.056663555029367256,-0.21604686641816467,0.30659099018495145,-0.6924284250782163,-1.3426725953657377,-0.9277840201628794,-0.7380290832449048,-0.2078117209518211,-0.06312646231528425,0.7204488539466076,-0.15632292922738195,-0.32404742100882433,0.011571112637185717
275,2021-03-23,0.4530720088188911,0.5134925483315105,1.2725418286609629,0.09233078098028982,0.16819390905342485,0.5875054279016374,-0.30728542163456685,0.42990449695068544,0.657836472824995,1.3191210274600027,0.12436916088911963,0.12970629196877473,0.9728991865404639,-0.10621033281022849,-0.6283128776054356,-1.3480634361230144,-0.44928702892339484,0.20044882054913998,0.3669604717904871,0.5888216272573275,0.7199875039831568,-0.033010270087116544,-0.06705124021867345,-0.02690745291992438
276,2021-03-24,-0.029229759938748278,-0.4505374375184773,-1.145124189915434,0.03366889619742405,0.12863743453649307,0.2570351456209695,-0.24951658894937392,-0.6237022087671789,-0.478315957561615,-0.8576380067639641,0.12468966896234167,0.19398390047545802,0.6012101030424758,0.5863450740643286,-1.4112909814258667,-1.4292340395125618,-0.38217481166286044,0.017225153962620185,-0.4421137613053735,0.30865776576154513,0.710948801067005,-0.19296996947230816,-0.3098857464965611,-0.0027309985112316283
277,2021-03-25,-0.4466888128115833,-0.5405336754405418,-1.2029824357207617,-0.038922018872311996,0.07907630769907371,0.04907006465207691,-0.2021231913928989,-0.7290628793389627,-0.730898143948923,-1.0577812599834888,-0.03987761697780372,0.1723632503413888,0.3409966102976082,0.823440593433776,-0.9696217295820182,-1.4840853040075832,-0.7577916132223688,-0.7703210927796623,-0.44577473068589774,-0.34737066190802923,0.7316452659092146,-0.302508990213422,-0.42433540458636404,0.013581014535297337
278,2021-03-26,-0.4479945410102411,0.017502415434569214,0.3190270118534783,-0.08658321360694252,0.04053884662885994,0.0377193950768295,-0.2222190845690213,-0.20225952648003664,-0.16030820524359585,-0.03827838161655008,-0.15885270016078779,0.13321234334187118,0.5837234138548307,0.46918599964326213,-1.4883174992347952,-1.5895642529858918,-1.0111761569088986,-1.0151624443402436,0.0850658294901194,-0.47224363471232017,0.7293830103246711,-0.23369370479663826,-0.23355314505307967,0.016942001305592994
279,2021-03-29,0.27647543919361883,0.6710344650096639,1.2725418286609629,-0.12588707999838827,0.028890276041429252,-0.010856198729647557,0.6003282557935217,0.46502472047461313,0.6183782925231318,1.0420116060432512,-0.06385158317018541,0.10282656477507776,1.3419128101697235,0.0627674293140418,-0.5108377137888853,-1.5831119248422838,-0.30147643388810896,0.30270808096892915,0.5609918489582727,-0.3134093000603364,0.7301119097323594,-0.02831440451157688,0.1352589493268819,0.0008837826470076939
280,2021-03-30,-0.3443856422953816,0.41519115353177716,1.2725418286609629,-0.08679405931570747,0.035522541654503643,-0.20128331807890626,0.5525403631368315,0.33867265193450174,0.44433282644713545,0.6856479379668668,-0.22874685539122402,0.1121760351033211,1.0170008200887997,-0.18842396378205534,-0.510837713788885,-1.5200785229135028,0.4975044962111242,1.293399311409645,0.5097382776309332,0.01127413481185669,0.7301359857148609,0.10751055692330815,0.3202013300350268,-0.0026536946134663566
281,2021-03-31,-0.4988228634618781,0.24215782176656395,0.9748999232761228,0.02584181067541676,0.05035048743381933,-0.15921294798913777,-0.16783213270352962,0.22120155945790804,0.3356081237759998,0.73398858756475,-0.3606630731680527,0.14431483935666142,0.7218680851766947,-0.37007225982054065,-0.5630525196741972,-1.4402217812793277,0.9598263072634229,1.3397332472944485,0.41821404311782673,0.19877833268837458,0.7335421776886302,0.1635345498033046,0.3418271159691111,0.0
282,2021-04-01,-0.4597841257165692,0.24215782176656395,0.9748999232761228,0.16724565050243312,0.06944581308093044,-0.3075675670783189,0.24228050999870507,0.22120155945790804,0.4491349493594569,0.6049715524406037,-0.33940859169819154,0.1700258827593306,0.6349151312212797,-0.6269449530970451,-0.33784407629931534,-1.328544566878547,0.9643560089519837,0.8124713103224347,0.25713139037475946,0.13571838648563858,0.7362505024569048,0.1927088229026309,0.31662356654506907,-0.010685765080461276
283,2021-04-02,-0.5019033678528864,-0.039317429919594186,-1.2029824357207617,0.24793391024416547,0.07902243206606188,-0.5723153978443498,0.27767721997256944,-0.028556799321141513,0.19638822372191997,-0.2905763096912962,-0.4491924622136266,0.1966134390052758,0.37573105581636845,-0.7639001420030925,-0.4044149207562823,-1.2185447122905972,0.031748879040064,-0.767041153238192,-0.24076044537653937,0.17524972621570797,0.7338319769981914,0.10899594602039896,0.11775586247604555,0.006247231384435735
284,2021-04-06,-0.6666089369894106,0.6327790113099048,0.006268805790404973,0.28839444747515625,0.0888070549896871,-0.35551503773850396,0.2048208317747733,0.29369498139166533,0.311974457600233,-0.8193647029872136,-0.61309203204077,0.20976113165436994,0.1730508804630339,-0.9132736536920498,-0.404414920756282,-1.1183802334918833,-0.4728501477721789,-1.1218173702293224,-0.07967779263347213,0.09854108408318617,0.7340106192392012,0.1117477023746776,0.09553866503733331,-0.0008900757151932284
285,2021-04-07,-0.4758648657165446,0.5320631540342524,-0.18628896206675957,0.2783864699670914,0.09727254888168153,-0.23111270175639914,-0.43320371910096045,0.24765901271840823,0.01225050869734108,-0.9949236171685898,-0.642781723349425,0.2030411998559418,-0.05349838907059796,-0.5613971143091769,-1.1649786675961307,-1.1319012920642681,-0.67769332413286,-0.8168967089218309,-0.06869488449189935,-0.07498885840590905,0.767231937111819,0.10305273884544097,0.05964429259278983,-0.006252811797186933
286,2021-04-08,-0.5180348157440718,-0.19066125257304933,-1.2029824357207617,0.23322358885499664,0.09801423882869767,-0.1628884883780939,-0.6679450742024587,-0.07459276799439835,0.13362323779838292,-0.5391095849375064,-0.7299272042420122,0.22846007231085919,-0.051821439759634935,-0.7468364328344345,-0.9151636138801779,-1.169314171259893,-0.38905066653371145,-0.08886366208446403,-0.2078117209518211,0.21382412408162232,0.8189114563808625,0.04013316846488527,-0.05491092248856857,-0.011717123687753805
287,2021-04-09,-0.4107749488620914,-1.3977326786624662,-1.2029824357207617,0.12954563524182475,0.08210743536454518,-0.461095050028522,-0.6724149003589625,-0.6730603607467551,-0.6785322304702405,-1.7361715994950544,-0.7235711155412865,0.24394513254201414,-0.2623148118586656,-0.010838087109602252,-0.9123958904075639,-1.2154969520320336,-0.5993709331714253,-0.435977755429332,-0.49336733263271304,0.08743810069497107,0.8037340415236889,-0.10048227641340081,-0.2695507652647037,0.0
288,2021-04-12,-0.5354529763747113,-1.3977326786624662,-1.2029824357207617,-0.020613862086300387,0.05724645611726212,-0.307389692883679,-0.6774367077402278,-0.6730603607467551,-0.7285634892251613,-1.014322851550937,-0.769201226857237,0.22846007231085919,-0.43268367843327954,-0.2129360379032991,-0.8521763485125037,-1.2544275386654256,-0.9297631531080208,-0.9586871351612485,-0.35425049617279136,-0.10143072657363422,0.8024502543247445,-0.17855087992768853,-0.34224849292822607,0.0
289,2021-04-13,-0.625313698085256,-1.3977326786624662,-1.2029824357207617,-0.1768755588600034,0.028748523793051938,-0.16730786828846772,-0.6001050129522916,-0.512676986014116,-0.5592939577354608,-0.5856867547124796,-0.8564202981865261,0.17966752403533084,-0.5706402835776938,-0.4277218499831158,-0.852176348512504,-1.286480019176322,-0.9994458758582877,-0.8330268518377516,-0.277370139181782,-0.3334727523183804,0.8186204802393586,-0.21538486048509045,-0.33513062095854584,0.002716162828777683
290,2021-04-14,-0.7229517426101365,-0.9909087033768925,-0.3823398357063594,-0.33379358413942717,0.002933651087260943,0.07557552851021443,-0.6119119660130959,-0.3478385175388966,-0.4299004887972389,-0.20662445342052888,-0.9769105375264862,0.13292017239411422,-0.681672559576837,-0.6005889449843432,-0.852176348512504,-1.3124067328483209,-0.8035427242723521,-0.3733794869094263,-0.07967779263347213,-0.30856518128328714,0.8145492751986563,-0.20183351217595222,-0.24967433655919127,0.0009037506263566791
291,2021-04-15,-0.7094317511162667,-0.8492140000768046,0.677277237453353,-0.44277702743564223,-0.01828961765890843,0.4334398396159909,-0.4118140467510712,-0.666111535286636,-0.69638851009949,-0.4823744878318152,-0.9718727644453946,0.09230841065579883,-0.8122539640157947,-0.2368158186075679,-0.17032197892656492,-1.243000404675434,-0.3140161359233218,0.2985303998926178,0.04113419692382832,-0.2600782644534366,0.81042954909529,-0.17432130819181377,-0.1592087172316193,0.008992866360563807
292,2021-04-16,-0.6116035519993487,0.5466089641430314,1.2725418286609629,-0.4710626614844051,-0.02566608787248776,0.6970026864965085,0.015798815393482303,-0.023345180226056875,-0.10456476113010155,2.095341816183297,-1.00587878268792,0.05841658071591677,-0.47980475291567304,-0.46383356570928413,-1.0555785611043595,-1.2475866443531058,0.7240161478047317,1.5464349303988532,0.3669604717904871,-0.13673626478739492,0.8101228677632994,-0.06804786824967705,0.03784595865905442,0.004466287013441085
293,2021-04-19,-0.4462768111955019,1.2116214083542138,1.2725418286609629,-0.4137611132558086,-0.019040205890539712,0.5433304607690348,1.7853494788295794,0.4855115175302443,0.371152302393713,1.574086330681124,-1.0457623428510705,0.040009811007184475,-0.27826890619626876,-0.6630634798762026,-1.3468729695057686,-1.32803758318187,1.586060199521416,2.1770565321849182,0.42553598187887526,0.07360767000566523,0.8183650347995679,0.041416776614754916,0.200541504146705,-0.016172859245601183
294,2021-04-20,-0.23923015289861674,-1.1084432579463106,-0.7052664643294985,-0.360645540660145,-0.020483737026010675,-0.038184350005374,0.3019754835048555,-0.791986613152673,-0.3988707698724884,-0.12643055279116325,-0.9635604808593989,-0.005276685895252576,-0.4855372230077637,-0.22085784073099737,-0.7723244470562883,-1.3647143634739038,1.256116160538625,0.8837699563652754,-0.1748629965271028,-0.23650721327170807,0.8104932868235665,-0.034807208528582254,0.036745427113626494,0.0018099552452396077
295,2021-04-21,-0.48776220469169396,-0.8050292003680882,-0.8745386322831052,-0.3237189090680138,-0.02439046089238872,-0.15673497104170175,0.8718685348078687,-0.5478425259554882,-0.6866112150876599,-0.7914025878855007,-0.9611927191117248,-0.04004502867841069,-0.6438902269987007,0.20875621173010162,-0.09506386072900086,-1.286579143884404,0.5208432928979256,-0.43096975044853036,-0.1236094251997632,-0.19952755704837288,0.8073903663551222,-0.06094856103319679,-0.015008627900566639,0.01347124098987978
296,2021-04-22,-0.022884935051095377,1.3318635155030099,0.8467317580530521,-0.266786875872874,-0.015158295059704665,0.4368722911158637,1.294424824315093,1.0314508896169552,0.6076752182771118,0.8769966867217079,-0.9466197641444533,-0.047057131424590594,0.09158734841206488,-0.1078072330313233,-1.482420757626355,-1.339551680575916,0.48057479913261436,-0.039676121051027295,0.28641914541895347,0.07366352442788052,0.8191012414465693,0.04765386763948894,0.15689291225044652,0.007996488634226355
297,2021-04-23,-0.06615144322603915,1.3406880468492275,1.2725418286609629,-0.19287729318463634,0.010271108146015489,1.0237278566655965,1.6827051099680237,1.817603585421819,1.247648350576998,1.31830129510239,-0.9096039090323718,-0.030403387402407816,0.37424965563520723,-0.40225388792137606,-0.8592168362209074,-1.3727497483539317,1.3246452591401883,1.5393331915888222,0.45482373692306927,0.35214758683543135,0.8344873965610158,0.1852326563788402,0.34028487900425836,-0.005323881252749966
298,2021-04-26,-0.3959492291695638,0.7015568614330416,0.5204714226577012,-0.04694915421397913,0.03874457755023361,0.558935000278121,0.3662041755066762,1.0938439607125776,1.2691817516974075,1.0324483947518317,-0.9180274616501031,-0.021346088021924038,0.29055958734553805,-0.6397218908886586,-0.6573222008472435,-1.3664730782421917,1.7406820077772227,1.8154963057975975,0.2205216965695169,0.2763979308301919,0.8376119127483521,0.21505607081847175,0.3164173936266225,-0.0008900757151932284
299,2021-04-27,-0.39444700789246717,0.5931361980108794,0.3924107599020389,0.162932745371242,0.06660886286572802,0.6984237796611608,-0.16690790853829138,1.012732968288268,0.929027296934924,0.6524177967919534,-0.912087558175156,-0.008782737268343823,0.02832046917980083,-0.49776717960531064,-1.13985695297049,-1.4043243530420504,1.476024967183862,0.8898788699135285,0.1839120027642743,0.263772988162653,0.8400002587098678,0.2181820712553783,0.25506033327927147,-0.03719249533201634
300,2021-04-28,-0.15128999256765133,-1.3977326786624662,-1.2029824357207617,0.22118583387923532,0.05452420106271914,0.17952944888112246,-0.18973735245800316,-0.06333953120760161,-1.6087736279472307,-1.3821414948849602,-0.07053842783245601,-0.046764960476833636,-0.5327562270602836,2.973112973826943,1.104107611754268,-1.165112298494184,0.7357245927558745,-0.2711319303562925,-1.0425127397113516,-0.29090261229041453,0.7987619194943324,-0.11288817371269602,-0.3230713115643663,-0.008352716775728354
301,2021-04-29,-0.62619474769503,-1.3977326786624662,-1.2029824357207617,0.1315108746725543,0.010868873142918104,-0.2799462223612537,-0.42099885578188284,-0.40400569938970965,-1.7079792906380378,-1.0832320256426287,-0.2467750766901704,-0.09614185064787585,-0.6766126148297629,2.3789248662366553,1.1041076117542674,-0.804068917099345,0.14620189299577227,-0.719194745439375,-1.163324729268652,-0.41642288408432565,0.7483814396585159,-0.377054190872387,-0.6796645642069196,-0.015023756760460862
302,2021-04-30,-0.4440076330638538,-1.3977326786624662,-1.2029824357207617,-0.07875463519270048,-0.06362345262805785,-0.19681023574936457,-0.663701132850623,-1.00963444282457,-1.7684877962783516,-0.9095345235789902,-0.2229407033776214,-0.17269063896037457,-0.847108895372309,2.8400117304336336,1.4836356048402386,-0.3601938341327136,-0.6497601637200346,-1.3356124210608715,-1.3536951370559134,-0.7367282875138162,0.6781244148176123,-0.6448084256133064,-0.9706194579826932,0.00754009227328786
303,2021-05-06,-0.7512530843917251,-0.9773202778019262,-0.6415700608293449,-0.35009932334815874,-0.1440825151077384,0.0580412650403256,-0.7642745470552244,-0.7068200711071401,-1.1200620609868048,-0.5543931439178452,-0.36869689712630277,-0.22966397377311837,-0.9565155794384995,2.258576510874359,1.4836356048402393,0.08970762041408659,-0.8884695903796749,-1.10276864745737,-0.7313303423667896,-0.6961614894759229,0.6344395307046663,-0.7122081229040158,-0.8862141426806613,0.012132673325416888
304,2021-05-07,-0.5329936436510258,-0.3388261835071442,0.20404732029721293,-0.5266383290766294,-0.2101410233354631,0.03825520747516386,-0.6343644626977687,-0.2147467170663202,-0.6113901073842625,-0.10116743056427488,-0.3458356508647916,-0.23930561504911865,-0.33219082997418203,1.5940484185892274,0.305629811526321,0.3503110585261863,-0.7645644495566278,-0.48114572280767925,-0.03574616006718106,-0.3166770479958459,0.6150490211915755,-0.615811414492318,-0.5593936419617106,0.0
305,2021-05-10,-0.4812525791576085,-0.3388261835071442,1.2725418286609629,-0.6205370254376815,-0.262168224352258,-0.2895972773935919,-0.5308728694494775,-0.2147467170663202,-0.37049313265983785,0.8282479964469639,-0.365582890562979,-0.2553750171757849,-0.23370410188470447,1.059804744976786,-0.12384804605210605,0.4363146235556854,-0.06437322854192387,0.6049499675189723,0.21686072718899263,-0.3412654034741274,0.5985897554507004,-0.5279790841245898,-0.3114949936938721,-0.011194146743152587
306,2021-05-11,-0.5941283449910979,-0.7417441994131317,0.4142840864467814,-0.6695364964001459,-0.3122463229768352,-0.5718401001836804,-0.47041094223788504,-0.6689682746424622,-0.6526084407275249,-0.37340272763225457,-0.36870193675239693,-0.3029988816602828,-0.45215249400388263,1.5290091646470723,0.4373677102360187,0.5003675209010889,0.14454082701070659,0.5656218626584375,-0.10164360891661767,-0.6719481193596835,0.5697377052064421,-0.5445606997115323,-0.2784675194104973,-0.0018779348242000977
307,2021-05-12,-0.684756023556194,-0.8071205327795803,0.2810210108671212,-0.7036816604887612,-0.3583768481743485,-0.5401758620970631,-0.46049516470425345,-0.7446718675718179,-0.6340440639906906,-0.5188423980677416,-0.5360208661026542,-0.36114090026405443,-0.5900901303618559,1.1369992483078262,0.4373677102360187,0.5479922900529415,-0.06760445132155567,-0.1335904017549371,-0.11628748643871469,-0.8020626583842096,0.541894548223333,-0.5440400232673758,-0.22497192902749497,-0.004710324300183353
308,2021-05-13,-0.534609957683345,-0.9739992870562894,-1.0090323101689023,-0.7465591507987113,-0.40223717766389105,-0.6595956812339269,-0.4440082867214835,-0.9339308498952142,-0.6205728128891707,-0.8119088645891375,-0.7079122462902565,-0.4292167310915781,-0.7043757889371624,0.812206735982803,0.4373677102360184,0.5833476248895657,-0.7895692127606109,-1.2019781186026932,-0.2993359554649275,-0.7940152464597272,0.5109069988561792,-0.5570499115052243,-0.20359488071137308,0.010333581854545398
309,2021-05-14,-0.5113730665363564,-0.3495918013778844,1.2725418286609629,-0.789655828422485,-0.42988622355654915,-0.4045234555762339,-0.3774344687697493,-0.5175610887837502,-0.36576965860641636,-0.04548335558560231,-0.7947103681638075,-0.48648223685207886,-0.3774505165235351,0.47277971089846865,-0.3236442096412408,0.5090068824891786,-0.775817503018915,-0.7861454396883459,0.04845613568487683,-0.6459311398112109,0.494468006826266,-0.4504965346944715,0.002780179112492547,0.0009341429917971439
310,2021-05-17,-0.5328541969501982,-0.293938998532343,1.2725418286609629,-0.7876992904328795,-0.44307484217546167,-0.3745019601771071,-0.37739576817535275,-0.47970929231906545,-0.11541328441045884,0.787727456608791,-0.864148865662648,-0.484437040217775,0.04153516424074977,0.1659274981134444,-1.1564282110549802,0.27473436377210336,-0.27540806519607514,0.25514808753178764,0.12167552329536196,-0.13029557811352027,0.4804235661930625,-0.35584407073600904,0.1490406068784492,0.0009332711829985259
311,2021-05-18,-0.735888593355091,-0.0878159691816358,1.2725418286609629,-0.7553409195410619,-0.44371205645094797,-0.12653187265025795,-0.25849827289074534,-0.44185749585438755,-0.151879953850849,0.8851939721307482,-0.9450571547999872,-0.46427724482249316,-0.14884444372654673,0.18796818207502172,-0.8884299238190032,0.013398022999196468,0.41080225091457206,1.0542547555556359,0.1912339415253228,-0.001703788545362041,0.46883730158514064,-0.2725450140600855,0.24807605216973946,0.0018639334380627327
312,2021-05-19,-0.7350265592045209,0.083238833160821,1.2725418286609629,-0.6838832725535221,-0.4327909356056987,0.15148676627252303,0.24595745052599435,-0.31333744274176045,0.14437102351889705,0.996490931754785,-0.9337113126950631,-0.4192829188678209,0.06561604781253094,-0.12993431743516895,-1.4733989293530056,-0.31770284982383784,0.7889742688112216,1.1122463472408575,0.21319975780846837,0.23523846779107796,0.46338171366315406,-0.19182132785937178,0.32322749413961965,-0.008415196925284472
313,2021-05-20,-0.677625226354786,0.4666183455321288,-0.1265984581539477,-0.633590549808117,-0.42203638990918,0.23339515675324363,0.23903935754980069,-0.629270049081944,-0.35969315840275046,-0.39768763541824526,-0.924634639011124,-0.40087614915909114,-0.16942918900418616,0.16651080744191943,-0.8793388935489711,-0.5788780225129116,0.3358363332254602,-0.009788261793667114,-0.10164360891661767,0.01127413481185669,0.4572696910380106,-0.20363131391058517,0.23686415088017929,0.0
314,2021-05-21,-0.7534715546321632,0.4666183455321307,-1.2029824357207617,-0.6119620736363792,-0.4101499725257053,0.23859872831004042,1.0593187841813516,-0.21474671706631754,-0.14761782017294456,-0.5211863954969764,-1.0061245190478978,-0.40292134579339245,-0.33578330376835497,-0.08944266102351153,-0.8793388935489704,-0.7830563953222851,-0.13120610887690212,-0.6700813979915198,-0.13459233334133597,-0.1566563409857786,0.4462854985601754,-0.1993164406613912,0.19329977220012612,-0.006594465725280825
315,2021-05-24,-0.7330616284201329,-0.209384778394076,-1.2029824357207617,-0.6267353873009053,-0.4030743439727424,0.11702372315800885,0.013119375298842688,-0.7446718675718232,-0.732687115195642,-1.1019499612118768,-0.9825652040933918,-0.4242498249796995,-0.5250684199880955,0.29806447262132146,-0.2274560112942862,-0.8553559961825334,-0.828275533714611,-1.3133896850880138,-0.306657894225976,-0.24708044333835277,0.432349433830766,-0.2410819699338031,0.08550115267596757,0.00753299230754523
316,2021-05-25,-0.6500845029413475,0.8495840181072568,0.7957035553943776,-0.6687859348315326,-0.38995468429477465,0.13660620643015395,-0.04561224439498113,-0.33845746648745956,-0.4193444282028287,-0.46456434826476595,-0.9256815154223881,-0.4210359445543652,-0.5777188616197325,-0.07150193633768795,-0.46202825685654714,-0.8854617634550892,-0.5936369862469169,-0.472891221553605,-0.0027974356424627536,0.01127413481185669,0.438493532567119,-0.18964130482836697,0.14681138326233975,0.001874414794350352
317,2021-05-26,-0.6462497186685903,1.290506128815069,1.230228455552855,-0.6750671773885448,-0.37027125777069864,0.15358586833488055,-0.0007037520613743567,-0.1722788478620446,0.08469656463741894,0.4489618676242731,-1.0196407657460436,-0.3982466106292708,-0.7001948097981339,-0.29806518969329293,-0.46202825685654647,-0.8915824509565727,0.1443865151865495,0.8164296821114067,0.08872679887064365,0.06362493091071379,0.46620604489875384,-0.13181680954306868,0.205965425729091,-0.0018744147943503039
318,2021-05-27,-0.687399172385516,0.9453291013947174,0.833256064490245,-0.666595215004511,-0.3479864434035797,-0.12012570949771773,-0.3947285206154765,-0.33845746648745956,-0.017469410287657604,0.6524177967920423,-1.1201656571432346,-0.36289392595059616,-0.803212917092045,-0.4886341780553802,-0.46202825685654664,-0.8849662049012654,0.9011673112710956,1.5259958352707739,0.06676098258749812,0.10332057705555382,0.5009643833712025,-0.1044679953263959,0.20504444007508965,-0.008478618855552232
319,2021-05-28,-0.5131731966743118,-0.538140688185294,-0.7609859768323796,-0.6640057868467463,-0.33243228439296013,-0.43966771722807674,-0.43527131650822726,-0.9339308498952089,-0.9769653791168398,-0.9668373629941276,-1.0991556057079255,-0.3523757718313198,-0.9309250663353307,0.10326003019456631,0.38706689199181876,-0.7602034645955121,0.6283044390279645,0.4888603484300136,-0.20048978219077257,-0.15791189594501315,0.5646739861128449,-0.15237722631448675,0.085171161922279,-0.010461341245369349
320,2021-05-31,-0.5732366938125725,-1.3977326786624662,-1.2029824357207617,-0.7119982829268088,-0.33085793207014824,-0.3700821099733827,-0.5579799445217448,-1.3224098136116433,-1.753132095878496,-1.5546900277935316,-1.069668818990546,-0.3637704387938722,-1.0467732226251167,0.531748211704265,0.9319561651036535,-0.5133521795241043,-0.4014654044949578,-1.2418459444035648,-0.47140151634956756,-0.3137798278934728,0.544360189961099,-0.25956234071254664,-0.10456355014951206,-0.004791576009899395
321,2021-06-01,-0.5238725617196246,-1.3977326786624662,-1.2029824357207617,-0.8301143985797572,-0.34109842652006855,-0.6501521727996229,-0.5818317895927917,-1.2694354094685087,-1.8334940468369063,-1.235233251841087,-1.1094731174623056,-0.38772845650999443,-1.132407179772239,0.7262830281211123,1.2255693388408746,-0.18556779910108545,-1.2675270287776295,-1.973643201239566,-0.5446209039600527,-0.39141678368738425,0.514466670539484,-0.35017364902228204,-0.23011432319359348,0.0038350957839424884
322,2021-06-02,-0.5789096391416927,-0.6821882625120862,-0.405132149707911,-0.9845975690677334,-0.35245491694074726,-0.7766406350297661,-0.5649174754035683,-0.8351870330308385,-1.3720483094438283,-0.7562386045502051,-1.1539953018088456,-0.4084725938007876,-1.2065642818990556,0.5721249435568408,1.3191077909658293,0.16910999756178757,-1.2546964861956673,-1.1520297534744042,-0.2883530473233547,-0.3647352144494035,0.5002486818883028,-0.35525222333106565,-0.19515320950080245,-0.004796172263492944
323,2021-06-03,-0.7463787883491626,-1.1539566021526313,-0.7221725767119791,-1.1227551164023557,-0.36692194561912733,-1.0762556654437154,-0.7070181415428873,-1.2054763462722522,-1.0756700561359043,-0.6010950338836702,-1.2022917948552094,-0.42629502161400595,-1.193641608226906,0.26712046119464883,1.1186022419480184,0.4820634940767483,-1.181009009264358,-0.6816287332755308,-0.2993359554649275,-0.3156111178242067,0.4763757134920215,-0.37994463894427466,-0.19823381225589579,-0.006753523015779778
324,2021-06-04,-0.6379906708877594,-1.3977326786624662,-1.2029824357207617,-1.2285639330420255,-0.38740364994783083,-1.0465704749846791,-0.7090861189603567,-1.3051696229141843,-1.1550548486113454,-1.0339807957889984,-1.2155714981540362,-0.4485000136435839,-1.2657510732901553,0.7146058211417199,1.5285116889489394,0.8023418505645747,-1.1641965741569549,-0.6933447579524588,-0.35425049617279136,-0.40713898856230485,0.44783510141620514,-0.4313023450771264,-0.24291051374922254,-0.0215272500991672
325,2021-06-07,-0.34013251792014176,-1.3977326786624662,-1.2029824357207617,-1.3251065982591714,-0.4296784148012959,-1.053364423925309,-0.7157854713573055,-1.363599890845626,-1.540805266256922,-1.654232207611146,-1.0360140772561108,-0.48239184358346854,-1.3657855745506178,2.1190751480212877,2.1687493761327086,1.1848047168136797,-1.4293076602568187,-1.1244805958724169,-0.863125240065663,-0.6073361230595302,0.3837025875473153,-0.6157400936718774,-0.48932289430842246,0.0019762852282121804
326,2021-06-08,-0.8614857013958925,-1.1810264623967939,-0.6563076259742606,-1.4176716514308312,-0.4787909862691682,-0.8396943364709971,-0.6203701592236376,-1.2313378221176878,-1.3395101529486175,-1.0262458845048117,-1.0952280696438896,-0.5343982722843311,-1.415840684697735,1.634191137423718,2.1687493761327086,1.5677729152879996,-1.4258930803761358,-1.014303644156471,-0.6031964140484407,-0.6810725100302664,0.3348258916598356,-0.6817498577067614,-0.49897657191539807,0.004923692861784521
327,2021-06-09,-0.7524700737807655,-0.6373196008969396,0.7253839886603469,-1.4985150733252426,-0.5221383541119053,-0.6389080308282701,-0.4181604559179479,-0.9609678473699887,-0.9806583001979857,-0.5206797126292669,-1.1172417724158483,-0.5843595043508847,-1.2284997627436156,1.1612339932339923,1.6226508693117383,1.8475820194951529,-1.2117557490081592,-0.5862208217324544,-0.2883530473233547,-0.6406599364566966,0.30147500650972564,-0.6494365124127615,-0.3510501071762303,-0.003937012959339532
328,2021-06-10,-0.7820264358698019,-0.8171871903642174,0.8131662902343728,-1.5543964878473207,-0.5609425596804171,-0.5679073390289416,-0.6409275075501651,-1.177263827168148,-0.8697169539356393,-0.41986732554875694,-1.1602102257716798,-0.6316911978876204,-1.2944579651545827,0.7726147026032717,1.6226508693117376,2.0519173732225555,-1.052807055562298,-0.44280284586004837,-0.2480823841375879,-0.6680093657879619,0.26708127735806053,-0.6306501626580638,-0.254122709279808,-0.0019743343037177405
329,2021-06-11,-0.7722334743798681,-0.9080580554262411,0.5798742261392541,-1.564453333090134,-0.5941680518663227,-0.7555039024430311,-0.6386720875814673,-1.2854118170672375,-0.7518804980290301,-0.5324559810635849,-1.2452999707328734,-0.6626613183499355,-1.3436132738901854,0.4829964214296815,1.6226508693117376,2.201065274360093,-0.985446707006987,-0.5009394336251949,-0.1565581496244815,-0.5815726289566724,0.23631250659944736,-0.6049690912075717,-0.16566617130207242,-0.019960742562537943
330,2021-06-15,-0.5660361732607506,-1.3977326786624662,-0.9801630264997117,-1.5654854203065092,-0.638934725523373,-1.0107537633316754,-0.6448156262267479,-1.377073832896335,-1.017906082785551,-1.9571256425327885,-1.085154346457447,-0.7006435415584253,-1.4292529933493345,1.9819751491593947,2.269062690360067,2.3952892494087124,-1.2085325925450328,-0.9273002656015149,-0.6324841690926348,-0.7076234131460797,0.18242466666578347,-0.7193150861803123,-0.3165693765191143,-0.009113987137706205
331,2021-06-16,-0.6921276832408497,-1.3977326786624662,-1.2029824357207617,-1.5832517056409232,-0.6941895222303015,-1.1104000509269072,-0.6101314832145972,-1.2795342089205413,-1.1789839206801984,-1.3721290912995365,-1.045789066021031,-0.7427161580355228,-1.4862300864472262,2.4961605720974602,2.465580371189829,2.6226214403785577,-1.2809534495493153,-0.9686817475537083,-0.7935668218357023,-0.7645837731739122,0.12501650784216192,-0.8258377912563368,-0.4249073605044952,0.01614565850138689
332,2021-06-17,-0.2935573198437446,0.321118350885756,1.2725418286609629,-1.5771272908837644,-0.7340450188515318,-0.809250060347359,-0.43694393814512195,-0.6689682746424622,-0.4417161165931954,0.20064703535945883,-0.7226856935818514,-0.7719332528112884,0.4944968666839059,1.3755027225248853,-0.762372914025454,2.4217889551932505,-0.8692355942524603,-0.23352466453659626,-0.12727039458028747,-0.6017060958729546,0.10113792355258815,-0.7242479181499863,-0.1821272292139269,-0.019202206983935818
333,2021-06-18,-0.4388100742148275,-0.21630242912462105,0.27579850606682166,-1.5900579397928736,-0.7777553788693865,-0.8510222085004522,-0.6351102954645657,-1.1884515502611586,-1.1798251172713852,-0.9762686799421396,-0.6163479424600982,-0.8195571172957837,0.08981351996791402,2.722162205835128,0.30815249198315303,2.160344608189303,-0.7844629577480006,-0.2515563547635815,-0.5922135059068679,-0.7921092360898531,0.0543461885695214,-0.7795238657288607,-0.23622797992888897,-0.02166149678117942
334,2021-06-21,-0.5487257668989324,-0.9916827948373723,-0.4117779468388388,-1.6103903767129837,-0.8387772366446887,-0.848691449907402,-0.6510144312006259,-1.4638560004007188,-1.47271419384768,-1.1488362900445013,-0.5946714694083566,-0.8794521615860971,-0.2026114958198234,3.040594057176035,0.7372127120716657,1.9460085588931966,-0.9506003013661165,-0.7079164931559931,-1.0388517703308273,-0.9862796603574816,-0.01525961286249565,-0.9430752657843432,-0.45091294379548474,0.002083334086854269
335,2021-06-22,-0.6833805720071224,-0.7668533721621886,-0.16609379296438373,-1.6214227705550652,-0.9014883718901601,-0.8919524440671946,-0.5128616014173708,-1.2086616306872389,-1.2379590624192953,-0.9845729069129536,-0.6914390010891551,-0.9051632049887688,-0.39497139853366486,2.7976937784606912,0.8789630082990829,1.7919331780002608,-1.4506443555967865,-1.4144001201587149,-0.6544499853757804,-0.6774158633234691,-0.07153695035925832,-0.9820730533564769,-0.4254875745292164,-0.0010411245084105038
336,2021-06-23,-0.7354702532526085,-0.7149475063298998,-0.20309988003193305,-1.6588714862775582,-0.9589838480282197,-1.1058318354927417,-0.48906668154485544,-1.2452924014595077,-0.9995465213950306,-0.6659142880177334,-0.8195680087103228,-0.9370098382943496,-0.5436390280919112,2.2606953260274305,0.8789630082990822,1.6811806182022442,-1.529148681209166,-1.2486936720820745,-0.49336733263271304,-0.717295977134545,-0.11455796229313737,-0.9679212245014084,-0.3210093147421774,0.0010411245084105101
337,2021-06-24,-0.7487493822632307,-0.4520483595191574,-0.6527343224775753,-1.6746501998976815,-1.0051725950510106,-1.1089104631339037,-0.2704992280413852,-1.184809035765761,-0.8147035996600611,-0.46709625885728123,-0.9093924692381247,-0.9787902838236954,-0.6836839634886904,1.839632781037357,0.9139833972171146,1.6061996931093776,-1.260197643450588,-0.6052522822782345,-0.32130177174807306,-0.7684338911713346,-0.14406537567581815,-0.9063719075576154,-0.1623945913056631,0.007257678306284511
338,2021-06-25,-0.6560109877265178,0.71301187049498,1.2725418286609629,-1.6499789762269628,-1.0308392762379226,-1.0899956419536547,-0.38532930281994177,-0.8380724043028468,-0.5406235373635456,0.17311389977312927,-0.9432158009529721,-1.006546523860671,-0.3155266948093793,1.3231572040720025,0.1407208583357525,1.4534218477491723,-0.5412223841292884,0.3794479476492726,0.13998037019798323,-0.6204461226493182,-0.15637770769531156,-0.7711927657666049,0.08105613925359685,0.008230499136515444
339,2021-06-28,-0.6328881893347518,1.3406880468492275,1.2725418286609629,-1.5778343564754254,-1.0304173371244325,-0.8912010450752821,0.20253932814258407,-0.3661539029250337,-0.1598798548611009,2.000157902403038,-0.9195594840483189,-1.022031584091826,0.556651258613634,0.8080723212742649,-1.2003986155477864,1.0962256342419192,0.28644930375494426,1.1875930111802702,0.46946761444516627,-0.4840926867718048,-0.15909983331863803,-0.5895059458060082,0.3494402346874077,-0.012371291802546829
340,2021-06-29,-0.8561043264412299,0.6293460029775919,0.20738258688900169,-1.4901971260775688,-1.0221442056479106,-0.9576080259154117,0.6386722323493924,-0.9586168041113052,-0.384982763795817,0.45525229248739246,-0.9133131760937286,-1.0214472421963094,0.23575234583088445,1.0602805750700766,-0.6928857212029635,0.730949225694366,0.4574455424982979,0.7861885191385922,-0.017441313164559782,-0.38177901976908685,-0.1738824000644317,-0.54665784299368,0.3443602797727547,0.002072539601972375
341,2021-06-30,-0.9237486533153876,0.8840933223718027,0.5027628412142952,-1.3982765396590409,-1.0036330645831923,-0.828219808236423,0.4545107049330144,-0.8598729872469281,-0.39438166855823886,0.013529575440014003,-0.9970673487139838,-1.0050856691218786,0.016727227143321036,0.7825875714597387,-0.6292167745827636,0.3997811203321915,0.1277128011034816,-0.12517285719737506,0.026490319401731296,-0.22955017847302298,-0.18297878831608447,-0.4783336199442076,0.3806260311050573,0.01336780831799232
342,2021-07-01,-0.4716244183141073,1.3406880468492275,1.2725418286609629,-1.279987799109959,-0.9629114737637042,-0.7811738411618998,3.505940964805681,-0.21803817762846825,0.20967871059561358,1.2895946611178615,-0.7471020475818768,-0.9939831731070934,1.4870487808683106,0.13798479084000567,-0.4784128981223306,0.13297456370361754,-0.05973340692992332,-0.3357159680753533,0.3962482268346812,-0.2675108854543369,-0.17115942395727912,-0.3101861685998608,0.567662787198961,-0.01544034791996459
343,2021-07-02,-0.7053307504146569,0.6382953654512687,-0.49597527588812346,-1.1902423569174034,-0.922571351871619,-0.9865008077588318,0.6072102414174307,-0.9586168041113052,-0.21118234950650006,-0.25719448777268306,-0.7373109902131784,-0.9711938391819964,1.0153129476559282,-0.14141987025262853,-0.5595011585211949,-0.08992826720001351,-0.33440948432266226,-0.5237630963551356,-0.1895068740491998,-0.2160778939603274,-0.16663546642172772,-0.31164322100418096,0.44880149254805984,0.005173317280220599
344,2021-07-05,-0.7315467301702337,1.0372595933831845,0.18766998049252354,-1.107187824764847,-0.8762268404768029,-0.8004424575942801,0.5516521045541931,-0.7117572619503626,-0.15990253022287929,-0.3453488123616235,-0.7928718721638804,-0.9171422138468351,0.6652956825762936,-0.2559662472933754,-0.7380878106838547,-0.2958311578996765,-0.4804923637789042,-0.5445783285087128,-0.006458405022987013,0.1564807225313174,-0.15558545615750666,-0.256582924140171,0.44318167671844017,0.00924505814405099
345,2021-07-06,-0.7321679018375564,1.3406880468492275,1.2725418286609629,-0.9958073236719782,-0.8163477945409631,-0.5520028863009527,0.4786297753027963,-0.2674100860606571,0.45874858568382915,0.9575336450822337,-0.7866055954479134,-0.8549098019744583,1.0679048539353615,-0.5518132174408503,-0.07832531455586209,-0.38907995317023714,-0.5319879198173325,-0.4427520463593707,0.31936786984367177,0.25761159574737913,-0.15271773957068113,-0.1379917187234332,0.5392577882528343,-0.0051255878488122054
346,2021-07-07,-0.7161188542695872,1.0831233616351437,0.466688454382304,-0.8883473651807056,-0.7537282927235452,-0.5185062675087245,0.2745705967770699,0.12051205162084466,0.9440828159137595,0.8403049244233504,-0.8069500652134064,-0.7926773901020789,0.961728690659547,-0.7923032042621693,0.13679224353733727,-0.38881724433660453,-0.174644786608275,0.17037842651093796,0.07408292134854662,0.19984606492628737,-0.14776502773367786,-0.09748857536440271,0.49250215820693266,-0.011369631520298646
347,2021-07-08,-0.7475577468197954,0.5534310827776423,-1.2029824357207617,-0.7981320599830473,-0.7016023862582811,-0.46328870412686135,-0.170290852308557,-0.771708865046593,0.00815644967490299,-0.5801750617827022,-0.8105468954566664,-0.7421318161400089,0.5855135626085546,-0.12082714922796149,-0.9534028951176,-0.4849099423673816,-0.3883217490206097,-0.27571365238318013,-0.31397983298702453,0.02576457369041592,-0.1396145935223174,-0.15365032728673456,0.30207326637351145,0.0010389611324192604
348,2021-07-09,-0.8789482314313408,0.5962523757893567,-0.9878922728954541,-0.7299312645339148,-0.655227212291407,-0.5541451402571947,-0.3434904829663323,-0.6905978726222689,-0.256897911406742,-0.6691896869950827,-0.8641393419278031,-0.7023965672449722,0.2966562253960781,-0.22829732710264117,-1.1359474474569558,-0.6464382740937206,-0.8819030364642962,-1.067888252439264,-0.1748629965271028,-0.06065412842314268,-0.12624810764044112,-0.17039035684422574,0.21213631300463096,0.0
349,2021-07-12,-0.7639300571942284,0.5962523757893567,-0.9878922728954541,-0.7051361842006653,-0.6125345067027216,-0.439189236189181,-0.12236592189304596,-0.6905978726222689,-0.1959227434795697,-0.4520866356664162,-0.9450495358121088,-0.6746403272079939,0.06579711494472683,-0.4628674072712583,-1.135947447456956,-0.8281661469523796,-1.1942962563653654,-1.2313516862077243,-0.17120202714657853,-0.1742064521859416,-0.10355797852099058,-0.17051632118964663,0.1664874787227882,0.0
350,2021-07-13,-0.8228145958618562,0.5682561576342778,-0.9878922728954541,-0.7402110613908252,-0.5721768775161238,-0.28491548664872085,-0.33688430710139233,-0.6905978726222689,-0.7397032124354168,-0.8203656237584621,-1.0224564364886881,-0.6413328391636233,-0.13437461222806873,-0.14455603599410163,-1.22828796980583,-1.017565630468452,-1.0440351175929452,-0.6674954160848758,-0.1309313639608117,-0.0031712093399029044,-0.10002713645672429,-0.16059528065544698,0.14587322106739012,-0.0062500203451712946
351,2021-07-14,-0.7572049231225004,-0.2018765688808796,-1.2029824357207617,-0.7705925581200236,-0.5395894674991425,-0.14848974405112889,-0.603448543641688,-1.3313747127743452,-0.5862798538650066,-0.5118400453682777,-0.9702732469077595,-0.6205887018728327,0.3486844067069613,-0.4667421363171469,-0.810349384867403,-1.140197162616724,-1.153315945791071,-0.7607811459031794,-0.2261165678544424,-0.11846479465053064,-0.10647477611685001,-0.1927264200965348,0.06281153544807368,-0.005238356661589014
352,2021-07-15,-0.544383903714075,-0.8482791684098406,-1.2029824357207617,-0.8363690474754542,-0.5166984061795596,-0.4377465662705681,-0.6246299143050448,-0.6649838750146079,-1.8691473712543252,-1.876831998245863,-0.9158479496738845,-0.6293538303055596,0.029337258604426007,0.774794534881262,-0.6501552128283798,-1.1975867449624942,-0.8630679341452172,-0.34806149091670624,-0.28469207794283047,-0.37277429989907285,-0.09233328888452162,-0.24091327851430172,-0.029054657082546998,-0.011621895205985637
353,2021-07-16,-0.6650750232803077,-1.3977326786624662,-1.2029824357207617,-0.9397346775485754,-0.5104644283775807,-0.6833704301912921,-0.6334201029219003,-1.3224098136116582,-1.9471394390540084,-1.1842993162712154,-0.9357014397324476,-0.6267242917757417,-0.20507203694975867,0.3760261926449182,-0.6501552128283788,-1.2170047543603941,-1.086533217447787,-0.7557889680404796,-0.5739086590042467,-0.3209687806786155,-0.11842565681320473,-0.3443744951083208,-0.1900491264829911,-0.011758553438077971
354,2021-07-19,-0.6693218091691463,-1.3977326786624662,-1.2029824357207617,-1.066692603974981,-0.5241598754456062,-0.7076824093699932,-0.7383265945968177,-1.3042201631366332,-1.8433431091421433,-1.1422630279733534,-0.9389054862101637,-0.6404563263203498,-0.417185942542523,1.0427901781286646,0.1220455026665158,-1.11343601773071,-1.096690730325172,-0.799112174938151,-0.7899058524551779,-0.5491873293053305,-0.16245073424974674,-0.47669554503551753,-0.36453097016584646,0.006430890330290331
355,2021-07-20,-0.7710164849908278,-0.6451437087162787,0.0016617232079283754,-1.2078753136550768,-0.5406278340293913,-0.5015921472510126,-0.6818877326861313,-0.8866161043143708,-1.2342829621757163,-0.7484949969507926,-0.9034324866849401,-0.6603239507678694,-0.6185375852354438,0.8081594180550755,0.2902038949405647,-0.9333553145323394,-1.2763392914115474,-0.9663981070924454,-0.38719922059750966,-0.5867453887223398,-0.1881717005982965,-0.4855257498597858,-0.30862550793820687,0.001067805760830137
356,2021-07-21,-0.561586555807072,-0.519495915897072,0.7864840306813673,-1.2862506461896333,-0.5544226088976782,-0.13430349844467385,-0.5508418954292088,-0.7565005539670385,-0.5810028236305727,0.04229918985125699,-0.8623753414956267,-0.6752246691035105,0.1939268151290537,0.3428447695851425,-1.182759161787512,-0.9235561426951449,-0.8192512119290289,-0.20876315579586532,-0.1821849352881513,-0.5039480886646788,-0.20899662132691438,-0.4590708697393962,-0.20804344021627375,0.0106158109476561
357,2021-07-22,-0.6786203687197825,0.681789571301808,1.2725418286609629,-1.3130454954518873,-0.5528041152625405,0.21181871456442714,-0.31571062368591574,-0.2242096661824853,-0.5314342778851753,0.2579982540542886,-0.7661358974985151,-0.6629534892976898,-0.13583113683361955,0.7048856407289242,-0.49138705080924444,-0.9100865034104451,0.07460992128123238,0.9982419444000737,0.2717752678968564,-0.20585650597238642,-0.21715233248309815,-0.3409200074490877,0.01758061395877782,-0.009549144179853506
358,2021-07-23,-0.7391275599061307,0.09222064782982041,0.508716831109006,-1.2899142480480565,-0.549065244492043,-0.2498731301964625,-0.24496665217105706,-0.7032714651885758,-0.4878037192011752,0.321206514108424,-0.828610543561282,-0.6641221730887177,-0.33857439782567805,0.33474696970244944,-0.49138705080924494,-0.8958437390431159,0.36133559728342524,0.851165864495399,0.01184644187963427,-0.3502344779164995,-0.2342533593785875,-0.32355538467298245,0.038531217070103936,-0.024825883730703366
359,2021-07-26,-0.5738008191022839,-1.049843097190618,-0.5964610663569598,-1.2840556357378694,-0.5663891669214115,-0.20536664049222175,-0.2804256907288001,-1.2804959993445437,-1.1422659475106303,-1.4806684620194388,-0.6884090768745084,-0.6889567036481186,-0.6000037900606964,1.7303195568399292,0.7437440079345212,-0.7191753770981015,-0.058508268315327745,-0.2707312529544431,-0.720347434225217,-0.6828224016265881,-0.28065281830398303,-0.479141865856998,-0.21849680168761243,-0.027702602549335823
360,2021-07-27,-0.5279101775572219,-1.3977326786624662,-1.2029824357207617,-1.3390228110950582,-0.6197952660579389,-0.21235977943440826,-0.32752819953973483,-1.4629957322992488,-1.7006299507905396,-1.4626858329765071,-0.5001754301102962,-0.7427161580355255,-0.8337015305101996,2.4801895454472054,1.3622973309753588,-0.3923312951397261,-1.043787017422096,-1.6742909996187283,-1.4488803409495439,-1.0443310143549458,-0.3679828161510126,-0.7483164197999957,-0.6039336699589264,-0.019285906886583343
361,2021-07-28,-0.6469849830911354,-1.3977326786624662,-1.2029824357207617,-1.4489301737582827,-0.7076221273296571,-0.5221180301948232,-0.5458222089682725,-1.4355590263446005,-1.9126590683053772,-1.2935560251044949,-0.5397696962359138,-0.8072859374899605,-0.9686950468049557,3.1312277650367517,1.727670149260808,0.03272741614546841,-1.638339033044352,-1.9603955737820822,-1.723453044488863,-1.2110102831953422,-0.46855477822525476,-1.0107266492812623,-0.9015749689419602,0.0034305350967892222
362,2021-07-29,-0.7599621647070449,-1.1285862794412227,-0.9305409084189631,-1.5835111947100355,-0.8051371641864251,-0.2678396834842427,-0.5971495368636662,-1.3363358705634054,-1.3875407371556994,-0.777507545864977,-0.6475175825512033,-0.8604610499818482,-1.0675944036506961,2.4981621994145335,1.727670149260808,0.47319696188024934,-1.6991059083283864,-1.3816127074290536,-1.2109173312154673,-1.100410417640368,-0.538903903922636,-1.0985525156493505,-0.8633139924476203,0.0
363,2021-07-30,-0.7962119684358031,-1.1285862794412227,-0.8219111714074844,-1.6914043719960732,-0.8995587032543203,-0.40017669993099625,-0.6859484432723878,-1.0235798415220856,-1.1552861568118096,-0.7014054912787753,-0.6576434181886394,-0.9001962988768928,-1.171870440452796,2.7937022392450994,1.9632679615927806,0.9167012477941595,-1.440814866589056,-0.7214656665460155,-0.7459742198888868,-0.950623064496602,-0.6010084154656682,-1.1008441106471143,-0.6973010454070088,0.04900757910669461
364,2021-08-02,-0.10999475366349681,1.3406880468492275,1.2725418286609629,-1.7112923648661702,-0.9354741377864215,-0.21815487570759345,-0.35077903425783585,0.291272035672016,-0.2680300105551219,0.6559681960291256,-0.14591551836415775,-0.8724400588399146,1.2396217647109038,1.4662151298470847,-1.3507490483623616,0.8876792278371342,-0.2740499753459592,0.9237409108691951,1.1833566436473961,-0.13846040026659953,-0.6082220117482274,-0.7016230955205877,0.07111980120483288,0.016172859245600968
365,2021-08-03,-0.10879677973366025,1.3406880468492275,1.2725418286609629,-1.6053937392280104,-0.9134460618625833,-0.04344198534984104,0.29841625003316424,1.159746642057326,0.5299265941470297,1.609771258164975,-0.20564678456247215,-0.8379638870045134,1.6680250325702524,0.9308660571682629,-0.9779409481303497,0.6691994154402354,0.8492988092964592,1.9849398621579764,1.6556216937350252,-0.0036033350196563963,-0.6018264066137834,-0.3077720035768884,0.6773556757450176,-0.00643779047484853
366,2021-08-04,-0.5787575154680626,1.163367590303835,1.0512302684401607,-1.4209006694293072,-0.8601161518634972,-0.13570290645126518,0.34335474716261566,0.972604372036231,0.4652441671445761,1.0313491244025206,-0.3421830165050513,-0.8096233050720213,1.255957749891497,0.668403042600045,-1.077439401126038,0.3587461461206348,1.685326805504305,2.254184429732302,1.1357640417005808,-0.10761860168587067,-0.5973578232104807,-0.10138820104865628,0.8655761731129493,0.008574543424583718
367,2021-08-05,-0.47223925149502866,1.3406880468492275,1.2561858766404561,-1.1657982149022161,-0.7786923283470946,0.008453274358647579,1.6282356612314497,1.2594811452422174,0.6600887123249456,0.9063733652166523,-0.36266078307518684,-0.785957458303656,1.3109154442672413,0.2414509962688521,-0.6914190170228588,0.07771437649728935,1.6712955319258616,1.4038898556188164,1.0149520521432804,-0.13577245190721968,-0.594271364670717,0.09389244398529438,0.9985758294898356,-0.0021367529497351087
368,2021-08-06,-0.6978830288931862,1.2774157066720204,1.1570164399777483,-0.906481623880317,-0.684077393416659,-0.3424824628241319,0.5229159682474461,1.1877619519407223,0.5495846025004395,0.6203451958617041,-0.4551154697460907,-0.7520656283637662,0.9297454987209041,0.051673238254594876,-0.8156623659629767,-0.18178092163322906,1.5994097118755168,0.9493814973562865,0.5353650632946029,-0.03326310963045746,-0.5898598503570813,0.19439786503783169,0.9549425918923496,0.03158157205029905
369,2021-08-09,-0.15576496396693498,1.3406880468492275,1.2725418286609629,-0.6535776602848454,-0.5514756639223239,0.10665181582820508,1.1955117389588803,1.6360069100750796,1.1368954491746912,1.8259914761346723,-0.1994318342853704,-0.6521431642306565,2.17059631659544,-0.42462376064909174,0.441741782243848,-0.24296824346696583,1.5935072460978312,0.9770087303886424,1.1211201641784838,0.772220132751546,-0.5909198741195258,0.48754216790107596,1.2249910412743572,-0.0010368067284402492
370,2021-08-10,-0.46648390584269217,1.3135937218157985,1.1121776813633928,-0.4067917687304449,-0.4025893397629371,-0.23830665704061368,0.052875564978600714,1.6061239128661233,1.0740271333824165,1.1632612827940139,-0.22310234616117797,-0.5200818958442066,1.607662476415215,-0.7011523555148379,0.4417417822438487,-0.1979831429587742,1.4897766769255554,0.8562399501622857,0.7879719505507765,1.169109045384806,-0.5914334787069951,0.6378407449859899,1.214899314909372,-0.006243516639685159
371,2021-08-11,-0.4918441899341,1.146696821984292,0.07789383676450559,-0.17154183916329807,-0.25785570619953213,-0.5177039701362908,-0.4335044010163485,1.4268259296123804,1.138397035737284,1.0354494947529227,-0.34346872021488367,-0.3716590543833256,1.6127195473104692,-0.9002951440733182,0.6812734906082003,-0.07085215236925135,1.2783441396469746,0.5893676150006784,0.40357016559572967,1.3671177771889285,-0.5918051758007595,0.6554570825528592,0.9967846523920416,0.005205633827265191
372,2021-08-12,-0.6494633312740249,1.2578501949113012,0.36458176950965276,0.055438111225052086,-0.11795232033631424,-0.2747278457900771,-0.154071596989114,1.576240915657167,1.0354052198487114,0.8022727665749478,-0.5285130384417754,-0.2206066743926294,1.2751296662827578,-1.0463647578924107,0.6812734906082006,0.0878119665809903,1.2267752281156143,0.6463810997584252,0.3779433799320599,1.394267426272791,-0.5957314829483901,0.6795353490233227,0.8325224137729603,0.01851904776723753
373,2021-08-13,-0.04072777427061877,1.3406880468492275,1.2725418286609629,0.25500102073760383,0.030825215917188932,0.16907816384442448,-0.022390634130703198,1.6210654114706022,1.190084755313944,1.5597680305850896,-0.35957985379497787,-0.049978840902167934,2.0692469667633375,-1.276970249298418,1.3679885757603882,0.3403456579549667,1.2428376759696456,0.7815231996252042,0.780650011789728,1.6804039693336752,-0.6106773801145965,0.8097857792938019,0.8691873962404392,-0.002040817034852787
374,2021-08-16,-0.23217541753402365,1.2839748097769834,0.6592563509180511,0.4421267230881634,0.17354673968216358,-0.18093793832377963,-0.1859644269441356,1.3734180197070094,1.2328887748539759,1.4862719072888013,-0.3512207617688639,0.05198881986524559,1.9748514264625179,-1.433905467332181,1.5474474978834183,0.6438683126001512,1.1718247486149826,0.6913330270446169,0.42187501249835097,0.904310432611292,-0.6180924509530166,0.8395193854757222,0.7393972373587401,-0.01647823073238468
375,2021-08-17,-0.4109587649677277,0.8327008989803837,-1.2029824357207617,0.5906566927523397,0.2854807265863121,-0.36068612240532355,-0.5265505050568288,0.9868464813443366,0.8299719203212365,0.2767765118955328,-0.3698909792862392,0.10691695804368552,1.4614941819506317,-0.7863093170562101,0.45779476384691814,0.8046561386881252,0.3232296599711363,-0.5427910392808806,-0.17120202714657853,0.428288818602549,-0.6180338320529656,0.6959210296182662,0.36117369546445466,0.0195378965563403
376,2021-08-18,-0.4473670308565172,1.2052044428621684,0.11276543566988088,0.7189331930264478,0.3918561848961976,-0.18777167090435787,-0.27026149699242935,1.445900183150014,0.881597959930189,0.552253503161306,-0.4101846444384039,0.1933995585799415,1.0359374404646884,-0.9936285125732928,0.4577947638469178,0.8794945358315657,-0.001100281259254855,-0.6340429744751771,0.4328579206399237,0.8057214151150914,-0.6244507614454987,0.7320562726753764,0.3431203234450984,-0.01539281290117164
377,2021-08-19,-0.6290470665755933,0.22521121872957514,-1.2029824357207617,0.8054629574639457,0.4703685637511392,-0.2184708275044156,-0.23573809899580683,1.04057704031452,0.7392269586088125,-0.02795821544123343,-0.44241957656013564,0.25212591907922705,0.766520272652784,-1.1745392819524918,0.5345149953942256,0.9145087194716951,-0.5536023751474157,-0.956142057388266,-0.1895068740491998,0.4571218966783355,-0.6254933542257749,0.6049987672941487,0.07033699089745767,0.021484202294573516
378,2021-08-20,-0.04034112660014242,0.9815850307840681,-0.00153877797923797,0.8681067808254573,0.5487422774880745,0.23378483470733843,-0.08229960906181635,1.3443639879471616,1.0084957940803014,0.9313689920301093,-0.34142006656619694,0.3371476648766982,0.8050885231792649,-1.365339460919107,0.872355774511011,0.9709839215471895,0.11992982961365274,0.41305739069557773,0.44384082878149644,0.800623357701382,-0.6312881424254703,0.6710239625873766,0.15776794729654386,-0.007110238182504771
379,2021-08-23,-0.42662116486522056,0.5263092785141643,-0.560203079341903,0.9311277602795056,0.6125745398804939,0.16168189073386324,-0.4783879669420165,1.0425078895579496,0.9099390898332628,0.6543725109787005,-0.4888378788154273,0.3695786400777955,0.5263699058512336,-1.4737157437505841,0.8723557745110107,1.0337984022468105,0.09944551197758562,0.33146698298461236,0.18025103338375006,0.24216013294319572,-0.6176869106003016,0.6282991596822964,0.055557124301324916,-0.018519047767237527
380,2021-08-24,-0.37890503923659813,-0.8506994019923797,-1.2029824357207617,0.9514165664985174,0.6418271537795905,0.07937735360129818,-0.46018031370768936,0.2663064936999807,0.17785526240163513,-1.0391585886994235,-0.4546271817852235,0.3765907428239832,0.19371179777221434,-0.4036188020241807,-1.0547327904527863,0.8400995968926307,0.03537504613559369,-0.03993649190031177,-0.39452115935855814,-0.0031712093399029044,-0.5708151065789198,0.4342955134445345,-0.26569198167818137,-0.0010389611324192517
381,2021-08-25,-0.735685761790251,-0.9171404860242934,-1.2029824357207617,0.9321548344749201,0.6452807828547986,-0.1220597396997179,-0.4121616173913992,0.22318419393008676,-0.17021784208138804,-1.0872778294245375,-0.6427972988363119,0.3885697516820417,0.008159056028451673,-0.58567395432374,-1.0547327904527855,0.5313388133766501,-0.6404491102490956,-1.005527958567799,-0.42746988378327644,0.0694173989550558,-0.4888496042934644,0.29250452368626134,-0.44003654708556156,-0.011500388120316101
382,2021-08-26,-0.6882612065360862,-1.3977326786624662,-1.2029824357207617,0.8468000345624123,0.6189737428271253,-0.36204044553544196,-0.6125074523406686,-0.5283758877736597,-0.8131031874404624,-1.0408139089727915,-0.7426184102006516,0.3850637003089531,-0.18557733401195697,-0.32152984105702287,-1.348357080148453,0.1502822853627524,-1.3946444413952577,-1.8098054682038986,-0.6471280466147319,-0.16224999929775605,-0.39887582225391877,0.1090224451962999,-0.6455108570541906,0.0031496089028962013
383,2021-08-27,-0.8381157020344777,-1.201388851218542,-0.9253149452717307,0.7063503691073734,0.5778806662562752,-0.397905757380477,-0.4922256727993786,-0.7198510174310545,-0.9007269085708594,-0.8040277473221398,-0.8097965537229933,0.3532170670033697,-0.36609085379328343,-0.2151613154115805,-0.9616159685230832,-0.1854543350700998,-1.3858497433046448,-1.191373993978292,-0.45309666944694627,-0.3719913265357502,-0.28107556491369223,0.019680665933823,-0.6608624535598183,-0.0341184478916925
384,2021-08-30,-0.29697376401401926,-1.3977326786624662,-1.2029824357207617,0.5187057223339151,0.4939601480389584,-0.4807488437125235,-0.7696279785643708,-1.5017077968653967,-1.7398252526066955,-1.3896132829126457,-0.584606666019952,0.2807586719594761,-0.6249846212023686,0.9202855808806051,0.3691526427645222,-0.29483138545280063,-1.5921253894300864,-1.181452395266589,-1.265831871923331,-0.799494782911215,-0.27785106688905414,-0.2870186783330277,-1.0172294324139515,0.05075084794083443
385,2021-08-31,0.1514931643337388,0.2961719234348282,1.2725418286609629,0.3534545828652595,0.4405375175765616,-0.07080901563572782,-0.4671980372365975,0.6170695906086929,-0.5739179534908503,0.05082839322242051,-0.2015948267513996,0.2883551166011725,-0.24868205604600208,0.2171817145475181,-0.7226650394045184,-0.4240484141507127,-0.25133368961469127,0.8888404327103692,0.6451941447103305,0.11249654637579296,-0.2577213996341973,-0.07576061137200577,-0.482375758251425,0.04238777834998241
386,2021-09-01,1.3184528802089766,1.3040105996122606,1.2725418286609629,0.32284356954803306,0.45340656113294936,0.6949799885709418,0.4748451723847313,1.544633899378457,1.598332706936153,2.104224705167536,0.15552962693997305,0.3169878694814216,1.769865777395011,-0.33019843666115156,0.13709997020902678,-0.43924161766047265,0.6981938849191578,1.8154839047110536,1.9301943972743445,0.43669099109382004,-0.25306564316720975,0.39157411345380594,0.35088675227376337,-0.015936592262812414
387,2021-09-02,0.32518036870083655,0.8198235520367884,0.7976977797556464,0.3800607926107817,0.4867804598545135,0.39661216336026606,-0.015051706834654132,1.0205321021752187,1.1037815048592259,1.0447491552559398,0.17497553294128876,0.3491266737347645,1.2182012636072403,-0.6458116952844131,0.13709997020902712,-0.3950191386448685,1.6908954318978646,2.3167890745852655,1.0991543478953383,0.4288894823884784,-0.23458174847753657,0.532149852250222,0.5002242425923049,0.002006018726865766
388,2021-09-03,-0.12471271908720315,0.8673393540420158,0.8370167301128199,0.5430699594318209,0.531133848571951,0.5364425463666681,0.3912218646276846,1.0860448268256229,1.0922291226654968,0.776458875073753,0.051066056481882734,0.35497009268991403,0.8348412335523384,-0.8651361312188329,0.13709997020902645,-0.32409253417882183,1.3685897348268568,1.0169750241746118,0.8685132769223101,0.15221858584724335,-0.20852828641132196,0.612120110444193,0.5237533398684618,0.027669749419250895
389,2021-09-06,0.9282556573479249,1.3406880468492275,1.2725418286609629,0.7775580429148391,0.6079847035492498,1.0173521855632786,0.8090395056861297,1.4618109019545737,1.800084021646535,1.2235494954402717,0.2181921322661406,0.40610000854750317,1.952986685465086,-1.1309796218435046,1.1325654252169215,-0.11380371326474689,1.3359923131068312,0.6848617745017355,1.4542683778061911,0.6500499037245302,-0.23205466211414383,0.8585954818036627,0.8061608582040851,0.06964243305574712
390,2021-09-07,3.569445894371877,1.3406880468492275,1.2725418286609629,1.0043278934357998,0.777523458552191,1.8429324570795285,3.5238284311210557,1.5208694796523328,2.534077580288272,1.8579533574940785,1.0238665080575682,0.5665018588664427,3.7941561512863373,-1.4675857757965778,2.0473380403492576,0.27128775389565546,1.485126278228976,1.0560863747783813,3.0065193951484757,1.9923413325632486,-0.35234284363967927,1.5604832244006417,1.7530228352074007,-0.012808958292581248
391,2021-09-08,0.5851914193665805,1.041424320884003,0.45483133599447856,1.231770478084121,0.9738944404071923,1.004647799947469,0.949770167424549,1.287078972076375,1.9349752900836479,1.2427247742346343,0.7808938188514392,0.7125873327452629,3.101344091530826,-1.5812449313730228,2.0473380403492576,0.7141282065155802,1.4652989208643317,0.9773717598252448,1.7727727139118015,1.806220765294957,-0.3920805091870196,1.8073373078303037,1.7901759707993752,0.1006533215861029
392,2021-09-09,4.711875667874271,1.3406880468492275,1.2725418286609629,1.479027408419366,1.293480907873333,2.3537093860633043,1.5329110165180126,1.9049538849556913,2.0513707527777485,1.4186539589223082,1.7402815142775874,1.0129390670401108,4.37982175016043,-1.802643341873459,2.4937353128759323,1.2092631954706738,1.639710849295602,1.1810607832452102,4.58439719815443,3.6719764908308616,-0.5762699761941881,2.7936221200284788,2.9904468387215544,0.047957177865540095
393,2021-09-10,7.500638545292164,1.3406880468492275,1.2725418286609629,1.7236768216717624,1.7232701399108588,3.944386822700402,6.291810481153786,1.3455265989703658,2.188121927136884,1.694667879164888,2.6092216351715654,1.373478016573037,6.017099908277592,-1.9532902189929064,2.7660487441901127,1.726639769151854,1.5570587489611436,0.99314929627771,4.899240564879516,4.477883568001237,-0.7662977679868564,3.738370181122665,3.8849091980419064,0.09962984094884134
394,2021-09-13,6.980483335746249,1.3406880468492275,1.2725418286609629,1.9294162536200743,2.322220596450094,5.924714489881845,8.55161480913342,1.9049538849556913,1.9563175268950852,1.4590039507650454,3.3804462053015434,1.9364914329020002,5.587418589748513,-2.058518883502028,2.8457983786183303,2.223666325747481,1.899191803396797,1.4612509329355396,6.689454591955878,7.109860391080033,-1.0592955602639926,5.196695771522607,5.413492814829848,0.0
395,2021-09-14,5.005011648472956,1.3406880468492275,1.2725418286609629,2.113792268023394,2.967789894672485,4.343029237910614,2.6774563481496165,1.5616970995250499,1.7174535337250498,1.2002314414268322,3.19866489055018,2.432013360298951,5.594860958968743,-2.1100806350153882,2.8974039246463295,2.6765550958509343,1.702888046241504,1.0605305792005748,4.555109443110236,6.0695025509861225,-1.2062427724467089,5.852177110300164,5.36542521086048,-0.051595820482733284
396,2021-09-15,3.5876753812618767,0.6473791097123358,-1.2029824357207617,2.2363599026268943,3.505655875657384,2.792584238138339,0.6673898300429288,1.1083390810317495,1.1195006408992005,0.5970700569162481,3.3068147501317413,2.7829106685558718,4.291803335172438,-0.3615762994472899,1.1396541544285996,2.837708356330149,1.5289234639112421,0.7410253520722975,1.355422204532036,4.276932876226734,-1.2302734729529237,5.437245227382528,3.632464270126926,-0.0260551137473327
397,2021-09-16,2.793526420049057,0.35525566940738634,-1.2029824357207617,2.280404853137577,3.8884670289959034,1.9867727258381158,0.3877629254606923,0.888136614906432,0.8495036434241244,0.12325350631529698,3.2538684365365302,3.1142325233130324,3.3171418086400326,0.03222138246754229,0.5243371608837868,2.755561782188828,0.5498337110227911,-0.5529662401486517,-0.5739086590042467,4.093795253878642,-1.1915010170717275,4.679729797678016,1.703772088091427,-0.010929070532190317
398,2021-09-17,2.1859381290842776,-0.2325907729409248,-1.2029824357207617,2.253601623155557,4.120073848597818,1.3503325960899033,-0.09529914962561682,0.7974650112077716,0.6519658368702204,-0.6818423806481301,3.249547622367761,3.4265632664659416,2.494411041820166,0.409419692455092,-0.1218307627274257,2.4706124311742856,-0.3722790228874412,-1.431140166204312,-1.291458657587001,3.862362357651315,-1.141847497403143,3.9074172792429245,0.13739396034809634,0.03167510847975631
399,2021-09-22,1.6245574039846225,-0.19756723008860377,-0.7344247415409708,2.1819143951717215,4.269421534474651,1.4969055415225445,-0.31068909785720206,0.9765135943126281,0.6634764428904075,-0.4232611033726966,2.9291223318044346,3.7459061123650383,1.9660752427067558,0.04203570828379519,-0.09964185365269664,2.108385195011756,-0.7669643036106234,-1.211080642774968,-0.4055040675001309,3.933706005478163,-1.0847753805640352,3.59725344721989,-0.38410872369738985,0.000760167273397525
400,2021-09-23,2.3836672123713227,-0.19135513592985795,-0.7229360165607751,2.107407309776302,4.341754984815217,1.9717689042441868,-0.47918710920759044,0.9639274246667833,0.707866257329824,0.22083334253678383,2.913678265167289,3.958314391384843,2.3525428585352617,-0.32605001898514274,0.4330741066984503,1.8066860514518785,-0.36821722676167157,-0.06277809103760883,-0.03208519068665681,2.7456989899536746,-0.9880702820085423,3.2621207857551044,-0.8408375246192029,-0.11077874767373062
401,2021-09-24,3.248490296958098,-1.3977326786624662,-1.2029824357207617,2.00226176685037,4.210040270177266,1.3929012091915032,-0.6108021155561166,-0.05534497074739225,0.19450307045404316,-1.4623005752162248,4.1818763143399496,4.0281432478989165,1.3454593592387334,1.5674194193510826,-1.3693998252742574,1.3223421133683149,-0.5905924355115423,-0.39399730850458026,-2.9535387563450133,1.1909506376951526,-0.8572487629561782,1.8218456185839014,-2.955705265791039,-0.09242808914272196
402,2021-09-27,3.7826028535595686,-1.3977326786624662,-1.2029824357207617,1.831689861534727,3.8531311873393963,0.7776461876170441,-0.6132984824300269,-0.9872005405720513,-0.6628449406624451,-1.6976382499403362,4.57517622079059,3.806969840446387,0.7584065926824175,3.1594179286018,-0.1403762313648761,0.9467371976156098,-0.9970638086874761,-1.0709446669166116,-4.904835436164442,-1.4612609141570276,-0.7483185570338168,0.04717056054231396,-5.176967834194901,0.011111225425070629
403,2021-09-28,0.8931150887393857,-1.3244616293450555,-1.0343095197417214,1.6033638922912372,3.3890014000661397,0.9677598646088378,-0.4581535422293914,-1.1073405578368478,-0.8378051205981702,-0.9774382232202767,3.6599778257452513,3.5104163284723873,0.5103628695690359,2.6278483568420703,-0.1403762313648761,0.657273000664585,-1.6230133516041474,-1.7322090500628808,-3.6564448774056704,-1.9117451085528712,-0.6291803926231233,-0.9296298133435986,-5.690910415187969,-0.02517615489247428
404,2021-09-29,0.760634384466825,-1.3977326786624662,-1.2029824357207617,1.322047817741067,2.8575551855656824,0.7101383635510082,-0.4118728105003658,-1.458144348248758,-0.8938453728685163,-0.6526435503331571,3.23210900336816,2.9862616481951823,0.2296329759774514,2.3240158165524494,-0.0018509757219081033,0.4536907686398909,-1.6019978077198933,-1.2639933384159636,-3.491701255282079,-3.31999656694437,-0.4793194044442476,-1.6912369182388691,-5.761404945314592,-0.005681833467431058
405,2021-09-30,0.8252362378683819,-1.3977326786624662,-1.2029824357207617,1.0360341762825807,2.3076431088252587,0.6023961338228847,-0.5899478161385556,-1.4252490558768938,-0.9512728856490972,-0.5637849816350544,2.6742752707912376,2.4568478908583495,0.014573420140978852,2.1192864401024085,0.13498364253918832,0.32862433323220197,-1.6471337726171071,-1.0747731891116885,-2.4043933492663747,-3.3800194624715103,-0.3914546013544223,-2.1223953263424464,-5.294687091895621,0.027167947272451497
406,2021-10-08,0.8697197354323659,-1.2021695693228416,0.726093010568593,0.8062512193392299,1.8025585571817764,0.7958509207721739,-0.6532924232242753,-1.1788820015806047,-0.7233352257372117,-0.31064131219158514,2.329438249282759,2.063877966124326,0.10657164514329003,1.6072293642424398,-0.22251086207114149,0.20659190487834686,-1.4097348257903095,-0.7128010348709348,-0.20415075157129683,-2.5167703606125844,-0.3264648696238557,-2.056697317457918,-4.1347692680831685,-0.016775789504837126
407,2021-10-11,0.7634930418337894,-1.3034656187256208,0.4495011769637235,0.6213800138405524,1.334382779121709,0.6658032726329357,-0.6138954631805024,-1.3317994835576108,-0.5963891248292353,-0.18768057438097968,2.1296411054907693,1.702462503748134,0.034922590729013665,1.125200198801685,-0.4216066015775387,0.06976340234642926,-1.0363998697288566,-0.24101476235957345,-0.1748629965271028,-2.410519215152717,-0.25525937342872623,-2.0671488696628373,-3.3273828038948525,-0.027633964202120307
408,2021-10-12,0.6634020030716247,-1.3977326786624662,-0.8070437506271998,0.4609479992536957,0.8874597525254025,0.5577869475712804,-0.5281825993601809,-1.3814726786834755,-0.650468779438095,-1.4280675205874875,1.881052171473252,1.3249776392452657,-0.17820840800651863,1.5071862418788022,0.061410374493155714,0.00037500679398697707,-0.8567187380074521,-0.23333091785091564,-0.9509885051982451,-2.6010881188685326,-0.21280192957171337,-2.210594308736858,-2.892008264166272,-0.014598799421152749
409,2021-10-13,0.3797167056972057,-1.3977326786624662,-1.2029824357207617,0.3171241546736447,0.4652245463614008,0.4266108021677658,-0.7015138559441291,-1.2112172658573965,-0.6757804060676319,-1.3312168687861465,1.770932243243166,0.863347541788202,-0.38064398839287383,1.7570977291144176,0.4490273894012373,0.022273754300691707,-0.8598994482442411,-0.47216375721553555,-1.1010882497997396,-3.112655119847769,-0.21955107286413372,-2.316842310728679,-2.4848236046746224,-0.007874056430905883
410,2021-10-14,-0.04009392563049361,-1.3977326786624662,-1.2029824357207617,0.18092446792327044,0.07567914988750063,0.4086694371856633,-0.6898174054559192,-1.281069086902891,-0.6135343636551119,-0.8330146225159634,1.3024739335851223,0.3836028455701631,-0.5123179057558626,1.380631869223855,0.44902738940123665,0.08895992193906654,-0.9749183440617407,-0.7173121390809888,-1.1157321273218368,-3.205515208454158,-0.30157084482094115,-2.3403015715613713,-2.028017995153635,-0.006941029354234576
411,2021-10-15,0.03585381842930367,-1.3977326786624662,-1.2029824357207617,0.05296528065457314,-0.27644063751576586,0.25840291305471513,-0.6758709513798797,-1.342847925692391,-0.5889216122723533,-0.6479309678885004,0.9784222681352162,0.09230841065580142,-0.6397002596568231,1.1128340836695025,0.5027467910684801,0.1801508139114361,-0.9924069314506362,-0.6931855583832701,-1.0864443722776427,-2.0337843837596696,-0.37799096194479004,-2.304744428865695,-1.5691481849975173,0.007928683755507263
412,2021-10-18,0.26367169666309054,-1.2932549738619423,0.07313797770752309,-0.05378779238762848,-0.5759035932479843,0.201994351273912,-0.7201285560863259,-1.2722435385043895,-0.5704521635666955,-0.4711092694482254,0.7191809357752915,-0.036831148253078996,-0.7562417615647836,0.8705553680931181,0.5621691359170466,0.2842512415757681,-0.9024327515946011,-0.5037710948794991,-0.4018430981196066,-0.7796420825997568,-0.4910954632247402,-2.115859842947359,-0.9593288738896295,-0.004948055617369525
413,2021-10-19,0.11491375931211552,-1.3392336485154588,0.6176639669493794,-0.13749262064095724,-0.8275937043599504,0.21509778952381295,-0.7104312714156689,-1.3163712804968914,-0.622651379355207,-0.7914897629991572,0.5117878698873519,-0.18934438298256254,-0.8627100202933331,0.6780055944315817,0.6433836866832575,0.3971707854904592,-0.6296736557988214,-0.1303030536873793,-0.25174335351811217,-0.988886378502241,-0.5967898689424719,-1.9459324311874155,-0.5014833884083353,-0.004972660669378489
414,2021-10-20,0.2713032342901975,-1.374735824807618,-0.09521960493557352,-0.20282245630380327,-1.0365492538140924,0.07517640304780894,-0.7036372144504681,-1.353188486486275,-0.5967177077946177,-0.9133082668029042,0.3585521627461322,-0.2954024370185812,-0.8925136067730021,0.36636330868348843,0.5005217070128032,0.4864960711855102,-0.3181367608417199,0.1777465171810475,-0.24076044537653937,-0.7250974031377126,-0.6142904212217342,-1.7949319889412343,-0.1651691482701894,-0.006000018000097034
415,2021-10-21,0.11796257127111756,-1.3977326786624662,-1.0035334436018564,-0.2535209232416188,-1.2086513653785262,-0.10013862763092643,-0.6986300276108456,-1.3261066792457508,-0.5736115334917586,-0.8347413675544213,0.13453363248009675,-0.39532490115169083,-0.9788624494228948,0.11279481563060592,0.5005217070128032,0.5564916099770667,-0.5007833081849942,-0.3402483186253417,-0.32130177174807306,-0.7292932523567954,-0.5897234683748046,-1.6699563819284435,0.0626838908342233,-0.02642430167051338
416,2021-10-22,1.654918753846618,-1.3977326786624662,-1.2029824357207617,-0.3001175613987152,-1.3676659190206455,-0.4572118587927467,-0.7252326631683602,-1.4777172216413008,-0.7178835848189707,-1.838510031654385,0.4497898854634345,-0.5697509569630032,-1.1030454481026055,0.4741261852390213,1.0239264716909409,0.6800668684117537,-1.0293513467087074,-1.1780084208882167,-1.0242078928087304,-1.4172929683442328,-0.6140918934285035,-1.7251650237713319,-0.04027253622366367,0.027426808020139103
417,2021-10-25,1.3049709196335142,-0.06214700911696204,1.2725418286609629,-0.3420929975219658,-1.4793536366054867,-0.2643614525666809,-0.5068511878621977,-0.66696288145228,-0.6931516738173223,-1.0212893746369989,0.49913495874398567,-0.6839897975362373,-1.1934265272622424,0.37260110740284,1.1800925273992833,0.8415246516613871,-0.7903510437113052,-0.5227815185453215,0.008185472499110015,-0.8525140008193041,-0.6078591736950266,-1.4656014532817956,0.3756592989940685,-0.02948866442069783
418,2021-10-26,0.41606158672198273,-0.9577192630721586,0.1582959029632778,-0.38550983726488713,-1.5771980922838824,-0.6115378937121632,-0.6607036461324242,-1.3150414033409534,-0.8376443759520191,-1.0512486300650117,0.4752172895227634,-0.7903400225200156,-1.2686922065365593,0.046578917181264876,1.180092527399283,1.0091300264901053,-0.9038761876350698,-0.5684061648865386,-0.7935668218357023,-0.8767167601751541,-0.6061391434228104,-1.4722925837550258,0.2869129474727092,-0.01769957709940086
419,2021-10-27,0.03934632443639333,-1.3977326786624662,-0.350976126409426,-0.44209572114876905,-1.671285204944965,-1.052601503196255,-0.6592154009145712,-1.3747514608969118,-1.2991677782731696,-1.5193957752912028,0.3166169528853292,-0.8858799224367631,-1.3269430579627095,0.35870076127403905,1.518626574985074,1.2109192509297184,-0.8280809453453163,-0.5092182340949732,-1.0864443722776427,-0.9170799826745629,-0.512474420137822,-1.5442358577785145,0.11261911835001576,-0.011621895205985637
420,2021-10-28,-0.15362255556331192,-1.3977326786624662,-0.6550614677139105,-0.5047871421396379,-1.762243503846636,-1.4445003953126954,-0.6503140667596438,-1.4813086251179657,-1.3957521678793023,-1.1016138512886804,0.13902170129885094,-0.9828806770923032,-1.3768088222383426,0.27222947542946946,1.6152307908360755,1.4264406237928529,-1.5643254994236782,-1.5841596758360734,-1.1230540660828852,-0.9656993188670328,-0.29866198799445803,-1.6047664429577826,-0.008749202948184093,0.005299429466498814
421,2021-10-29,-0.05258708232736061,-1.0120800121129092,-0.15737308544947556,-0.5711557113942872,-1.835212375563317,-1.4843518587060376,-0.523721390895077,-1.1848090357657581,-1.2169787418552618,-0.777158174316384,-0.053769482246860366,-1.065565055307711,-1.4194955557823323,0.21591109904014555,1.7136646912749776,1.6443803621801025,-1.4902354054944833,-1.1947764336854598,-0.6215012609510621,-0.8062317298403635,-0.24583824969050277,-1.528569348454302,0.11060151470089635,0.020921265160639736
422,2021-11-01,0.1307789907744484,0.8501557589631412,1.2725418286609629,-0.6199909202887223,-1.8673328594573013,-1.3235486865325563,-0.11084708463400045,-0.45350420245890793,-0.5852050820512801,0.1075680677021682,0.0075362455918220215,-1.1351017408740272,-0.750495604332619,-0.10178704312532776,-0.16607766299362828,1.597398762022868,-0.9491751838995448,-0.11274843638823578,0.17292909462270153,-0.6348163418198586,-0.26707861539736627,-1.2538628285165279,0.5203304331703996,-0.029413885206293226
423,2021-11-02,0.3755649971043859,-0.6563792972317757,-0.08214499587694975,-0.6540737421798838,-1.8928590384671666,-1.263349205675887,-0.5739838302998813,-1.1269750118650732,-0.8286298911159858,-0.542043613610322,0.20872577469235848,-1.2247982218356253,-0.9026148238266501,0.09513454642219558,0.31947152362049713,1.4832424697196138,-0.6696124087886071,0.041063178720907104,-0.5189941182963829,-0.955761404236497,-0.299292426178709,-1.252760743225019,0.4149868264506403,0.01691372244206162
424,2021-11-03,-0.3287993042347038,0.7671984274456737,1.258537580350911,-0.6695749229789334,-1.8907590184073355,-1.1128177427632744,-0.3456382223632523,-0.5819091427737044,-0.6250709391736552,-0.11509497948002317,0.14145997772840185,-1.2890758303423007,-1.00739475324103,-0.18530330312304336,0.31947152362049713,1.3441322563053906,-0.18219519085571956,0.4158715588867399,0.1912339415253228,-0.6690252434060083,-0.3205265444802844,-1.0673570758539594,0.6224687022609603,-0.006309169193264609
425,2021-11-04,-0.33281790461309735,0.421216708318406,0.9250996633540705,-0.6685295443984453,-1.8709628126621662,-1.3127212048043642,-0.2926886990390096,-0.7863088436829653,-0.49349581002326554,0.14898375274523573,-0.02646136996495556,-1.356275148326556,-1.0891445964705142,-0.4041023647760735,0.3194715236204968,1.2036463862765276,-0.2594408022182167,-0.023287168935619478,-0.013780343784035521,-0.6731193219108305,-0.34272906871206227,-0.9535696256596482,0.6750828724185663,-0.024560764742596705
426,2021-11-05,0.26750014244944653,-0.8684407836265804,-0.5965964370062833,-0.6873323205052401,-1.857556064191675,-1.5606497402988257,-0.35182831444306295,-1.342517998649456,-0.8553446186040551,-1.5360900624064324,-0.04668973799744719,-1.4068207222886313,-1.1749553497317,0.10585406299716323,0.9674758303863537,1.1595455711827907,-0.4368016691762548,-0.4597343373026847,-0.8008887605967507,-0.6484213760693278,-0.349860063923999,-1.0231856401189499,0.42683920309387713,0.002159828053429938
427,2021-11-08,-0.45338225445130503,-0.6676776008248613,-0.8501782760888925,-0.711710159464298,-1.8405163015309165,-1.417355388554694,-0.41055432290341753,-1.2493624871008713,-0.8946455218781795,-1.0828814866868022,-0.2530536159604278,-1.4988545708322825,-1.234367860268427,-0.08315008649872571,0.9946959004666875,1.1718173697535599,-0.9621933796965088,-1.130434235465009,-0.6031964140484407,-0.9794043572953968,-0.3542459221918491,-1.0018879584039742,0.37216427767407184,0.010729716672567054
428,2021-11-09,-0.38937621877146583,0.3651092370186224,0.9918814046947834,-0.7330003804659306,-1.805829562853095,-1.2003037075905398,-0.48676941071152224,-0.9339308498952161,-0.6000805465952228,-0.2590076476346801,-0.4054659727616802,-1.5307012041378685,-1.0287538290106808,-0.2989611386751315,0.2662037911184943,1.1155956504797364,-0.9366856351634388,-0.7951277098752735,-0.024763251925608288,-0.44859168189968274,-0.36225057355715756,-0.862993992351446,0.5145839495277645,-0.0010678057608301005
429,2021-11-10,-0.23919212198020923,0.29869870657402603,0.8662873282048663,-0.7573532866713837,-1.7569054145026768,-1.3961375642688059,-0.4213459724662155,-0.9132844154599377,-0.6902549474603988,-0.3983583614428019,-0.43864463921875446,-1.5409271873093877,-1.1155407688457022,-0.1671012163945056,0.6068052502108727,1.0740203419596002,-0.46185609806031497,0.12006703502335585,-0.05405100696980234,-0.22276471833598097,-0.3741300150942997,-0.7465594139871903,0.5929655797902739,0.04593709518702561
430,2021-11-11,1.0186361349433721,1.3406880468492275,1.2725418286609629,-0.7142733675777571,-1.6511684663013007,-1.148394689457291,-0.1856025874765328,1.0232296849549434,0.8338287773403866,1.6473555068909833,-0.008752731895646224,-1.4889207586085251,0.3626837959300232,-0.5538688694484013,-0.6900804207737203,0.871958339461952,0.529224673269062,1.3767612479416051,1.4908780716114336,0.5884124543969332,-0.3639335071761726,-0.29115377525327635,1.1922756032510993,-0.03214377305468979
431,2021-11-12,0.6016334530914274,0.30882585577104255,0.05999609351954628,-0.6301718815224795,-1.5421080039417232,-1.138598531602791,-0.33099629707948924,-0.20393191807640937,0.5076809373922266,0.8810224286666785,0.06890713701105987,-1.4807399720713148,0.06792338984298082,-0.8006139972773793,-0.6900804207737204,0.6045102279959923,0.5448848992373638,0.7793709146763806,0.27909720665790494,0.055434742937531006,-0.3656400259320259,-0.24699904623939328,1.0206970160572821,0.0021052639354624146
432,2021-11-15,-0.2283659872068714,0.3931826516939517,0.0799473773760446,-0.5371030770869323,-1.429845068359409,-1.2320842843428959,0.12368714297710647,0.12965131837286822,0.248153528589377,0.36444264845228413,-0.0718248969696945,-1.5026527931531357,-0.13240103289009778,-0.6555899226916406,-1.1475880858812693,0.2650853666983628,0.594511319833217,0.4266990230659488,0.18757297214479857,-0.20495741429212427,-0.35427708298578575,-0.19105691929905283,0.9020940677366025,-0.00844777991193287
433,2021-11-16,-0.3886219388897169,0.12585767571338288,-0.6792653790372266,-0.43749685563750645,-1.3253451364566107,-1.18324058971709,-0.20096454238979608,-0.25419788521260644,0.16818984377916948,0.06724744979184977,-0.2604829975690958,-1.4921346390338646,-0.2938552904526709,-0.8204626399660473,-1.1475880858812697,-0.08335417420337393,-0.10421111528184905,-0.6362569854985037,-0.2261165678544424,0.08550287554904333,-0.3448600623191306,-0.2099302952355917,0.6887757816204234,0.0042328105526207626
434,2021-11-17,-0.44917349948087393,0.23079186533530952,-0.41481509387895965,-0.38403915201717054,-1.222878070561643,-1.0268502205419807,-0.210581578728664,-0.06227328341986474,0.1986867384032187,-0.08397391348324992,-0.47480320589427766,-1.5096648958993184,-0.42592410009457676,-0.9553277332846208,-1.1475880858812693,-0.40794899727849265,-0.3321490173013675,-0.6992036181351067,-0.13459233334133597,-0.09090320516306165,-0.3294981623971579,-0.17781532157317684,0.5988377454412401,0.003162891408508217
435,2021-11-18,-0.38869800072653193,0.3781326601067891,-0.5932858449073147,-0.3420856746827233,-1.1201450801431192,-0.8549640249821571,0.18077085151080804,0.08167016792468464,0.4050345313095259,-0.14011021070665147,-0.5828656447087601,-1.500899767466589,-0.3360677827697423,-1.0957031498670173,-0.7671422775013003,-0.6436135530501897,-0.45279928762904254,-0.4856720027671955,-0.10896554767766617,0.04065242966901997,-0.31099125395942334,-0.1242429367097302,0.5608552549432065,0.007341406858367855
436,2021-11-19,-0.3042313309434524,0.7693549420249032,1.2725418286609629,-0.2839693159843123,-1.0118917523899578,-0.6800539165083197,-0.10926561922160795,0.4175382210619762,0.7122131590265565,0.9003244235278038,-0.6312793590529492,-1.4380830136986955,-0.37681931231517635,-1.2325512884502934,-0.5765700869006616,-0.7894879212909705,0.28040768599934335,0.7483166967903206,0.308384961702099,0.493014649831838,-0.3087137868273588,-0.028264313026509374,0.5976000313235439,-0.0020920509722239518
437,2021-11-22,-0.2726403147196142,0.6729914572751083,0.8089179074783428,-0.1853891324005478,-0.9050323713861173,-0.6545074980169345,0.2685433115164453,0.3215759201656097,1.0498384542551076,1.7464187002011529,-0.7334040583739637,-1.3852000721545674,-0.18916331368721231,-1.3430398933276488,-0.09053639157168666,-0.8134248176954265,0.6489293812702442,1.0350392745234718,0.1912339415253228,0.4318876508251246,-0.2731377612546615,0.017592930594773435,0.5476517070979158,0.002092050972223951
438,2021-11-23,-0.5140479077976846,0.7969510320651038,1.2631102288124947,-0.06583909109947154,-0.799910300207231,-0.7417624943607941,0.17279490419786997,0.4175382210619762,0.794650940836117,0.877933896486682,-0.7897463266925088,-1.3440039685207406,-0.35575324511990225,-1.1490367996625102,-0.7015228070703137,-0.8539223194653823,0.9526129713993734,1.0185979729053445,0.23150460471108963,0.3085059760561759,-0.26805731629608354,0.06293363331609109,0.5068753428540391,-0.005238356661589014
439,2021-11-24,-0.4801433440373895,0.5272548109910787,-0.6775934621219414,0.031909511619986175,-0.7044148124414203,-0.6928948906185297,0.2311863512074492,0.17763246882105135,0.39561496812452474,-0.23300938013317785,-0.8348201413473447,-1.299009642566063,-0.5072585602908489,-0.9656207427709134,-1.2697277194172858,-0.9746382448709611,0.2647285341027752,-0.2852386544550938,-0.017441313164559782,0.24931365211606607,-0.26805731629608354,0.05033261122010142,0.38253018821710005,-0.0021030501967787877
440,2021-11-25,-0.6609486686330929,0.37996112516915725,-1.2029824357207617,0.09805953165192054,-0.6199679978489153,-0.6095179655028106,-0.21398708138766417,0.08167016792468464,0.32952163566824194,-0.4659579629186184,-0.9342729209168767,-1.2990096425660658,-0.6276785812548691,-1.09520811248716,-1.2697277194172862,-1.1264275761799738,-0.051102399631520655,-0.5905625073583827,-0.11628748643871469,-0.41501091913598964,-0.26393556092195697,0.02710998434862061,0.26623964016604307,-0.013778702356164397
441,2021-11-26,-0.33323624471557994,-0.7493336200932162,-1.2029824357207617,0.06491500409940622,-0.558775571146293,-0.565821351585352,-0.5361676289767034,-0.5420847879017149,-0.6065993210985364,-1.596299883021206,-0.937762671157707,-1.273006428215637,-0.7580372778302762,-0.6204008737635587,-0.7205204003928056,-1.2091147562661424,-0.7924055028948435,-1.2640484705117516,-0.5336379958184799,-0.16480989168714907,-0.269909554028005,-0.08894035471139052,0.02625722793303736,-0.009651549452221585
442,2021-11-29,-0.46827135900784517,-1.3440497910700466,-1.2029824357207617,-0.06968767824523596,-0.5228433121146788,-0.32388222671655903,-0.7240755541761872,-0.9739151419353721,-1.5260358663485587,-1.4001306563239662,-0.9532332169195056,-1.226843418469929,-0.8725790185705324,-0.11769516751993153,0.07268845918572336,-1.1449916747074318,-1.161123220344079,-1.362849259524819,-0.6947206485615471,-0.32551048194189286,-0.2820307205387749,-0.22420193726736393,-0.19614086716142576,0.007514796502486364
443,2021-11-30,-0.5525668896580909,-0.6595250591188657,-0.23274267525403097,-0.21401099087066394,-0.49484947848674155,-0.5909321797018947,-0.5664390206851002,-0.8727856402215082,-0.8351257409314746,-0.3547744078597019,-0.889537180114147,-1.1435746983589996,-0.25358453948849335,-0.4005950969268087,-1.3407945077159933,-1.1979588097141416,-1.10261594617032,-0.8062289940427377,-0.2993359554649275,-0.10686212616202531,-0.2844350566435745,-0.23795993123071568,-0.18171431244407638,0.010638398205055797
444,2021-12-01,-0.5100926922833036,0.9729431209294119,1.2725418286609629,-0.35436410757315095,-0.46056815399612977,-0.2886230075093491,-0.5656232777954986,0.027813774564471122,-0.513221657345781,0.028673267392386154,-0.889295332946391,-1.0158959941889143,-0.4333609027200264,-0.5678085511007105,-1.263266424142903,-1.2960984716665385,-0.2646211337857017,0.5667795690393181,0.16926812524217727,-0.018135182531960132,-0.28555125114182744,-0.15383271540896584,-0.015216874302863592,0.04348511193973889
445,2021-12-02,1.7163893949659563,1.3406880468492275,1.2725418286609629,-0.3176373125044131,-0.3774098458909098,0.4179939962346056,0.31388111955984505,0.9480264462419011,2.565684066179288,2.0021816447185317,-0.22980708561729934,-0.843515135011906,2.1314733000749504,-1.0095011708343118,1.057884477926889,-1.102587875396559,0.5319447215821559,1.3675387656873985,1.5640974592219188,0.5536283823960282,-0.3107704183434759,0.24009642264198308,0.6084098854419981,0.0
446,2021-12-03,0.29323439723852823,1.3406880468492275,1.2725418286609629,-0.12373942629167499,-0.2678417558099447,0.6137626616171167,0.37717135747707936,0.9480264462419011,2.0055054290133274,1.2365033319476648,-0.19668756495019013,-0.7018122253494558,1.5730096092339396,-1.2041172081185922,1.057884477926888,-0.7760729103412836,1.0085489213122485,1.3817438970003877,1.3188125107267936,0.44780428410014106,-0.3083363510297609,0.47013372313744045,0.8478639723277829,-0.008138396902971164
447,2021-12-06,0.1133164607390001,0.9512166547912607,0.8010296710257379,0.1466571847040867,-0.1563109328331229,0.15077829873104326,0.17744513592884648,0.6418096658534881,1.6576948997988152,0.9421064392697936,-0.08144072943257735,-0.5764708887614313,1.6348497708517693,-1.3896612750503223,1.351267787238183,-0.3695890807484842,0.887959423920319,0.6640652563013508,0.7367183792234369,0.3612296136549035,-0.29411184968154946,0.5274193799018381,0.7659544940940777,0.015205564126063591
448,2021-12-07,0.19133055136560542,1.3406880468492275,1.1390634463990805,0.47036695665042,-0.03349229026231948,0.1606930426028076,0.8977040540783151,1.2159661290817636,1.536508708465695,0.9516691946121216,-0.039958243295015856,-0.4406113980541305,1.131130648570947,-1.5351037142681623,1.351267787238183,0.04451283649874186,0.9702661766631664,0.6353023401541085,0.8794961850638829,0.5496613189340743,-0.2983240596424976,0.66058239919052,0.8205438051747733,-0.015205564126063697
449,2021-12-08,0.09811677034879865,0.6620594919729801,-0.42911398422889196,0.6832041518806348,0.07270239288251443,0.21359889841995855,0.12982761565094628,0.6418096658534881,0.8465204284223335,0.30398019142651733,-0.08284472779976196,-0.3029988816602828,0.743744776088366,-0.852356783831406,0.04783479489495156,0.2564789636343508,0.6962147337233708,0.24543958314802092,0.037473227543304066,0.40621469949883016,-0.2853038354617554,0.5953097639925244,0.5500836920438765,0.006109998641578474
450,2021-12-09,-0.15794540328896556,0.8900237215602769,-0.6669064157270085,0.8286424752731606,0.16862544052608106,0.24219455479609642,0.1898503509447133,0.8714722511447996,0.8303415801960097,0.013529575440014003,-0.23126262552575097,-0.15516038209491834,0.4612108600527393,-1.0211179320112937,0.04783479489495189,0.348011228293779,0.39390917463283437,-0.1213198371570492,0.01184644187963427,0.5243119365806662,-0.28780287642460456,0.5798822138275366,0.4126223608094097,-0.01123033752955377
451,2021-12-10,-0.21833850172009128,0.39766711890508943,-1.2029824357207617,0.9032612811063538,0.24007749681123722,0.2198241097721725,-0.41740269773981964,0.45042417811073415,0.4905739228329225,-1.2532487914658748,-0.34999694370654205,-0.041505883417195466,0.20711446446572837,-0.7018344278775648,-0.666379071467817,0.2762588846646753,-0.4966563843483477,-1.196894788369286,-0.31764080236754877,0.561153041113846,-0.281930618839585,0.4601416564042259,0.1375216414764224,0.014271394105332761
452,2021-12-13,0.6088593275888542,0.9496123846119401,-0.10156569722067238,0.9557477062469572,0.30674941123034377,0.861035291561361,-0.16582945152558323,0.9863035437904588,0.8858635872839101,0.8914227099263639,-0.21676697800679123,0.07127210241724875,0.8824556530971426,-0.9640808282017572,0.30870789821887545,0.25589044862678706,-0.5802211331463615,-0.8157119149346215,0.19855588028637133,0.9116175677189486,-0.2809033856354995,0.48131999656836966,0.1405213059413922,-0.018386626250439426
453,2021-12-14,-0.2041402921812876,0.17136793815055107,-1.2029824357207617,0.9677633222447756,0.3461059675900376,0.4977008645118813,-0.09946869701424295,0.29731578791652435,0.2947585123051805,-0.8977289029860228,-0.2876854434148433,0.15629384821472253,0.5551027108342366,-0.2044417073154287,-0.8960825603771198,0.10421600490277994,-0.9833495345858768,-1.00063969844242,-0.41648697564170367,0.5325424895502198,-0.26742035414741383,0.332399751663165,-0.12635181246550684,0.002059732963010784
454,2021-12-15,-0.49096314032432603,0.2553163675136823,-0.9393983650694032,0.9320025170564804,0.36771336471895694,0.4801990818132481,-0.21959357698310633,0.3738699830136328,0.17624432349959668,-0.8277494655135589,-0.43317143472521485,0.22115579861691972,0.30724187791411584,-0.2709263697167723,-1.0781628874772191,-0.12612738978871058,-0.9008925773362496,-0.6724188752049058,-0.20415075157129683,0.4091401851631812,-0.2562482138365639,0.24618013401931127,-0.24059271141946945,0.016326893287428666
455,2021-12-16,-0.15633542774304765,0.9034262267970794,0.9561503165961641,0.9112526574348288,0.39349462522242584,0.8878347440168048,0.4745596533829484,0.9863035437904588,0.4455867208203676,0.21822485478667292,-0.4734877543587143,0.2416077649599507,0.5084845627552623,-0.526514375173931,-0.578075952391438,-0.3117296134311107,-0.7923522968750059,-0.37583510076434473,0.33767271674629307,0.02538286000162236,-0.24906323134764627,0.31291943688024265,-0.08984535377233818,0.002022245380767649
456,2021-12-17,-0.08705577137736709,0.9260309790061851,1.2687684092857592,0.8892913492323223,0.42124917026494024,0.6817850173269963,0.49532108823879606,0.9909714825158901,0.7320899938390092,0.9548571902726661,-0.5437770467729129,0.2728700563700176,0.7124188527562313,-0.7381569692257044,-0.12941322993480245,-0.40007317130557657,-0.11344348379387462,0.5492644741721179,0.38160434931258413,0.053600310381147515,-0.2455758011195038,0.3578997795250733,-0.0036927702277125252,-0.011173300598125302
457,2021-12-20,-0.38775356625274543,0.03537149567277669,-0.5970207121397971,0.8886904665156377,0.43544698171022994,0.9623880095151165,0.6250276022632915,0.5339802812959825,0.21205639231737025,0.09512546907176733,-0.5873297351351396,0.29770458692941587,0.4142303281384249,-0.535783316334118,-0.6596412765762645,-0.501640536758701,0.23971929726860616,0.7391884521854768,-0.06137294573085086,0.01127413481185669,-0.23701766276281416,0.2844269566265016,-0.1222867927344804,0.0212236364516268
458,2021-12-21,0.21648166540577196,1.2101749502628212,1.2725418286609629,0.9581984369729057,0.4618914547141502,1.0532848097057033,0.49881356111842645,1.3037782940460911,1.1058897503583178,1.419244528124239,-0.40663321114966927,0.31669569853366464,0.8375169487385283,-0.8357807135690875,0.09986294106774157,-0.5013127250763528,0.5972637505527097,0.8320437080748072,0.6451941447103305,0.0953303426325608,-0.23469562105711098,0.3969295670759538,0.07724452381923771,0.0069756137364253585
459,2021-12-22,-0.03894665959186706,1.3406880468492275,1.2725418286609629,1.0673167675193413,0.5002188872173257,1.5662145838422326,2.9424819530507897,1.5500932930993345,1.5402861140838626,1.3937275891096625,-0.5156509033439411,0.3613978535405826,0.5477331813463736,-1.0045903752589116,0.09986294106774157,-0.44902433825813837,1.097971328424151,1.2730777347526456,0.6744818997545247,0.40954658562319146,-0.22877088294213865,0.5056166785843084,0.23082948993543306,-0.004977611073752244
460,2021-12-23,-0.34311794501513126,0.8148872837141639,0.4989641140275187,1.170754803370015,0.5364294200845722,1.1222475281463626,0.7730117584754151,1.1952327012429649,1.1844067202412298,0.9990870712132056,-0.6155438026684908,0.3891540935775608,0.29323174265693436,-1.1528467877949469,0.09986294106774157,-0.3744938936618875,1.579078938357915,1.6226067020382087,0.30106302294105053,0.25160946471950957,-0.2136796002771192,0.5118433521170356,0.19149849960636908,-0.011038747314822074
461,2021-12-24,-0.45780651795937866,-0.30770642679427707,-1.042658733416442,1.2679324580841949,0.5556749616568772,0.7627831690429733,0.04078984037947371,0.45531061609565554,0.48966865430339124,-0.030078179646830395,-0.6447431398516017,0.41807901740556425,0.03970847460476875,-0.7111580296974953,-0.8492194800175966,-0.420098729544765,1.1576872612730766,0.5825663048634662,-0.1236094251997632,0.2543237240921808,-0.17445829200327062,0.4081812315093029,-0.013924640205039198,-0.0020202027072758794
462,2021-12-27,-0.44074965105361047,-0.5094883638941938,-1.2029824357207617,1.3189681321618032,0.5596690541087607,0.4273154116216852,-0.3634936599417454,0.390882026368544,0.5977097218887991,0.003305557762768196,-0.6807813551672226,0.42655197489053676,-0.07831420118550798,-0.908181312144903,-0.7129566291732338,-0.5052702680297089,0.4569250488260063,-0.4810537326202936,-0.1895068740491998,0.025368579915394426,-0.10921919368901797,0.3141920672828267,-0.16295047598786952,-0.0030379770200768094
463,2021-12-28,-0.4602214812782555,-0.8242389701215284,-1.2029824357207617,1.2933488236936619,0.5493667205553311,0.47049549183839195,-0.35209872080367316,0.1637712475804626,0.19527499230635859,-0.9834808634906127,-0.6335394540049241,0.45635341156181364,-0.315083997604779,-0.5692313445710324,-1.4548640270358018,-0.7017019151049916,-0.25816385774220374,-1.065556316906621,-0.34326758803121854,0.2409699989322072,-0.043395626356251334,0.2222325112308231,-0.278958193858207,0.0
464,2021-12-29,-0.583752242752249,-0.8242389701215284,-1.2029824357207617,1.2010806937543788,0.5295115159937785,0.34177999669460807,-0.5816162008093212,0.1637712475804626,-0.032739049624449755,-0.9705037394456107,-0.709854643197277,0.48177228401672845,-0.4810324712559265,-0.7685629137139377,-1.4548640270358018,-0.9388636872100158,-0.551861087225577,-0.9013339012222952,-0.2554043228986364,0.21184446883669728,0.01667197935749124,0.15938604766014053,-0.3256771806511371,-0.0010147134305464591
465,2021-12-30,-0.46868969911032776,-0.9423646713911261,-1.2029824357207617,1.082657706157473,0.5025929741557897,0.3392927643272656,-0.783181293687478,0.08806765465110658,-0.1303039312462116,-0.7454788063914193,-0.7455493034128949,0.48089577117345755,-0.6383522214049092,-0.9575299585105546,-1.4548640270358018,-1.1774459906889876,-0.7292144866720588,-0.737052884381563,-0.16021911900500577,-0.03100920049876116,0.015952270310798374,0.10894981515271782,-0.34340647893395915,0.01110561641250945
466,2021-12-31,-0.029939670415688464,0.26126008062943956,1.2725418286609629,0.9911124000761056,0.483396925382426,0.6602542272449377,-0.5701519447592771,0.9208071768740496,0.6068068411084141,0.9386257869114527,-0.6853538126014641,0.4823566259122423,-0.22244298406840698,-1.1551823269055523,-0.49544835764542255,-1.2705124992033863,-0.14323885490087768,0.33062355961992596,0.28275817603842923,0.09566996367425905,0.015961208202305635,0.16360816073866102,-0.19122100538501766,0.02772454801485477
467,2022-01-04,0.38322822716349914,1.3406880468492275,1.2725418286609629,1.0161729048801915,0.4983937721260323,1.194006469296849,-0.1385010945989758,1.795061572638884,1.9972754782957092,2.196841464963739,-0.5357674553992574,0.5404986445160139,0.6459525641108628,-1.3525705760242825,0.7399117941697221,-1.1185148992194787,0.7852821998012146,1.5334489205836133,1.110137256036911,0.6513548593300731,-0.004705594347700497,0.4144999343550662,0.24117272306327028,0.002925404329105136
468,2022-01-05,0.2622011678180001,1.3406880468492275,1.2725418286609629,1.149741186613294,0.534771627233547,1.7371601826275145,0.6255058941493109,1.3696213349552295,2.138927936655103,1.4196099410947292,-0.4541346063448888,0.5629958074933514,0.8788891682436957,-1.507462429211574,1.1664934639140951,-0.7975297195719502,1.4870201750537135,1.9320703522394247,0.982003327718562,0.3872575523938555,-0.02584924225257988,0.5742642200290121,0.44282925487901104,0.032569928685424944
469,2022-01-06,1.1105695417071262,1.3406880468492275,1.2725418286609629,1.3962256828493649,0.6160085969416436,2.0921311865822934,2.949775954912367,1.348095725427244,2.5452850537677483,1.5804022738648953,-0.09721717901134928,0.6100353300823328,2.1675752741557175,-1.6881962346684638,1.9774111964650585,-0.30938535531232464,1.6586139789538057,1.4961540340617854,1.7471459282481316,0.7580137923729287,-0.07868415947622869,0.9183192019055453,0.8958940087399674,-0.0037771527437454374
470,2022-01-07,0.29904045078207475,1.0960843958617392,0.9811568889797112,1.664718616031843,0.712822638909934,1.4138502705871812,0.818207934627765,1.2170702761264354,1.911007959108075,1.2258152341323616,-0.17936685864935747,0.6564905107757951,1.6610760279638024,-1.777146380543382,1.9774111964650585,0.22419578768738097,1.4230656790703942,0.7774095934495148,1.1613908273642506,0.7756375548979809,-0.10423522345145375,1.0566084874269073,0.9326105009626517,0.0131580845775112
471,2022-01-10,0.05376638099924084,1.3406880468492275,1.1059481320823068,1.8731963126487128,0.8250733400401908,1.1048334403811806,2.0557068908333274,1.586574288523815,1.6153756358107165,1.031678990793591,-0.21972911122149996,0.7368375214091472,1.4783886617351056,-1.8582276404223503,2.0671585963582286,0.7492593462759236,1.508941777266732,0.9317298403106125,1.1357640417005808,1.1354163557843147,-0.12295785649986461,1.2075206082269363,0.9819661468518192,-0.0009341429917970186
472,2022-01-11,-0.2897161970845861,1.278117503200022,0.44244023736949906,2.0268471796812806,0.9353662481037518,0.9301390357274141,0.7117249548858248,1.48715575416631,1.3317219242140321,0.9191711261451424,-0.32809138669400917,0.8247809766841931,1.1867402539982748,-1.9203704771035868,2.0982284158371516,1.2312200206855513,1.4958484635020874,0.9756929760910392,0.6561770528519033,1.1517698403184276,-0.13738108148617337,1.240207275698882,0.8342950517471088,-0.0284379353205334
473,2022-01-12,0.22602742592605696,-0.3666235935836649,-1.2029824357207617,2.0784979815158726,1.0025525978118026,0.8992779936713561,-0.09158734652017388,0.5230062215754402,0.6877468687302263,-0.3069288086476711,-0.18656378682763267,0.8738656959074758,0.6936695545540955,-0.319651543006586,-0.6436640224511049,1.289568433381143,0.7378676262681187,-0.17824138429752853,-0.4787234551106161,0.773917983862568,-0.10898493287673497,0.9695080188971944,0.23588614730208,-0.018438173970752727
474,2022-01-13,-0.03201235546889775,-1.1847408720228991,-1.2029824357207617,2.0339008840623283,1.0161802945706087,0.39791860215977376,-0.4249197367468451,-0.0876218157321114,0.2577282583615721,-1.4573585353651304,-0.1874504170567233,0.9054201582653022,0.34334306499398415,0.2534459397721533,-1.4265693125104706,1.0235822941208195,-0.3851353681032003,-1.5157917825693317,-1.104749219180264,0.5055803332706517,-0.07733489394053059,0.6147713472179797,-0.37587555852106197,-0.030832875036029942
475,2022-01-14,-0.008185985086592797,-1.3977326786624662,-1.2029824357207617,1.8773405317090683,0.9611504252810916,0.4201525028274338,-0.7116942040590054,-1.083909666076016,-0.3567330722028099,-1.3652156196231218,-0.11208724782520064,0.900453252153421,0.011090026089221933,1.4265614940811626,-0.21324149343647672,0.7741455268778614,-1.4589287496136114,-2.310545575028926,-1.7893504933382998,0.08196099654940311,-0.07565673469837363,0.12945874037903987,-1.0719918407284847,0.00403226352793823
476,2022-01-17,-0.2638805265130844,-1.2812372224705055,-1.0672343783286364,1.6319039577050343,0.8696194439133956,0.4024627166047864,-0.5661501728042201,-0.9553563950639019,-0.5344289842067096,-0.9363236953209237,-0.25465664154610185,0.8773717472805697,-0.1954732987800264,1.3755999971802082,0.011589529516900234,0.5832206884104125,-1.5805799038392896,-1.5607836883065525,-1.2951196269675251,-0.016688338606410863,-0.0725349973264023,-0.13525830620130003,-1.279673289106507,0.009013581305361389
477,2022-01-18,-0.319133112472795,-1.0191190598012416,-0.743259835241419,1.363232481261801,0.7687150881269552,0.766473584594763,-0.6118149939985928,-0.6661115352866404,-0.36955168631030655,-0.4767222306695833,-0.22924595526236421,0.8244888057364361,0.2510828510227816,0.8450596248131824,-0.8568301593059974,0.32299312728481755,-1.3034118230109648,-0.6440032939135334,-0.5775696283847709,-0.2743035478133619,-0.05271430170179068,-0.21527207178671,-1.1534257812051625,0.034300275763898644
478,2022-01-19,0.768291276039537,-0.15896545973463772,1.2725418286609629,1.1499933905500122,0.702450046981787,0.7952503327721386,-0.26973334339328575,0.4587295860693833,0.18006267268714435,0.5958004835127164,0.05733625071640602,0.8110489421395851,1.338477980631911,0.23582971120977925,-0.666758759754405,0.07376361177622648,-0.19096548102744387,0.9385017541331323,0.8721742463028344,0.16042547793285045,-0.043136289156862885,0.02651507780408118,-0.5430040808540743,-0.005797117684325958
479,2022-01-20,-0.032506757408195384,-0.329955664599651,0.9612473067697629,1.0324586988607594,0.6529211420396963,0.751224849496049,-0.2275913441426287,0.20162304404514728,0.2582166133720717,1.0073157045401187,-0.030366623728889094,0.7406357437299954,0.9368804377926956,-0.09691036462882169,-0.6667587597544057,-0.149509389396457,0.6587519395023315,1.6092575517854766,0.7074306241792429,-0.3693423035543936,-0.03623999366792534,0.12629816434403135,-0.2794648207495832,-0.02353049741019416
480,2022-01-21,-0.0736942420435286,-0.9588544972321665,-0.10741737239763899,0.9543220987779997,0.5899998540293535,0.39178229111055796,-0.22018963506258252,-0.5999444105009921,-0.43039349311170927,0.13889318423406438,0.08965226025186225,0.6608730749921597,0.4909545481931144,1.0455213130493235,-0.969474393433897,-0.38130972858445095,0.8600202080455591,1.0767985426263331,-0.0833387620139964,-0.6342701190694289,-0.03258204871907088,-0.007196817972454743,-0.4379219074111475,-0.000992555912751628
481,2022-01-24,-0.3615185710379648,-0.9835945777386637,-0.3111450467740141,0.8990511144573001,0.5203219717321612,0.08564068787845139,-0.14919780942396083,-0.6333430544404142,-0.35155944893390384,0.15859388136818187,0.04620116617600705,0.5504324567397738,0.17889847548501625,0.5838074455703487,-0.9694743934338971,-0.5985382737649099,0.1875596469204251,-0.3645411370207525,-0.22245559847391813,-0.8208640097137859,-0.020454380204241323,-0.09301038090282732,-0.48920598655608194,-0.03949880544198528
482,2022-01-25,-0.20888781849582508,-1.3977326786624662,-1.2029824357207617,0.7654482015908874,0.4096260263495106,-0.21803806700817369,-0.4363792954914757,-1.5017077968653967,-1.0211052763636634,-1.371704257202774,0.1635852377449114,0.3964583672715003,-0.14349029930372992,1.7585373167979328,0.14760846079511042,-0.6430027896056022,-0.8330429902524875,-1.6773172946936874,-1.481829065374262,-1.316185491126668,-0.04555053414238168,-0.4482603659650808,-0.9567618611828386,0.01740955389551178
483,2022-01-26,-0.4218039152002693,-1.0080149419857067,-0.3393067406610583,0.5632585025961067,0.2976450686065767,0.005071958872076668,-0.45077365671277886,-0.8092968859261516,-0.9053585051095675,-0.9809820848757471,0.10534754817044624,0.3038401768323301,-0.366853635789582,1.5874367591357714,0.34877952635902115,-0.5691125622425698,-0.9924553005595754,-1.1967631071920093,-0.7569571280304597,-0.7251606218480442,-0.046563430844507946,-0.5056489015005797,-0.8592799965673904,-0.016377029281322654
484,2022-01-27,-0.5016054589920276,-1.2793976378002625,-0.7241850607538348,0.35268141605564934,0.1749966072020431,-0.294530688377685,-0.7354451169671763,-1.2524398689272689,-0.852787525506106,-0.6865511060242696,-0.0807088047495844,0.2214479695646767,-0.5246009324335851,1.1589475534911007,0.3487795263590215,-0.44086911711135446,-1.2930693126213615,-1.1426309536414583,-0.9326836582956239,-0.6979484035225303,-0.06623084200055147,-0.6427752205069608,-0.9075225989973262,-0.01246122043781189
485,2022-01-28,-0.29019792205108125,-1.3977326786624662,-0.9414265564940705,0.12327547948050235,0.04117974431968446,-0.5561775333288754,-0.7302063269917868,-1.4224831065904848,-0.9884994353302567,-0.8499093806414144,-0.15348141367081347,0.17119456655036358,-0.6851640075391648,1.4120288800033134,0.7279788319142695,-0.24526092905820773,-1.2408306749662144,-0.8704748985159221,-0.9253617195345754,-0.4529029239313531,-0.10047780028830249,-0.7902748709295807,-0.9625380786447726,0.06179180565751365
486,2022-02-07,0.4021929784760441,0.5219160977381938,1.2725418286609629,0.0025382263112556785,-0.02832287514852671,-0.23802072285229586,-0.4345822677773072,0.41080402450784653,0.20108940577330034,1.0072188305377163,0.40955903207969135,0.18843265246806548,0.9952186208852251,0.5595807161188484,-1.198386406514952,-0.28577531796621664,-0.4775951573591768,0.3655827620444304,1.2858637863020752,0.3474989660946638,-0.08944239538700235,-0.35735106975092695,-0.08771696975295454,0.03095024604110106
487,2022-02-08,0.44346920192099487,1.3406880468492275,1.2725418286609629,0.009317060894836143,-0.02119708147047732,0.10469569997860814,0.049781970439021245,1.8017217127792968,1.250934036242683,1.7060825062551361,0.4415927848987243,0.22933658515413263,1.4469790404180518,0.11614334086075201,-0.4861576039038422,-0.34934865384083486,0.654967528469738,1.6985012418494263,2.193784192672091,0.6638061914698106,-0.09080723444902572,0.17685429326715646,0.7724726726017975,-0.0028612322810321234
488,2022-02-09,0.1014127832774495,1.2455726355315089,1.1727521521793536,0.12170750306762528,0.029409101674013123,0.016863182856513004,-0.04766491236950156,1.4592224499510669,1.4181145448973491,1.2369426166580055,0.2516811124786992,0.2161888925050385,1.3688776200197839,-0.17176344125001927,-0.27020541050358804,-0.3909640426246848,1.7680899009345157,2.5452582368534893,1.5750803673634917,0.13201383217280682,-0.09128209527496019,0.4706095734185963,1.0799823072774695,0.011396134730869582
489,2022-02-10,-0.1179685695562714,1.3406880468492275,1.2725418286609629,0.3296546917878024,0.11579189096895777,0.29017660607807955,0.01286631707670156,1.5296436996703153,1.3482751265132824,1.0052292162108085,0.2265392302340053,0.22436967904225402,1.3408783334501173,-0.4746339119963236,0.02475265183467903,-0.3790073800552567,1.8170250104306007,1.6670538542566238,1.5421316429387735,0.3755991518486791,-0.09039474120228835,0.7253467000723559,1.2642227205460979,-0.004732616500098944
490,2022-02-11,-0.15224076552783908,1.1764524589434486,1.0710875076651738,0.5429547030985242,0.2132161273889501,0.1230102650570442,-0.08048936761181705,1.3371769379855074,1.1827628989734924,0.8346612560088715,0.13035325102345488,0.26118321845971343,1.022591901501135,-0.7122400356389743,0.08035697024334057,-0.3333472758731498,1.59730715906338,0.849533535055983,0.8428864912586403,0.6467546319007728,-0.08930091955303392,0.8101868982979088,1.1426614316945678,-0.02109378305979948
491,2022-02-14,-0.2464179964776361,0.48393247687392105,-1.2029824357207617,0.6913477075454626,0.2881588834464,0.08732202702591191,-0.0907395705982328,0.7126222963183116,0.63210508970496,-0.023496733393795363,0.1167981955006777,0.26994834689244024,0.6375253324374518,0.03715423511946572,-1.059824596536582,-0.42486734897600026,0.8341836588880737,-0.20890715581793304,-0.37987728183646113,0.35698693923828007,-0.07644476605305267,0.6534956086725149,0.6630584141486904,0.0019361090268664007
492,2022-02-15,-0.4697355493665343,0.5369560265694521,-1.05152240879042,0.7777275330113983,0.3460602484983899,0.02434893607222153,-0.24294066643631956,0.7693999910153287,0.5325613961491656,-0.7767751923403227,-0.008154559039736036,0.3353946391901539,0.35095832724458526,-0.1541505502599846,-1.155764618076938,-0.5915825228308393,-0.09073536115407203,-1.1632990653919713,-0.4018430981196066,0.9607272095138761,-0.061267203283694935,0.5484651021534237,0.36115708190936635,0.023890290533032058
493,2022-02-16,0.05246699128698425,1.169318347617966,0.6326793300321776,0.8388930887942314,0.4146207525936154,-0.02301180191490008,-0.3111927800365699,1.4791211747280546,0.8695138529103152,0.5060882581382048,-0.03204428925727397,0.40726869233853097,0.6821068611499493,-0.4444347765991765,-0.5141703623558109,-0.698281394839982,-0.23262496822191428,-0.6589065005275981,0.42187501249835097,1.0574396885275184,-0.06868779282624764,0.6620806189189234,0.46576139865642696,-0.0037842996912395067
494,2022-02-17,-0.24302056776656522,1.0326255877582007,0.19795437044906664,0.8846251682178198,0.4799633902034591,-0.3439454138434826,-0.24880887488225198,1.3655657853340208,0.8193257668500489,0.6053788163405882,-0.11454980127696499,0.5007633956209746,0.5771907459358636,-0.676724660828859,-0.32697890080989345,-0.740916598085445,0.19642837571901414,0.4284684596663184,0.23516557409161387,1.2471635172241213,-0.0722722597355146,0.6723565390648873,0.3858541456054304,0.023420274208098422
495,2022-02-18,0.3538493426936978,1.3406880468492275,1.2725418286609629,0.9600328598997273,0.5632458132720872,-0.4459254538376854,-0.15642897961725472,1.8257291946807839,0.9783001872290225,1.386171339509816,-0.0030517729248652798,0.6532766303504633,0.8287613008977043,-0.9334946601387566,0.22596588336662005,-0.6743270483376844,1.200885886428177,1.7952305911152702,0.982003327718562,1.8010477468938275,-0.06932122017945384,0.8502169758186408,0.5872213224149534,-0.009302392662313674
496,2022-02-21,-0.059381939749502385,1.0160407647262506,0.26178715192745666,1.06019079730397,0.6400150217191098,-0.4039073738580353,-0.17762887902763688,1.561646893764417,0.930358230563503,1.127488525489512,-0.1420707704875668,0.7049908881035613,0.5348306422870877,-1.0944865055451587,0.22596588336662038,-0.5574464654095248,1.3076947167524533,1.3466140692274458,0.5390260326751272,0.7225867199193303,-0.05585390031028533,0.8433640573685863,0.45590644938402447,-0.016015415321976322
497,2022-02-22,-0.05027353479090376,0.4907846516900749,-1.2029824357207617,1.1280045229574183,0.6885500435075544,-0.6834817259038664,-0.2182609449509983,1.1127069822065998,0.5879008489894428,0.05778412783107186,-0.16453474955380293,0.687752802185862,0.23414552063338714,-0.46348457101737556,-0.9382633797238752,-0.5782742628124271,0.9427661932374783,0.33543345789642914,-0.17120202714657853,0.051060739846989445,-0.040362469058304616,0.6695358942987338,0.08652607358622091,-0.005714301263438552
498,2022-02-23,-0.2265024722049034,0.31128067445071345,-1.2029824357207617,1.1582173365287856,0.7086573942930535,-0.6894443252820869,-0.4515620164242215,0.9542576016567851,0.4022503080787171,-0.6403098762273822,-0.20786342394505597,0.672267741954707,-0.02009208848732235,-0.5586017912875453,-1.1252294913408174,-0.6923644294247044,-0.138307986032562,-1.1571495875319033,-0.45309666944694627,0.01127413481185669,-0.03971241247634924,0.4898582614725979,-0.21823817116911995,-0.038953318151974635
499,2022-02-24,0.5360237803520714,-1.3977326786624662,-1.2029824357207617,1.0729437083049078,0.6676207518314108,-0.7180299631051693,-0.6780842732044415,-0.40670939913719095,-1.2119457159551266,-1.865975392821146,0.13783600361591597,0.5881225090005092,-0.3568286304919219,1.236114963614528,0.148744098533095,-0.6763979974397885,-0.9751034084785519,-1.7848864618505191,-1.547726514223699,-0.6724994361413129,-0.05179680411573017,0.044308569511799255,-0.8829356493811611,0.01576387323306415
500,2022-02-25,0.19920928996236123,-0.824732043674155,-0.5804900472296596,0.9273820278660755,0.606627738793206,-0.42592243524090856,-0.49478131639273,-0.36615390292503175,-0.8124079433710664,-0.6280276704699286,0.27492934440423505,0.5317335160832871,-0.40851614838460126,0.6600987130847847,-0.13935558584336052,-0.6334452077260179,-0.9737477040297983,-0.970945741998635,-0.8082106993577991,-0.3982938581968565,-0.04352960714328617,-0.09725616970861346,-0.9334733176152843,0.0039024439769317454
501,2022-02-28,-0.1703181287442088,-0.6833205734743315,-0.24659728358435645,0.7564381108859289,0.5398102085692759,-0.13846479742304516,-0.5549333526360498,-0.2147467170663202,-0.752229673842574,-0.39979039385538273,0.11835036008310999,0.5089441821581902,-0.571892352614443,0.30980894861107,-0.1393555858433602,-0.5802302183313025,-0.5654615097251119,-0.012292305702523694,-0.36157243493383984,-0.05619346093570456,-0.03269362107495848,-0.14424802552664476,-0.8241908027170112,0.007759495770911124
502,2022-03-01,-0.0882727607664074,-0.3951020735985464,0.8719577823128493,0.5957756197751669,0.48030061728468404,-0.11290379746317819,-0.31697460239526987,0.0880676546511102,-0.2576024942766455,0.22155859964487026,0.00576591819534219,0.4966730023523669,-0.3409527582010995,-0.008588275034114263,-0.7922163450710189,-0.6123838469611336,0.008099384084805653,0.6641468433232773,0.1253364926758862,0.024741554311175654,0.027082366534897075,-0.1002225663293097,-0.5926807479968565,0.01629168759818575
503,2022-03-02,0.4135832385390933,0.1910725442512454,1.2725418286609629,0.5430294260922536,0.44478884068372215,-0.006251551537867139,0.22868148379834527,0.7315481945506485,0.2882414402769029,1.0394113136441858,0.13123703936037925,0.4624890014647279,0.09693140717835633,-0.37467447690705086,-1.2021895782624052,-0.7396365272171179,0.595137486453591,1.1183119390484648,0.7330574098429127,-0.08077230743184044,0.07092326378594725,0.06841085676962447,-0.21021332339655555,0.013220211428134737
504,2022-03-03,0.3656325889136246,0.6398524334737521,1.2725418286609629,0.5806378203026493,0.4388839854602129,-0.06486148055611411,1.3058295742490367,1.2614733450561528,0.9364726356999996,1.5635465230646537,0.09214773503195071,0.45109433450217806,0.21819824972602592,-0.6367387617481886,-0.7400099708936738,-0.8439548803983368,1.0807124253591682,1.3464613969046577,1.1174591947979595,0.15646695887371379,0.1487480332206067,0.2811000994311526,0.16550273722453984,-0.015123161574220773
505,2022-03-04,0.015830539887749708,-0.01634197093968328,0.06771792201885012,0.6540233919220202,0.43395747252895495,-0.07209595676026373,2.2500457471137025,0.6558446016212927,0.23553276877369292,0.5178699084589578,0.08623378270747421,0.38915409357755826,-0.057047049891489336,-0.25699244116261,-1.452348270740763,-1.0221751883853187,1.0136728403684006,0.793035183833854,0.293741084180002,-0.3755400808074851,0.2860384036605829,0.2726252287446572,0.115963966098046,0.0
506,2022-03-07,-0.11635225552395222,-0.01634197093968328,-0.07204167021324605,0.7449434225194481,0.4287619620416946,0.0939117035163161,1.031759721407272,0.6558446016212927,0.3482908732585905,0.5588485101229358,-0.057963580412562964,0.3424067419363364,-0.2166134841399151,-0.4946703323259374,-1.473325795766096,-1.2263236704461495,0.5488650510990654,-0.0728710402439308,0.136319400817459,-0.24901206635255857,0.31124380610585684,0.2580214775371336,0.06663068668594038,-0.02020270731751958
507,2022-03-08,0.0016957152129585269,-0.8490590411096095,-1.2029824357207617,0.7557316313547248,0.40155111400680066,0.03473886620655859,0.08603622322319822,-0.13904312413696418,-0.5274522809626387,-1.122071741948862,-0.033855269648136586,0.29273768081753726,-0.43590746376448686,0.37113364145231786,-0.3129194560894548,-1.2737149422334595,-0.30928492303621385,-1.1192580938344485,-0.6105183528094893,-0.3061118882604245,0.29863034357887236,0.07344578547463967,-0.2419083039760095,-0.017647516813578113
508,2022-03-09,0.22356175471597006,-1.3977326786624662,-1.2029824357207617,0.6295652306851242,0.3437541623306607,-0.03189405218265662,-0.35072706560737976,-0.30477261136069317,-1.1430069313773252,-1.4419949895751658,0.5813324207126284,0.23693302979582903,-0.7466679393821058,1.650111165522972,0.9321853933646922,-1.0727477453251881,-0.5310636758987622,-0.8877985232495695,-1.104749219180264,-0.46753314641323307,0.26601943606695005,-0.18190275534365447,-0.6007757411211764,0.028280773114947068
509,2022-03-10,0.005695300132148319,-0.12778274138363918,0.2346713147053708,0.4960114361862836,0.29936609462570474,0.029141223327953263,-0.404120608444599,0.6632734588713717,-0.09592310098277528,-0.11037182393373399,0.5916902413742086,0.27549959489983794,-0.8709577710659181,1.0619773940500388,0.8707050951335944,-0.7695957198453154,-0.12999207178007227,0.16366950649917503,-0.017441313164559782,0.4676150366547335,0.26341362922807826,-0.09524241220971075,-0.34645597559466346,-0.012578782206860185
510,2022-03-11,0.29118706613092393,-0.5624188125791417,0.23023420682096066,0.30342478209664714,0.25225931548179575,-0.08646715896605556,-0.659689724441458,0.26589967955120425,-0.7168431201489093,-0.670058789862878,0.6760489713182679,0.2740387401610454,-1.0199186778296476,1.417281751844033,1.303465013256928,-0.38187653155724754,0.4443153530671627,0.9387333017739741,-0.24442141475706364,0.06572305665856748,0.25246779259737645,-0.13950183987926154,-0.3502513862713142,-0.02564243061333767
511,2022-03-14,0.10971620046308916,-1.3977326786624662,-0.9904259315776598,0.12329535658644472,0.1800610992825388,-0.14040142842239675,-0.6623587245067585,-0.5696965820275535,-0.7496676078977298,-0.5531607512001663,0.7562147008426475,0.23313480747498344,-0.8261943662052064,0.8278591551414232,0.6631052032687257,-0.06727002156505904,0.4431945575215802,0.5241449404385059,-0.8850910563488086,-0.3412654034741259,0.21742740123254542,-0.3642681199169288,-0.6390372673915843,-0.052292794720634
512,2022-03-15,1.0970368732404538,-1.3977326786624662,-1.2029824357207617,-0.06147883268497936,0.04613512791690562,-0.5802540922928006,-0.7380722465621907,-1.475299566773761,-1.9926175012180405,-1.8112427321897961,1.0612434502756671,0.120356821640534,-1.0104207621864323,2.017714582770898,1.498077735801832,0.2946741229118718,-0.5346803778510292,-1.1674591875439337,-2.1444645232491526,-1.1323505026714131,0.08921589444314906,-0.8869540110542403,-1.3416846086961702,0.016701849617931572
513,2022-03-16,0.6691573487239612,-0.9290143442799484,-0.4185232169746033,-0.30427347804484983,-0.10050498541023535,-0.5541606442131607,-0.5630031620520884,-0.6386868374707193,-1.7781466238362529,-1.1171305946081302,1.0770490295776987,0.0005667330599046942,-1.1334432785672766,2.0903149464303143,1.7314259565456562,0.6820551969295693,-0.9220123031511795,-1.3269211029025962,-1.1962734536933703,-1.1271068647674984,0.016941874161581053,-1.0342049110707392,-1.3094739045816046,0.011322817830264637
514,2022-03-17,0.4030423356538118,-0.6169790992939037,0.09953797578571578,-0.5098435364492218,-0.23395879101769193,-0.2354184664391471,-0.3164897430507297,-0.38886498080384113,-0.8227588820306782,-0.24642494341990342,0.9248698006206019,-0.1268198001624288,-0.4798570675782423,1.5180086003792428,0.47118397262283573,0.8842797064747926,-0.8574322266421561,-0.6532693393996218,-0.5885525365263437,-1.1513457027532195,-0.02916372600450617,-0.987812365573874,-0.9771600373895459,0.028256168450393464
515,2022-03-18,0.3023111097651206,0.1155466544977539,1.2725418286609629,-0.6611186516445264,-0.3218907235176306,-0.18319974717259216,-0.283413610885521,0.24704519980276501,-0.41030344516197903,0.32628544123660275,0.9425926187153824,-0.1984016823630463,-0.2961736048778274,0.9482959602004014,-0.10881679305754616,0.8988948567021171,0.004346154030152724,0.7602894272356827,0.6598380222324276,-0.5855249407151268,-0.029213290921622854,-0.6913045139316389,-0.3153664301714603,-0.0170601227453083
516,2022-03-21,0.17820354602861324,-0.2468833193133771,0.688883044317154,-0.7146707529935894,-0.3921733709803266,-0.22246941817188345,-0.27084172064920164,-0.13904312413695835,-0.3812471841304255,0.46610996731770604,0.8299834174998829,-0.2866373085858518,-0.4940313022159995,0.5179757085191381,-0.10881679305754649,0.8165978725650181,0.514801754913054,1.1244712241268733,0.2754362372773807,-0.8109823692475433,-0.04410271737936105,-0.6143248018336178,-0.133453352185872,-0.00101265831438638
517,2022-03-22,-0.10736428180697738,-0.2682774581037006,0.6536236830996687,-0.7139888841616933,-0.446579312630297,-0.23854685636118036,-0.2449686525288689,-0.16175420201576918,-0.5107480891507739,0.2968122162466746,0.5623936185596281,-0.3371828825479244,-0.6356404528530462,0.4973328280217728,0.11129856977900812,0.7206571648889566,0.8778777887219519,1.0815147069758646,0.323028839224196,-0.5571059371186051,-0.06317443591601507,-0.5462414402778143,-0.002006167820774628,-0.0040609192863149575
518,2022-03-23,-0.29089515555521894,-0.1249177386743586,0.12211567781173925,-0.707697036454934,-0.4899957490127443,-0.4123880201335949,0.0020868471324474278,-0.12401373436422104,-0.43014966935234555,0.13958578175942524,0.2722493059926291,-0.3652312935326544,-0.7509158102441246,0.21891784047094132,0.11129856977900879,0.6255872682788169,0.4401690761071986,0.0631388415903977,-0.03208519068665681,-0.3743922641439249,-0.08398724209126146,-0.5103718970521443,0.05215581937782236,-0.005099450112349249
519,2022-03-24,-0.519701837667601,-0.26777753041577895,-0.870829016120834,-0.7221144367571625,-0.5269472741100807,-0.6083957970140438,-0.39358704341992123,-0.24925864913705648,-0.44806805834532787,-0.7727943893007692,-0.06129610861402975,-0.43155409867364153,-0.8399538261077512,0.0038717227293796667,0.11129856977900845,0.5387224709153836,-0.19303839831836592,-0.8435068115587401,-0.2883530473233547,-0.8188886817865783,-0.10535921704411705,-0.5034970032227141,0.04958572176492868,-0.0030721990369701403
520,2022-03-25,-0.44083205137682674,-0.21242832102910486,-1.2029824357207617,-0.7516023496008754,-0.5584598670991672,-0.5912230454877262,-0.6482804054615632,-0.19997528429961367,-0.4446184699346412,-0.7873303076630759,-0.2520599668845618,-0.4835605273745015,-0.934556066406759,-0.017701099786312974,0.296634533212019,0.48762278625372035,-0.9605211736355261,-1.5273344072423203,-0.39086018997803396,-0.6938049417601069,-0.13213864288557137,-0.49855238921871586,0.044473933660101196,0.007153837356618774
521,2022-03-28,-0.22058232590613439,0.12335394050450504,1.2725418286609629,-0.7775622107081028,-0.5752680498745081,-0.6557947079357954,-0.7111902840904674,-0.006100229236624318,-0.4274738932906446,-0.81841577810016,-0.17645363325660565,-0.48531355306104584,-1.0533492400936024,0.2893325834188869,0.795464542755074,0.5248507859543208,-0.4193202936277839,-0.13243815798897243,0.01184644187963427,-0.253042472064895,-0.15019405374954453,-0.415511013746856,0.16401479396318444,-0.009207226168460805
522,2022-03-29,-0.3527651213178363,-0.2117331310787355,-1.0288026361807794,-0.7959574681001577,-0.5887735082743109,-0.6306756683954925,-0.6965061588477919,-0.2553681571747521,-0.31187673113064623,-0.41227592645247985,-0.318828495460358,-0.42337331213642604,-1.1317703612689987,0.019199521208934377,0.7954645427550746,0.6041049103539864,-0.021246733061472674,0.5531953812193872,-0.22977753723496663,0.34841326168850373,-0.17242701831268747,-0.4160876849248644,0.12727677658280998,0.028370697129215566
523,2022-03-30,0.3897505296703871,1.3406880468492275,1.2725418286609629,-0.7589684391735498,-0.5684718972466277,-0.3401200566419016,-0.3688659087631607,0.605803243583241,0.4852112949879833,1.9042138225733063,-0.2425472016863751,-0.3608487293162923,-0.5703190011936048,-0.30091019738392477,-0.7097177032303074,0.4994564113082043,1.0850929858492822,1.7948475779506445,0.7257354710818642,0.5158144160544753,-0.16516594985806418,-0.17309857657619535,0.4834607140685335,0.03629628441061355
524,2022-03-31,1.4530886698579628,1.3406880468492275,1.2725418286609629,-0.612642280787446,-0.4885903057645128,0.10297830171407098,0.483901417857384,1.5698724080552589,1.9891749866488058,1.9709931467378967,0.17348270926852133,-0.27670349636209457,0.7687080562102029,-0.6876761339616949,-0.1470023036980173,0.3838725201240521,1.2781059588525803,1.4439455690525682,1.7508068976286562,0.8807152990903367,-0.14396145299348528,0.2779524621742709,1.0977782050776264,-0.0038610086574595425
525,2022-04-01,0.30574023090819774,1.2150143459024287,1.0526581850774797,-0.3826445501929431,-0.37918086015626296,0.1363432977917009,0.12220833754017213,1.4581785824217781,1.9825768851239993,1.2645547662877814,-0.01352193030199209,-0.2471942306385694,0.4982560673230463,-0.8647995273422346,-0.14700230369801714,0.2721447669251516,1.703530092177465,1.524226362640174,1.2455931231163084,0.41309905133582797,-0.13397553567850096,0.5090576827175074,1.2410491881000143,0.027660323273573612
526,2022-04-06,0.7206005043565196,1.3406880468492275,1.2725418286609629,-0.07717729361740085,-0.22711792768381597,0.20429074119639362,0.8801592123661164,1.8308960223074082,2.0304849259451454,1.2172990459419197,0.07777052385511536,-0.15778992062473873,1.0749806063926406,-1.0823966655982287,0.6082880605372627,0.27129910556350895,1.743719639302033,1.3219604124519,1.7434849588676076,1.0683575175772642,-0.14632678511512254,0.8593566535727459,1.5443544391109603,0.004692641178192225
527,2022-04-07,1.8307927360221474,1.3406880468492275,1.2725418286609629,0.2511816684843695,-0.052301166542320546,0.46507451253059634,1.3814874149267502,1.117018529976664,1.8543995176403245,1.3398097271506562,0.35366441628691847,-0.0584517983871378,1.782888682033305,-1.3057768681547348,1.2935504735803505,0.4176364514137328,1.5596958417427103,0.8521691357706839,1.3883709289567545,1.1540808751826779,-0.17230773405327843,1.075544222755098,1.5746949377554877,0.018553407895747834
528,2022-04-08,1.1529740157314996,1.3406880468492275,1.2725418286609629,0.5282453076819792,0.14630459757723874,0.6268331742973644,3.469571864243544,1.5805099152584474,1.5173764957803328,1.1353333068279052,0.3081258732805807,0.08032940179773772,1.3138398897690735,-1.446547828999391,1.2935504735803498,0.627121262506727,1.6164045281455248,0.9970883721548142,1.3920318983372788,1.4987184227478818,-0.2120603443458406,1.32039383964342,1.6443405022907442,-0.07935360692271182
529,2022-04-11,2.4385204736877544,-0.778457934129432,-1.2029824357207617,0.693880810588586,0.2612223038477811,-0.06202348978778045,0.24834266095788532,-0.34297933366094413,0.22440642726544846,-0.8819937455309892,1.0324197730234572,0.12766109533447345,0.5959755894004225,0.6022582565452329,-1.3937899788461174,0.49665387663921146,0.4313533736506671,-0.7049365508766324,-1.5257606979405531,0.39571525708384125,-0.21276179473017662,0.7531522259206521,0.41448411966905024,-0.01908646589054087
530,2022-04-12,1.1626655614390133,-1.127713907253963,-1.2029824357207617,0.7216453675863649,0.29796092867228374,-0.435466883204025,-0.2848638221836012,-0.7832961496786388,-0.3809447284375545,-1.215722646687251,1.0032751054994025,0.1501582583118135,0.2486925831353874,1.398419439380057,-0.4963739076453196,0.3219645368266183,-0.31832234173349755,-1.3380674498186014,-1.9028405441345515,0.1683802162326355,-0.2236153423818978,0.22869680194744194,-0.5016687401612168,-0.03719437000804881
531,2022-04-13,0.6192100758820981,-1.3977326786624662,-1.2029824357207617,0.6179898028163812,0.2474838142793894,-0.48329222312497244,-0.30682893436313874,-1.4794420342391157,-0.7118725630679168,-0.981040416516914,0.8912081524962289,0.12006465069277446,-0.023965574718501616,1.3226152299362015,-0.2314412149368628,0.17397801868299106,-1.481241834065877,-2.242129761061111,-2.7155757466109365,-0.44250384522223957,-0.2624452807840855,-0.38196314296930456,-1.371056225699273,0.009429090288851687
532,2022-04-14,0.22881002145620644,-1.2087217980795937,-1.0074615052050786,0.4172567396087608,0.1562604800394655,-0.36001797221035886,-0.34226173363213497,-1.2379662473050561,-0.6909539684336774,-0.702291636674012,0.5860159154184384,0.10224222287955867,-0.20961192747504553,1.0138374990545442,-0.18480254823589834,0.05785813548772638,-1.4841205670583246,-1.4366962469870925,-1.807655340240921,-0.1890900632067954,-0.25260837842941103,-0.6602191070319676,-1.5403574438897392,-0.007326040092072898
533,2022-04-15,0.27057430835405355,-1.3123956629150428,-1.0867138141751667,0.21600574203828837,0.038869525382327706,-0.38247776723228105,-0.5992660939602146,-1.3918154845485895,-0.6419976756187942,-0.5205641032988831,0.3672196168944726,0.04030198195494143,-0.25750364617781235,0.647858554244046,-0.36745048920502094,-0.05665676045758766,-1.6505308844113007,-1.1897293366336952,-1.3866438614806316,-0.6703844829229272,-0.26678278360341806,-0.8525097504436151,-1.5397118843794715,-0.01694955831377332
534,2022-04-18,-0.08327803348222111,-1.3977326786624662,-1.2029824357207617,0.03366681732404807,-0.10309339805623607,-0.3568028770994289,-0.7485450096277371,-1.2193877679851985,-0.8953254930401646,-1.0020616850719686,0.30629128819748963,-0.09906356012545059,-0.4538818585305855,1.3260798106581209,0.3355277509897289,-0.06812241858339936,-1.3946642881015021,-0.738935864140184,-1.0681395253750214,-1.3571091019455848,-0.30796891933429954,-1.0559236797512637,-1.5568040423521028,-0.011821738965166811
535,2022-04-19,0.3040668704982673,-1.3977326786624662,-1.2029824357207617,-0.12281484712857117,-0.2616090988849779,-0.5768026181436752,-0.7285881583971895,-1.2520048463654205,-0.9261620353546394,-1.1617167288155328,0.1814761518251101,-0.24894725632512152,-0.6116627202630688,1.286165992702552,0.5504063109442675,0.0023152373371364,-1.2412448978749309,-0.5494814049213768,-0.9949201377645362,-1.4566745906139618,-0.37085988229635086,-1.2173788226529292,-1.504055334983404,-0.02628847990408735
536,2022-04-20,0.11924928401057165,-1.3977326786624662,-1.2029824357207617,-0.26715672593139744,-0.44370984238707195,-0.5646430860802175,-0.7144143368815943,-1.4681446275863719,-0.9723280090993965,-1.1109033255830327,0.0943027882963388,-0.4514217231211612,-0.7548241212925801,1.3260963631674032,0.7995141243986077,0.14170408499885845,-1.2753193914281584,-0.7732421628841112,-1.3939658002416802,-2.110927657748822,-0.4558808548814941,-1.449702317840871,-1.5740437996050036,-0.030424881952802352
537,2022-04-21,0.12466868988364181,-1.3977326786624662,-1.2029824357207617,-0.4155384875150799,-0.6548914030408162,-0.5657076450082149,-0.7061125022751256,-1.4286034689293206,-1.0555213506190502,-1.2866444084873006,0.10063657088811707,-0.6834054556407234,-0.8940868037167833,2.0294140273714736,1.3108301797169022,0.3724519460562996,-1.4742242488569095,-1.1184899064177003,-1.979720901125561,-2.51823006171013,-0.571246177294958,-1.7384905398089059,-1.7194204876939772,0.01137668698210783
538,2022-04-22,-0.1703815136082213,-1.2017880491166142,-0.046237411390539114,-0.5477666223053369,-0.858167054715112,-0.29007270073656904,-0.7400331264316107,-1.1512281999702232,-0.9236311583000466,-0.8948336229846567,0.05498861468500859,-0.9337959578690205,-1.0086463580465468,1.8889217544843961,1.4536068221587435,0.6498395986021315,-1.3619788288217238,-0.853540653323203,-1.104749219180264,-2.5997218206187007,-0.6564883368606264,-1.7546329954810667,-1.4041127069355641,-0.051055170800284065
539,2022-04-25,-0.008997311345953008,-1.3977326786624662,-1.1584212225807862,-0.6707083319001149,-1.0867448067582244,-0.5622043094752424,-0.7362770284622205,-1.5017077968653967,-1.0167344981148598,-1.0054972657989738,0.22133017882864134,-1.1108515522101454,-1.1337692617140884,1.9811556271529132,1.7014418632077568,0.9611248052233371,-1.3992230427054841,-0.8720391052007118,-2.166430339532298,-2.274971079893506,-0.7947594658246697,-2.0344760927683594,-1.5693151241268537,-0.004773278752657771
540,2022-04-26,-0.41898962723811356,-1.3977326786624662,-1.2029824357207617,-0.7805381281151278,-1.3175965245366015,-0.7580183829815651,-0.7312969129058451,-1.4762849484935983,-0.9730884576831921,-1.0363999384691478,0.05011353648436849,-1.266286496417209,-1.2081908738729497,1.7566203152749362,1.7750004090380416,1.2740126947073378,-1.4354801765832774,-0.957514161038593,-1.6795214119225719,-2.1071810014401153,-0.9201117964152276,-2.143474864118595,-1.431023670339738,0.05469658751925843
541,2022-04-27,0.32725305375404584,-0.6092532072555107,1.2725418286609629,-0.8479148140889692,-1.482678294560473,-0.7557437691396652,-0.5157503461943521,-0.8547061596203058,-0.5891841238123056,0.020633595692277212,0.2935025896829246,-1.3206302927001272,-0.25701820304815065,1.0795179619903643,-0.08034717163528236,1.3170354130671689,-0.8013563925392112,0.013201896185032376,0.5792966958608939,-0.970826800002724,-0.9775065688214443,-1.7390730461734294,-0.5076568810776786,-0.015982075338568037
542,2022-04-28,-0.17485648500750497,-0.12283418296626936,0.8788061169175417,-0.8843771225841403,-1.6070856649232563,-0.7327888464939089,-0.493920883358215,-0.9257021984898514,-0.5132232229811826,0.3151070371107532,0.22196017528998924,-1.403899012811054,-0.45119683876941036,0.6515177245040819,-0.0803471716352827,1.2188597609873364,0.08407208847095575,1.0720589631524249,0.21686072718899263,-1.2955851546632913,-1.042657885452298,-1.5269827075080993,-0.07340019785275176,0.010303468369724575
543,2022-04-29,0.14816545897308167,0.42630634848515414,1.2725418286609629,-0.8858231650471302,-1.6840238367642817,-0.5332551832772429,-0.09429642373142814,-0.5821181404228961,-0.40942837296334655,0.5735682827979606,0.16472624377564074,-1.4591193219372482,-0.622271108841046,0.3938286535380686,0.012203096110023173,1.0688868266279508,1.1891201927144135,2.0661361646284018,0.5683137877193212,-1.07115556099689,-1.0941716627969087,-1.2576414863491152,0.36463558099437643,0.011325149357053503
544,2022-05-05,-0.38180806600837136,1.308358667951203,1.2725418286609629,-0.8451669398094744,-1.710589881419964,-0.38389076451302795,-0.13513259316644655,-0.2587366426874306,-0.1334585546052423,1.321937022638902,-0.0332058482654288,-1.4804478011235553,-0.4310576908522039,0.11126519156475077,-0.5397204355019224,0.8318055477561445,1.4947831956093922,1.6763755327937493,0.9636984808159408,-0.7028444171007714,-1.119104758006392,-0.9575891820416323,0.76368107458845,-0.03087723856443946
545,2022-05-06,-0.45840233568109634,0.5368122461826977,0.46271039436025535,-0.8077239130761377,-1.7272780004170214,-0.38932984715796704,-0.007236350347579476,-0.8303219179663516,-0.37147002505598553,0.09372259348277381,-0.0267278294995615,-1.5099570668470752,-0.6109284046473891,0.3707594928336322,-0.024935118299554318,0.6376517073408426,1.2140254811826352,0.6631429671827238,-0.32496274112859724,-0.9522068952281044,-1.1582634313218854,-0.9462431575365797,0.6258839042667721,0.014985871227804757
546,2022-05-09,-0.6630720615775121,1.1571668420909722,0.48236105524665984,-0.7637368873721648,-1.716847104864089,-0.27199442470972357,0.5143455081937232,-0.5070620503482905,-0.1569580879384306,0.4614755939145301,-0.13565412460905957,-1.4921346390338621,-0.6025179610408753,0.0641743802842052,-0.292524777697539,0.4458931692313331,0.8910412458020038,0.17402438975827872,-0.043068098828229574,-0.4060215561781531,-1.1496041191031927,-0.7919656267370057,0.741912447861246,0.014764606654043819
547,2022-05-10,-0.32514833606758287,1.3406880468492275,1.2725418286609629,-0.7094503547184965,-1.6700698315637146,-0.28292154203177944,0.29932932198724604,0.08209105520931696,0.07714896688935341,0.8553822865171985,-0.17208017842012927,-1.424643150101847,-0.5677151505579473,-0.23106597214592736,-0.6398409036094752,0.22512074039820507,0.8448512925069233,0.36117815938595166,0.47312858382569056,0.2184011976377712,-1.1017811409605371,-0.5580823517286362,0.9607543534366343,-0.0056529263027881
548,2022-05-11,-0.38156086503872255,1.1938015501905745,0.7973710102948897,-0.6442080004048906,-1.6030069751294151,-0.28012618127302336,0.45673492795378234,0.10142711222688228,0.5790892228735517,1.2787082222298711,-0.2646147493146483,-1.3793566531994153,-0.220395614748761,-0.4700626585025107,-1.472537751352757,-0.10245396149272523,1.006347211532311,0.7567614883945959,0.17292909462270153,-0.02023109541958279,-0.9789012177002631,-0.4294316659568574,0.969240488573039,0.0011331445971686754
549,2022-05-12,-0.6229114117391816,1.2365689594925735,0.9122817846011723,-0.566348042861475,-1.5204880122568176,-0.3861012392830157,0.16699369558852392,0.33264849334595886,0.47427895357900357,0.3724535337650293,-0.37667864273766005,-1.2803107019095765,-0.39000273132597013,-0.2146321316518013,-0.9231013727580757,-0.3851835982197961,0.9929056907321573,0.6880299147843063,0.18025103338375006,0.724117475024644,-0.9384437587236956,-0.322349613889537,0.9418853885742641,0.003391750001120884
550,2022-05-13,-0.5573461084046346,1.3406880468492275,1.2725418286609629,-0.4743579508939876,-1.4244805304916788,-0.5964932107193295,0.10103320492577447,1.182328679720912,0.9921024613693231,0.9773798099908835,-0.49168724861433366,-1.1672405451273675,-0.2964577865762014,-0.436514671425875,-1.3189902291157,-0.6742606270191298,0.569497785527299,-0.00202455535216143,0.31936786984367177,0.8441277091118734,-0.8990943267381821,-0.21711430065757492,0.9170778472827187,-0.005659324668901355
551,2022-05-16,-0.5806273689564319,1.16600093611424,-0.1741685354725905,-0.38116383403347875,-1.3261960741137335,-0.5209868810543449,0.1846010328434236,0.9242482492799262,0.8724853562433926,0.585149565911561,-0.5456578966082758,-1.1275052962323333,-0.38323512899633283,-0.6517817839651932,-1.4557914693139296,-0.9610530960840633,0.47372694982620167,0.041009705048965395,-0.02842422130613255,-0.02026677518201843,-0.8876855637694027,-0.1812054841384046,0.7874852026518976,-0.007977250280644131
552,2022-05-17,-0.5654340170526317,0.9177029380919833,-1.2029824357207617,-0.3351046398953377,-1.2353164930761085,-0.771650018147544,-0.2633184380001513,0.5629356466625367,0.218906253124626,-1.1962987553340996,-0.6015131605725621,-1.07316149994941,-0.5409462887529493,-0.24045561036259025,-0.697230452367952,-1.1230421611079853,0.0204116608409959,-0.4108855946673188,-0.32130177174807306,0.09139675714958233,-0.8597527672686137,-0.20467185897392168,0.5898177889571403,0.006841531816716784
553,2022-05-18,-0.5589750994097563,1.2328585708154987,0.43245005087314187,-0.29648142966913454,-1.1431555819605297,-1.0254697726835713,-0.3299557460939463,0.8726321631917291,0.48943413292485066,-0.3208713778751213,-0.6715548628822575,-1.0199863874575221,-0.50185398100666,-0.4665360322901611,-1.0207204174867157,-1.250874092219634,-0.15600829966102453,-0.4398359153007961,-0.021102282545084037,0.04299466274419601,-0.8210654669128179,-0.1596678617564888,0.5400751900885176,0.0056657375356773
554,2022-05-19,-0.6539066102413023,1.3406880468492275,1.2725418286609629,-0.27536777722553657,-1.0458306700797997,-1.2173804638229193,0.2367143526141326,1.0807615425796187,0.4156952199041925,-0.03298035956083625,-0.689551988022615,-0.9714860101297533,-0.6532611781522734,-0.5271119556148172,-0.8159107102613937,-1.3237828188267116,0.06745698364153828,0.15787795271681257,0.16560715586165303,-0.03577083735806508,-0.7882151800048117,-0.08320694629681316,0.550078668234838,0.008998935868569535
555,2022-05-20,-0.5535176626182786,1.3406880468492275,1.2725418286609629,-0.22222797057292457,-0.9381816304444387,-0.9139555601180509,0.26961801407117975,1.4182879304098197,1.297772444636485,1.301621286575174,-0.7800221615496964,-0.8788678196905831,-0.3989342359784476,-0.712292261559929,-1.468368512129964,-1.4489248815205245,0.9740875616119504,1.4813415048215086,0.42553598187887526,0.5288234686021972,-0.7607101149556673,0.03274970084948696,0.6206047705603597,0.0
556,2022-05-23,-0.7313946064966037,1.3406880468492275,1.2725418286609629,-0.10902830764942788,-0.8270925091067345,-0.6849127879673023,-0.054215386851074306,1.4182879304098197,1.2636636668550758,1.1420434730363884,-0.9157920282170223,-0.8052407408556592,-0.5232280216584548,-0.8579153745044742,-1.4683685121299632,-1.5905009268958292,1.598249214974287,1.9277523584701357,0.3779433799320599,0.31399830355742664,-0.7564499246394653,0.10389579131650996,0.6060887524974208,-0.03301381207244338
557,2022-05-24,-0.41509779658774504,-0.7547837475689765,-1.2029824357207617,-0.04263590389482145,-0.7504511091869953,-0.5621662464087438,-0.1365455518214429,-1.0150418423195229,-0.6283822711752597,-0.7425017871380082,-0.7074392823225719,-0.7906321934677777,-0.727506715024541,0.254927121476673,0.09531910249238155,-1.522299507056217,0.7881875630024908,0.07939868132828326,-0.7093645260836442,-0.3498106121247979,-0.7627390387156264,-0.08566292574607368,0.18176982119094984,0.00577035646133636
558,2022-05-25,-0.7876613502805145,-0.258113305099259,-0.6827588176567847,-0.034496735408700324,-0.6909396048904961,-0.7261139046588023,0.5039383641255976,-0.6094868801979733,-1.0647136891305653,-1.1784943027991328,-0.7943319969896595,-0.7681350304904376,-0.839502322995897,0.10334135641276772,0.19380839457138185,-1.3396231635504383,-0.10830257354074607,-1.1702552310913474,-0.46407957758851903,-0.19397422449636664,-0.7670018171214462,-0.15422364797258067,0.033859331840329264,0.013714500670787484
559,2022-05-26,-0.6091188653300581,0.7702417949342982,0.41711929552877103,-0.07150542671838558,-0.6290281066593086,-0.4414239064449975,0.47484979910995606,0.2867895860906803,-0.09397740529311295,-0.041609713666762416,-0.8004524408776689,-0.7246015592745527,-0.3013017671979549,-0.18817724007575057,-1.033170626539911,-1.2755703199373827,-0.5747240269248005,-1.1388947884378255,0.026490319401731296,-0.02026677518201843,-0.724237623636174,-0.09100352401356593,0.12414528015893264,0.0
560,2022-05-27,-0.7292902290113882,0.7702417949342982,0.41711929552877175,-0.13630074329226727,-0.5668532681344746,-0.2560468389544278,0.09990225932008127,0.2867895860906803,0.07905895488148548,0.15260048195832845,-0.9067787605411359,-0.6892488745958807,-0.44581433678314525,-0.3961884700933419,-1.0331706265399108,-1.2772684737073947,0.1696125417227152,0.5409997386787809,0.05211710506540108,-0.06731114601374202,-0.6561645059513544,-0.04629145416025267,0.1670750503797046,-0.0022727282510026777
561,2022-05-30,-0.8003826924878267,0.5506594300034964,0.20767058649646686,-0.15607779113409118,-0.5082654262945396,-0.02930842751022779,-0.33547096735634446,0.11645650199961427,-0.11971046142417652,0.1905849291129068,-0.9284460884262489,-0.6565257284470186,-0.5996074072109631,-0.362385974888232,-0.724188425210369,-1.271549623843939,0.5639630416684184,1.007664425709683,0.06676098258749812,-0.020338377701871618,-0.6569928435437585,-0.030627088518191296,0.1554351912946011,0.0056721649524665955
562,2022-05-31,-0.7495607085225909,1.2604526099786315,1.2725418286609629,-0.10450214125441018,-0.44753374049656297,0.4105090816723195,-0.17402314963079615,0.8342887849547823,0.23172729001175038,0.8966136048755374,-0.9964949330108679,-0.622633898507134,-0.7222464321366506,-0.5643195803462523,-0.7241884252103695,-1.262513433340017,1.022987023605216,1.2057490133266782,0.33767271674629307,0.170602644677945,-0.6484720309921813,0.022428960682160375,0.2053158316606791,0.0011305823702860774
563,2022-06-01,-0.7078914989207625,1.3406880468492275,1.2725418286609629,-0.014269145528229377,-0.3861193032702504,1.024618126025864,1.1068796889342047,0.9316219758639543,0.6535073993907236,1.3100227435017922,-1.0509340086785608,-0.5916637780448241,-0.5433700976675453,-0.7484021460722291,-1.3155085636042587,-1.330651563096042,1.280253778331691,1.2256715536741558,0.23516557409161387,0.09039522437035755,-0.6468739235155457,0.06395994112326914,0.226975700062244,-0.010221554071538028
564,2022-06-02,-0.3840962595992232,0.2199621939841792,-1.2029824357207617,0.04598616614512268,-0.3367635823444698,0.4380753962989122,-0.15612532497027581,0.055623257681389066,-0.06071022102561805,-0.5204737705604826,-1.00573405022879,-0.5753022049703956,-0.7046734368579116,-0.3987918504275477,-0.5634924989159861,-1.33324063062858,0.9034299672724563,0.36407865818870183,-0.1895068740491998,-0.13033920514369818,-0.6490264848256456,0.01721892328403583,0.10456549795813189,0.007959109667568643
565,2022-06-06,-0.4423786420587322,1.300399160137545,0.7311483763244643,0.09105840428074952,-0.28811850621317264,1.1220814155738283,-0.0873940312471386,0.8027986349547561,-0.011800601767392341,-0.5653691415595516,-1.00761032017637,-0.5542658967318482,-0.8352239305251835,-0.48796765396791,-0.39110413495762897,-1.279397836810136,0.5548241253204513,-0.10184590804913947,0.08872679887064365,-0.14466440675920947,-0.6262888814131315,0.04635046357579057,0.12674662439613726,-0.0011331445971687313
566,2022-06-07,-0.512748518085428,1.1649024678235695,0.4310278718707761,0.14484117875286762,-0.24267447148962806,1.169860882546869,-0.33290513997001425,0.7026027031364909,0.4566590626634682,0.7104076509991896,-1.085183809549229,-0.5393651783962071,-0.7435313201486663,-0.6706037526039943,-0.8168541367549617,-1.2574115601342684,0.3409359255880012,-0.11165877941209042,0.04113419692382832,-0.16025826091631687,-0.6213474848656407,0.05647392940650875,0.11440098493065552,0.0
567,2022-06-08,-0.536803073978178,1.1649024678235695,0.4310278718707761,0.1595522490186482,-0.20075116785500252,0.6590852993779786,-0.2201035191145754,0.7026027031364909,0.18441572993533512,-0.008666541170333854,-1.0838488732018556,-0.48239184358346854,-0.8689744867569035,-0.49198174665528077,-0.31988522813536646,-1.187810532743156,0.8400083916304065,0.8659634362535753,0.019168380640682783,0.30138479652636185,-0.6214025317562796,0.06261208705392461,0.09821557142281645,0.0022650066308520615
568,2022-06-09,-0.4537625636353801,1.3406880468492275,1.1569151290599113,0.2189305805383732,-0.1601438266650143,1.3897630036870068,-0.12525279657887178,0.9029945667730215,0.45585412035881384,0.6275650021316624,-1.1334959064004855,-0.43155409867364153,-0.9667324384099962,-0.684837781207334,-0.31988522813536613,-1.0995979817129287,0.9599739647717805,0.9229867950770938,0.10337067639274067,0.2516420018250274,-0.621110778663859,0.08196788478185422,0.10619129247167315,0.0
569,2022-06-10,-0.4667691377307485,1.3406880468492275,1.2725418286609629,0.2906604675575171,-0.12190424321839419,0.8674987984784224,-0.2694617584030395,0.9029945667730215,0.32873406003873623,0.3044786715486799,-1.1351772962519928,-0.3997074653680582,-1.0655090545679635,-0.5602055705426103,0.08959067544178086,-0.9549880701859644,1.2715108597288896,1.1225294986408227,0.11069261515378918,0.05869290358244374,-0.6210050684709363,0.09256540982318039,0.09870717404446716,-0.012521506798041185
570,2022-06-13,-0.37526674804227966,-0.3354012182959221,-1.2029824357207617,0.2525561311489571,-0.09949738110520441,0.2917220127248291,-0.2718123277382511,-0.1991606832279137,-0.6805618773410174,-1.5395986922407299,-1.0858074258566677,-0.3815928666070828,-1.1653150752040973,-0.397984912954742,0.5360284517372397,-0.7344225249730932,0.7724383936864977,0.2003626912058374,-0.32862371050912154,-0.11517591524304725,-0.6269680182832807,0.009974812315968508,-0.05480063847582681,0.002288330518012216
571,2022-06-14,-0.5492898921886438,-0.294745068285576,-0.6102516932689593,0.12530668360206498,-0.08501829712985262,0.7713820874710297,-0.3002643069457149,0.36646151252035747,-1.3950719009593677,-1.3047397827016105,-1.0209540384021434,-0.3561739941521706,-1.2571615374901266,0.12451700462465315,1.197678023556856,-0.4056878656222672,0.5279707341336967,-0.0824786079889584,-0.1895068740491998,-0.05209474692782904,-0.6302766135205699,-0.02198293319294746,-0.09745306267051762,0.040319010902343896
572,2022-06-15,0.6336745018497544,1.3406880468492275,1.2725418286609629,0.09682959486841511,-0.03347895976026593,1.200813667931903,0.6249456009851583,1.7224541520009835,3.2660378657509836,2.1085718706692917,-0.7028176714867412,-0.2986163174439155,0.9648584547762987,-0.3980142466086642,-0.3301411688737329,-0.250466110066799,0.6138828073361478,0.35959817172540254,1.1028153172758626,0.43659474293628964,-0.6508481332832906,0.24830091380258298,0.3468855034661505,-0.018837122086444225
573,2022-06-16,-0.15956171732128474,0.15538742491738639,0.11152403742365088,0.13385251094479758,0.01797094713719065,0.4958008768341409,0.07532721674265973,0.6882889985910116,1.8823826381109185,1.0423495750818526,-0.6892047437679376,-0.2542063333847571,0.5773453785459831,-0.6741430624747674,-0.3301411688737329,-0.19644250996246942,1.1033781898084267,1.1520220188766603,0.31570690046314753,0.15288747476741313,-0.6505160391016083,0.2681296152796711,0.30587586361812635,-0.0033613477027047717
574,2022-06-17,-0.6341368711557983,-0.0374418127594884,-0.06051256629697222,0.2674803820536544,0.06293892968578352,0.5930216948501847,-0.24959377808929656,0.5057892656363144,0.8276473350047172,0.3952453998729962,-0.7797443661459543,-0.18934438298255993,0.31014297323526197,-0.19574182590884773,-1.156013772687226,-0.30758055330741013,1.07943548088315,0.8729461302966051,0.1436413395785075,0.24972125402925846,-0.6505252902023185,0.24698580012555882,0.20820702241524985,0.0011217051091999518
575,2022-06-20,-0.579194871029749,0.028127976373410243,-0.006167545627318832,0.5232235449220378,0.10246943810449118,0.6059732746237294,-0.10743871228739507,0.5666225099545469,1.1712358429525322,0.6355820326672802,-0.8394973184792356,-0.13470841575188736,0.6395520182305616,-0.4494617310817679,-0.5466293347898704,-0.413396278427703,0.6245240113029281,0.0017987363776858065,0.12899746205641047,0.15320822978430013,-0.6502436200206617,0.2338000783988695,0.14266992901125414,0.004474280394921107
576,2022-06-21,-0.6247495727955447,0.2987282424722513,0.08644586913598055,0.6749088908460097,0.14090700765257116,0.5860041432170489,0.45506144860244524,0.8099554872274872,0.9562633533680518,0.4717570971463959,-0.8999784259149929,-0.06546390113332289,0.36058025108329234,-0.5133729190246262,-0.7418703030871525,-0.5336550662434438,0.46826633200113843,-0.02700932223793677,0.136319400817459,0.2323108294514828,-0.6514520390036663,0.249848013456929,0.1365182998962811,-0.01461521237097049
577,2022-06-22,-0.6948152014749804,-0.6098767807204873,-1.2029824357207617,0.7408680986279094,0.1609254311039985,0.6321583668692068,-0.01312171909819154,0.019123311090444794,0.33217257748284623,-1.0668108220573143,-0.9103270751561999,-0.009951421059374238,0.08655313710456536,-0.27786407709644567,-1.324222428012827,-0.7284099982434368,-0.2635477712366132,-0.8526199843909372,-0.45309666944694627,0.02706247014325789,-0.632334657386317,0.147741946811123,-0.05544550443847555,0.0056465423882100406
578,2022-06-23,-0.7075682361142988,-0.24722358757481896,-0.22965670343692124,0.7530358698488142,0.1741912465899759,1.046099134299485,-0.3878222083336233,0.32328953268161753,0.028092644015254607,-1.0114449431535384,-0.956642231256562,0.054326187447309014,-0.1327922888836823,-0.03901308887475515,-1.1235468354854354,-0.9187601966253018,-0.48169245255577786,-0.7998851037867944,-0.09066070077504489,0.07428459527473874,-0.617587841308747,0.12177766725158834,-0.08848105960197761,0.0011254925217345582
579,2022-06-24,-0.6943081225628803,-0.17308891529798523,-0.02625661084879443,0.7360055435234318,0.18347715605355155,1.0015574400537177,0.31388852247092597,0.38412277699984976,0.4685617302329883,0.13050910892700457,-1.0063731017059838,0.09552229108113312,0.2330599637109586,-0.3011916514970976,-1.1267563186240128,-1.0917483487252608,-0.5418059205786876,-0.4867909718944915,-0.013780343784035521,0.09003721039045538,-0.614791139394389,0.11118213221939353,-0.09058016767283009,-0.0022522532043252426
580,2022-06-27,-0.6209781733868,-0.32664395744478664,-0.49325366781631175,0.6953995496665974,0.18717565385925672,0.5977923237740851,0.29890464484417384,0.2624562883633742,0.3712225166550445,-0.02727723856707199,-1.0968727803420524,0.14489918125217793,0.03403408213504995,-0.5026189288604752,-1.126756318624013,-1.241756832142618,0.014428317207044683,0.4551979243092914,-0.06869488449189935,0.23458955826219746,-0.6120697725095173,0.0864969086941735,-0.11456399343114518,0.0033764804166060906
581,2022-06-28,-0.5761904284755558,-0.07880716983799708,0.2833494214110251,0.6538200436538194,0.1905025158595056,0.5909100750534645,0.30057121754124294,0.4449560213180822,0.12399314912833803,-0.32847441798971005,-1.143915032112643,0.18434225919945513,-0.16389632392819023,-0.17324441768312704,-1.2173451168382325,-1.3797646054702495,0.31238202827712647,0.6866511829840224,0.06676098258749812,0.24999376502265014,-0.6071288944071273,0.09412138403686236,-0.0826035110257607,-0.005633817718256131
582,2022-06-29,-0.09980880601668542,-0.493553803176396,-0.9521505630614859,0.6494787798005033,0.18727785114155338,0.2261250442860561,-0.42121447002495377,0.14078979972690972,0.2446371491801673,0.5384377385225152,-1.10547636011432,0.1679806861250267,0.21288618551826122,-0.46696003650926765,-0.9579697740236658,-1.4661132124849579,0.21532134967095432,0.1812123364964498,-0.06503391511137512,-0.3861551800286523,-0.6066552336696885,0.05735394975727017,-0.1273092900224773,0.0
583,2022-06-30,-0.39671618602411524,-0.493553803176396,-1.2029824357207617,0.5935053882984219,0.18003477115017022,0.45426952073909505,-0.29765770573268274,0.14078979972690972,-0.17121755150818788,-0.6813488499739916,-1.1634766414995892,0.17440844697569527,0.0023534892323880496,-0.4821350390584833,-1.1917292903269276,-1.5499421152346777,-0.08372777945454116,-0.346945495418954,-0.07601682325294787,-0.12891356749313862,-0.6066552336696885,0.03511277127864328,-0.14007827044331966,0.0022573373016498643
584,2022-07-01,-0.605993991534241,-0.4178256990744809,0.16620172370789577,0.5161831836239119,0.1729252671660075,0.5058106996178963,-0.2691462861381874,0.2624562883633742,-0.17303100624265605,-0.4693859345958773,-1.2098768666078044,0.18288140446067036,-0.10881250799132319,-0.6810045801026394,-1.0812575979900638,-1.611046016033076,-0.5043683127299693,-0.8025270339362803,0.01184644187963427,-0.051241293975108876,-0.5984943550921289,0.03852498412930515,-0.10968311230098547,0.0
585,2022-07-04,-0.5828902086016787,-0.9603879360980518,0.16620172370789577,0.4425613402250853,0.16614378583646403,0.33220078185043106,-0.3827114579013675,-0.5155688889698259,-0.4413915375209803,-0.2992980457853839,-1.272354537832641,0.18667962678151337,-0.27423554508019093,-0.8451760401477045,-1.0812575979900643,-1.6555674545462367,-0.5796534081741567,-0.6093977861543222,0.026490319401731296,-0.06678254547007423,-0.5965102474245664,0.041395854603162294,-0.08622395237832824,-0.010198388674462785
586,2022-07-05,-0.33449760350942903,-1.3977326786624662,-1.2029824357207617,0.2878868615807567,0.14930478122690147,0.08989892364442563,-0.43230959619960596,-1.0621385475981695,-1.3993713219363686,-1.7673406651274288,-1.2209067102594506,0.16710417328175323,-0.4845343971174937,-0.16819893580666573,-0.719358936981502,-1.6401775654325788,-0.6716685248281526,-0.535788603306177,-0.28469207794283047,-0.26847543184142003,-0.6001220877681069,-0.027719335786826897,-0.18141343225055495,-0.018391322971423544
587,2022-07-06,-0.3498684330324643,-1.3977326786624662,-1.2029824357207617,0.061806766353146365,0.10865309399283192,-0.02961507992806715,-0.6225550675674987,-1.3432584163155816,-2.699134507442205,-1.7107588085095642,-1.1290334659243697,0.13993227514029413,-0.6901091180127706,0.8396260848244708,0.4294882857208836,-1.443683569859614,-1.055503011441964,-1.0337003404823475,-0.7569571280304597,-0.31990542012384365,-0.6277541715578608,-0.19294108643993058,-0.40970553732412746,0.0011594204197349384
588,2022-07-07,-0.7905453615930841,-1.2768843426229926,-0.9998260008429075,-0.21559648200094494,0.05735839228401637,-0.03944970586077788,-0.44139658756745526,-1.192011280336199,-1.9172590382800492,-1.0454370485408573,-1.182322326147629,0.10954649657350071,-0.8111673078372682,0.5962214711982446,0.49474351819688167,-1.1622078860413425,-1.3557182307554545,-1.2770863578109024,-0.5665867202431982,-0.3807672999374759,-0.650265845591015,-0.27386943350928267,-0.45889939877562846,0.0
589,2022-07-08,-0.8006996168078893,-1.2768843426229926,-0.9998260008429075,-0.5119132156198267,0.0030742070324880507,-0.14701503285642153,-0.4579451803313723,-1.1693505596145513,-1.2426064016337615,-0.5810952037174805,-1.2249534143262364,0.06484434156658536,-0.7477464938994143,0.27585377356217916,0.1496881711424113,-0.9059428375039988,-1.4004112874159589,-1.0537162284688562,-0.41282600626117943,-0.3959903261776865,-0.6699571098074544,-0.30824200397000234,-0.42455483520147386,-0.008144314941685863
590,2022-07-11,-0.6944285538045041,-1.3977326786624662,-1.2029824357207617,-0.7646773703226788,-0.05736685489918833,-0.0719745201839845,-0.6435923813847666,-1.2745970180773163,-1.241751314436043,-0.7715552898519266,-1.2083433025925912,0.013714425708996225,-0.8863809873148291,0.7576246308894072,0.7355645680626607,-0.606050024723879,-1.3748723978956598,-0.8698572824975317,-0.49336733263271304,-0.4754053067114624,-0.6919207301558287,-0.3686021173172543,-0.4382185020745806,0.00466201310581115
591,2022-07-12,-0.8346231960273881,-0.8546301266554723,0.6081998132259269,-0.9209199622111123,-0.11244648175861327,-0.16754084657562135,-0.6121138090577161,-0.9717826463598935,-0.8873158193085865,-0.6613523485232452,-1.2077339587748075,-0.023391284656222724,-1.003056727368576,0.3689118494293943,0.7355645680626617,-0.3083791944958221,-1.156813532737513,-0.538644343984262,-0.13459233334133597,-0.4581183965015028,-0.7074626931805876,-0.3545869598005877,-0.33141041296265994,0.0034823018358747116
592,2022-07-13,-0.8183142705169676,-0.4536067079634599,1.2725418286609629,-0.9979770011832017,-0.15648985558770082,0.08867158294264085,-0.3620916469606853,-0.7446718675718127,-0.4775620752632775,0.6089254061365243,-1.2199252292897147,-0.05377706322301873,-0.565416135711195,0.040115060335446096,-0.37948497596961117,-0.18346953192689006,-0.5468847594881487,0.26197707075121957,0.09604873763169215,-0.33489180730172224,-0.7094479089406817,-0.3041838423558832,-0.18836034861122267,-0.011655143591748983
593,2022-07-14,-0.7803720909190752,-1.2489927053222536,-0.10799834964285976,-1.0555955390192788,-0.20180313873497324,-0.011661600749865062,-0.16690642703443426,-1.3567434699793959,-0.7343830579811366,-0.8943297690623488,-1.1789632634251097,-0.0932201411702985,-0.7421587155247338,0.6454769901706398,0.3996305161730763,-0.053958051708025825,-0.5206737939278545,-0.049714758705288846,-0.26638723104020917,-0.4922399628078968,-0.7331648091009715,-0.33732851123780977,-0.20617977785665267,-0.03823643803925073
594,2022-07-15,-0.3295218916844465,-1.3977326786624662,-1.2029824357207617,-1.139239908211633,-0.2814336799582971,-0.3854942080485418,-0.5716417493237638,-1.5017077968653967,-1.6864506527097989,-1.9571256425327541,-0.9179762704890441,-0.1700611004305568,-0.9787939455930313,2.829957453095566,1.6722404280897378,0.23547470766715817,-0.9117380397073461,-0.8984761083342065,-1.3390512595338162,-1.024882095528114,-0.8118614332207849,-0.5943698579264638,-0.5748726994900919,0.015710292906318486
595,2022-07-18,-0.8065817321882508,-0.4330902374539012,0.6706576654053727,-1.2312690509115929,-0.36033985240870653,-0.3093618445126769,-0.487343080004355,-0.9265571233111909,-1.3506459183637811,-0.8522493116766265,-0.9247253508154432,-0.239597785996873,-1.0955582031060325,2.1149460083880016,1.6722404280897385,0.5828727923771847,-1.3447187927089694,-1.3855749812041125,-0.5775696283847709,-0.8207907168247875,-0.849806294246321,-0.6177714327762851,-0.4999659517924782,0.0
596,2022-07-19,-0.8439027401188205,-0.4330902374539012,0.6706576654053727,-1.3392522971266358,-0.4322526642214972,-0.11548255422815745,-0.3478404304925291,-0.8598729872469354,-1.0667112347377818,-0.4868866321062096,-0.9935183429222233,-0.2921885565932495,-1.1798368355893487,1.5988618225817042,1.6722404280897385,0.9314859953429453,-1.1301345142207901,-0.7187591312321554,-0.4201479450222279,-0.6865774796995744,-0.8793340637794316,-0.6022585035760999,-0.3784373403755137,0.0011983224921087163
597,2022-07-20,-0.8330068819950689,-0.35761414271787295,0.8310304048171252,-1.4274536660628419,-0.49237113808982397,-0.19093026945022673,-0.34718262929774724,-0.8105010788147465,-0.8256767524403814,-0.2709591125075659,-1.086588973315044,-0.3164387452571339,-1.2459077277451773,1.1942735944743434,1.6722404280897385,1.2522609359521815,-0.7035189733704401,0.005827569009954302,-0.20048978219077257,-0.4249015236359391,-0.9066416552334527,-0.5559596302006568,-0.23247907273198853,-0.00841857046559579
598,2022-07-21,-0.8189607961298953,-0.6249370514536342,0.6546341720156699,-1.4498353943459918,-0.5477313690291882,-0.7314885928495994,-0.5526519657446943,-1.1510220355014684,-0.7473253302445203,-0.372272035403633,-1.1610454776293007,-0.35179142993580853,-1.3059981522710185,0.929851824635439,1.7120259299788139,1.5379037000760292,-0.6326236794098912,-0.16057742181020374,-0.25174335351811217,-0.5534835844006263,-0.9371686504188994,-0.5566735906258108,-0.1901356511317261,-0.007272759329079585
599,2022-07-22,-0.7247899036664994,-0.6874024442636212,0.1961427637006614,-1.4505582757147466,-0.601575395560163,-0.6210580152239551,-0.5612379624886034,-1.2178193233803036,-0.7908097274398467,-1.5775556877218806,-1.0938232253893816,-0.39386404641290346,-1.3859256849098056,1.6402139767324735,2.1053640217717815,1.8342745812363128,-0.586106416355065,-0.30227316293174106,-0.2883530473233547,-0.6502991934084776,-0.9694973440538956,-0.5778224422963812,-0.18861016239122746,-0.0012172856037516375
600,2022-07-25,-0.944462826874678,-0.5482874909649387,-1.2029824357207617,-1.4435386893679027,-0.6498911738210534,-0.553199201312252,-0.4196804138039371,-1.222473232781697,-0.7134959686111513,-1.0638588498408552,-1.1668328792887706,-0.426002850666249,-1.431842576386969,1.224671472457507,2.1053640217717815,2.111925450177613,-0.6775240322515601,-0.4874359550736577,-0.33594564927017007,-0.5581019302353049,-0.9977369348925881,-0.5706520526682857,-0.1425592820057375,0.003647420457043347
601,2022-07-26,-0.9216632912893757,-0.1102362635814085,0.6464726351125616,-1.4315944576096704,-0.6856507687227452,-0.6509308667372667,-0.47557936542454904,-0.9970171773363453,-0.5679413113531017,-0.5125176288644154,-1.1872043657008855,-0.46193987724043756,-1.2995235894655077,0.7925342543927011,1.6430703582226394,2.2962785680752815,-0.567822893175746,-0.30588005935194623,-0.12727039458028747,-0.5716458924470579,-1.014678086185174,-0.5148885161290916,-0.028793686447609084,0.006049625225823218
602,2022-07-27,-0.9234887753729362,0.6058108013863305,1.2725418286609629,-1.4025081839003328,-0.7027996407890112,-0.7361833398660165,-0.3766102571331229,-0.6815855401306956,-0.36827263079400624,0.21749389023784102,-1.2288590459688413,-0.49846124571014,-1.1731733324744216,0.44209928279911703,1.1699615045349643,2.355471235480681,-0.0017108421425896315,0.5252038715311127,0.12899746205641047,-0.5373476495659845,-1.024255511636837,-0.4163104877003248,0.1299958396833599,0.0024096397201533296
603,2022-07-28,-0.8762860671428152,0.8895672567375933,1.2725418286609629,-1.3414913458338218,-0.70226931738878,-0.5502987834832177,-0.40098126639306864,-0.5554128852484241,-0.17939404830799982,1.104738659608246,-1.312897772459735,-0.5162836735233558,-1.0378098548654533,0.1886411755978586,0.6906278724959062,2.2826416931433786,0.8461427327406725,1.4953863922705128,0.24980945161371093,-0.34787810290269966,-1.0273529320488228,-0.32003289665379947,0.25338577638563825,-0.00724640852076731
604,2022-07-29,-0.9221830471742783,0.4009584975552609,0.29311138481044086,-1.2676580654696785,-0.6952951262479848,-0.7382411591185171,-0.35143216918275527,-0.9339308498952157,-0.33802543961453224,0.383555745467564,-1.329413771375921,-0.49290999770274485,-1.127749580581961,0.4840020337933747,1.086389040374872,2.2006897759360373,0.9802219027222095,1.0954515972129262,0.0045245031185857576,0.07911974632121606,-1.0281999466493281,-0.2929622696974141,0.24254033906290978,-0.0036429912785009805
605,2022-08-01,-0.9204146094683292,0.1660100121828751,-0.12874862720783403,-1.2011031763739235,-0.6855888298975598,-0.9182454277582811,-0.2165859194416766,-1.1231898322186056,-0.5883561447842126,-0.6233589957667661,-1.3045903338014735,-0.4896961172774106,-1.2199310370909588,0.8144963004016089,1.4644826356644374,2.1707298064161895,0.458802908349567,-0.09285188012421572,-0.12727039458028747,-0.18909006320679383,-1.0236698900976662,-0.28506571736503566,0.2035106637046413,-0.03214120921179698
606,2022-08-02,-0.5237838229100071,-1.3977326786624662,-1.2029824357207617,-1.1998619173762448,-0.703387414589155,-0.9353165795002751,-0.4475645040313182,-1.1879363261713478,-2.2852908999231167,-1.9571256425327577,-1.0057991812209992,-0.5168680154188697,-1.3646465251917885,2.962140447331544,2.3122019490845593,2.2817484284691005,-0.5059801752385313,-1.3584176452842405,-1.1010882497997396,-0.6232124922472064,-1.0559345544454608,-0.4719107401494177,-0.13599676347852369,-0.012642393415176468
607,2022-08-03,-0.7415361847386063,-1.3977326786624662,-1.2029824357207617,-1.2616748137500826,-0.7462143126310333,-1.158472771302971,-0.6362941534170292,-1.5017077968653967,-2.2702827017858564,-1.1357611501551612,-0.9696261882627418,-0.565660563694398,-1.4357382483780399,2.451279980237166,2.3623668148893215,2.4622602780924345,-1.176376025146229,-1.7225771107541756,-1.276814780064904,-0.8058998488438527,-1.1076993710322394,-0.6410745312448031,-0.37961260968080485,-0.0038240964384035057
608,2022-08-04,-0.7118593914079461,-1.3977326786624662,-1.2029824357207617,-1.361513542722846,-0.8024442917404166,-1.0683364015434031,-0.7447003896752411,-1.155267625832741,-1.6847346099353648,-0.881677437235318,-0.953366539465267,-0.6062723254327056,-1.4935360253305892,2.6440436387005124,2.4989379175211193,2.6815368872740892,-1.4743297362163212,-1.471809004046047,-1.07546146413607,-0.7455362870520713,-1.1528486843912706,-0.7364795607438418,-0.45774222281195004,0.015209418663528708
609,2022-08-05,-0.7922440759486196,0.1979223905370294,0.984269318657222,-1.464158778228346,-0.845722819132356,-1.0088421697195453,-0.7210276676770375,-0.42293159762204907,-1.0263473757962474,-0.50210748242445,-0.8896438381507571,-0.6205887018728301,-1.3033594642757649,1.8253440334958542,1.979784040788217,2.834097202598707,-1.2026934929174053,-0.659366165404197,-0.26272626165968493,-0.4461266165044453,-1.1718084312964592,-0.6638903516079482,-0.25430432774273115,0.008766493212182593
610,2022-08-08,-0.8540886877656318,1.024394016575289,1.2725418286609629,-1.4980964175697402,-0.8665874513545027,-1.0844788734578057,-0.6099800252644084,-0.02548773474292565,-0.47231080547609045,0.22056394134291113,-0.9020594049448113,-0.6252634370369544,-0.6451700582459012,1.2426187359098895,0.5804864918697794,2.7552800879905233,-0.3311788880373998,0.6431232613754796,0.23516557409161387,-0.3109925198576088,-1.1820199575155772,-0.5326972774348778,0.0012182459531426292,-0.015075662405447273
611,2022-08-09,-0.8895018112894248,0.33590744863092087,0.501877220716549,-1.485576651102219,-0.883769535886761,-1.1690986563345365,-0.6137304754090738,-0.679410149529269,-0.5469786250677068,0.22992028756796223,-0.9500280950874533,-0.6489292838053222,-0.7928398342271612,0.790313694133509,0.5804864918697794,2.564847314405048,0.1671230080625744,0.8975173027549296,-0.07235585387242362,-0.5633139718848349,-1.1969028090719827,-0.5228644569499995,0.013518178992124125,0.0012650223065867022
612,2022-08-10,-0.9246297029251616,0.45505762109571835,0.6222103316779074,-1.4383209483693253,-0.8929921658611631,-0.9438630377050182,-0.3815546556775155,-0.6052178805966876,-0.5032573390996001,0.21260710477094139,-1.001081792770698,-0.6772698657378143,-0.9179382521368241,0.7026994119597009,0.7650537084842715,2.35739957028352,0.3707312966950165,0.6192963486367099,0.01184644187963427,-0.6270393114695166,-1.199165336475945,-0.48348846451793204,0.0701261458885723,0.010062977998620746
613,2022-08-11,-0.8139597303593077,1.3406880468492275,1.2725418286609629,-1.3664357559534233,-0.8834277060610447,-0.6076908197928276,0.143102794901327,-0.1025431775460199,-0.26408824016932303,0.8650472622184072,-1.0672822420555597,-0.6988905158718771,-0.8493144648165666,0.3569526912008182,0.4068789846466405,2.1108807755476193,0.5626032123582542,0.6064440570683022,0.27909720665790494,-0.5249592904510577,-1.1955079189222406,-0.37235098982916115,0.22901381031648646,0.006238323412691498
614,2022-08-12,-0.8172810972335636,1.3406880468492275,1.2725418286609629,-1.2739262791018662,-0.8532672771925134,-0.6184164363084997,2.454729938293371,0.20162304404514195,0.05408665138404768,1.484650569333382,-1.145600092621713,-0.7085321571478825,-0.4203509288236287,0.07401861725038195,-0.5905453808148409,1.7327653405952954,1.114980192137001,1.2574897669333003,0.34865562488786583,-0.3431883464102316,-1.2012207338034053,-0.24657058235613943,0.37930428895727725,-0.003738322110607104
615,2022-08-15,-0.8809702085933402,1.1577581869469116,0.7590748351081501,-1.1623058531777357,-0.8126727522268409,-0.7183230289680703,0.41793883219949596,0.019123311090444794,0.006838924861513752,0.8263873594136234,-1.2082543730746358,-0.7152520889463055,-0.5673761397500776,0.14126651198991985,-0.28656933901692133,1.3585386874068188,1.4094190227679642,1.3786896477654909,0.16560715586165303,-0.34448200510082433,-1.2047962005813726,-0.18105346761662683,0.40413747394684996,0.016099418934181115
616,2022-08-16,-0.650021118077335,1.3406880468492275,1.2725418286609629,-0.9923639642555999,-0.7487133484385828,-0.3556751171618079,0.6256548189614094,0.8099554872274872,0.6215008823311767,1.5891769801392723,-1.1189115961765177,-0.6690890792005976,0.4689769052589246,-0.26430553597657547,-0.9167815900923009,0.9335773408597577,1.477325498943965,1.1208083139878062,0.6671599609934761,0.32616811938639667,-1.2008558378660215,-0.027669879638866843,0.5631001564349196,-0.002460025840862534
617,2022-08-17,-0.8284621872453715,1.2361808639632934,1.000514727509206,-0.793306571838315,-0.6738248123206702,-0.6047794004501831,0.47954200035413375,0.7281071221447636,0.735152157151654,1.066781664127136,-1.161546084780215,-0.6106548896490729,0.2057093241004455,-0.5076448074605385,-0.9167815900923009,0.5174216688478722,1.2832635423917438,0.6798619774603674,0.40723113497625396,0.47190785722877976,-1.19510904674204,0.05285654313241436,0.5749345016688207,-0.012391732295163384
618,2022-08-18,-0.9066537554912119,0.7404200499224125,-1.1746146804982538,-0.6179824427575338,-0.606630702386186,-0.8102858760508299,-0.05295461610306618,0.20162304404514728,0.5425033270030455,0.1826999777135076,-1.157617438955774,-0.5589406318959724,-0.06028472924487439,-0.21705322924575646,-1.4047079336099841,0.07526247013872413,0.5507006587833321,-0.3521891752379735,-0.1309313639608117,0.34918080592760214,-1.1958167123384493,0.022224184701131116,0.4084331900944823,-0.0037476621002397615
619,2022-08-19,-0.8746063682464835,0.600852935641149,-1.2029824357207617,-0.4754338957383273,-0.5495397357540674,-0.785309302252693,-0.41151476659976616,0.32046007945751526,0.4236699831575753,-0.6370036673449361,-1.2051895045727525,-0.5282626823814195,-0.25581114619849504,-0.2367470217704323,-1.1529714904298094,-0.31080809398386194,-0.5167451141351798,-1.5415663298263207,-0.27004820042073346,0.08133859650894497,-1.1995219775033081,-0.018609043339204597,0.2590837570564364,0.009962722503674068
620,2022-08-22,-0.8973742113997795,1.1330675979472138,0.1689974766205827,-0.39213349988402063,-0.4897373727352295,-0.4003444082612502,-0.45047937511545,0.9542576016567884,0.5504072080404178,-0.31539345934596585,-1.2052109203589376,-0.5016751261354717,-0.45625827688350146,-0.17804595705653023,-0.7768525708702579,-0.5870506826691296,-0.8810906847371841,-1.319392102675459,0.07042195196802238,0.09809029293091247,-1.1989628865740722,0.023616070792458733,0.27108888171868684,-0.00496895432318729
621,2022-08-23,-0.9309998817584194,0.9268006268742052,-0.517448510228119,-0.36238657559885956,-0.4349053808592724,-0.6426186439148379,-0.4333278772078718,0.6373588405571451,0.37305668037462986,-0.5929286762323518,-1.230585544126151,-0.461647706292678,-0.6173350419514216,-0.4372143750875891,-0.7768525708702579,-0.7847081746059487,-0.6425036905344456,-0.35972075068052795,-0.1236094251997632,0.24042483469774328,-1.1974770575363576,0.018808321132319273,0.20623808065831525,-0.01758839310088739
622,2022-08-24,-0.8019990065201458,-0.2976393633262188,-1.2029824357207617,-0.40191087893156263,-0.40229864617884403,-0.772813104932029,-0.7241194893961589,-0.4717868232915793,-0.6100787517062309,-1.5832209109280686,-1.1621340241559954,-0.42892456014382374,-0.8045746918355604,0.36403941900678266,0.32417141865746973,-0.7806612310513009,-0.652719246342563,-0.32161741552436,-0.5739086590042467,-0.02393525017498742,-1.1995813454417215,-0.09369531479041972,-0.016129447033325937,0.01134227660393451
623,2022-08-25,-0.9150776039184753,0.5828664046644482,0.34404008450818774,-0.4634500700298729,-0.3720408334634317,-0.8076169986243689,-0.5742630900149029,-0.3306678437393919,-0.5724493540230897,-0.7940148524337598,-1.170766536025532,-0.4023370038978785,-0.9352687967226827,0.013415552050778344,0.32417141865746907,-0.6740342239646517,-0.5882876085939978,-0.3228284982676654,-0.0577119763503266,-0.006154290422555816,-1.1871936567713857,-0.0835389087217115,0.00015227349869652857,-0.007547205635382966
624,2022-08-26,-0.9767003687114438,0.14153851384671354,-0.3962760470025127,-0.5473966818204329,-0.35099403778629784,-0.760821567829488,-0.5575401452883625,-0.9694169090808527,-0.4619405948558585,-0.4443468371271458,-1.1903512910902943,-0.3909423369353313,-0.7599081782473746,-0.28098920550823336,-0.32421819630008686,-0.6094442910222139,-0.7999915611964237,-0.6594686778924616,-0.2554043228986364,-0.19656633925226621,-1.1802535622293537,-0.11891488754013213,-0.05890193286524031,0.0
625,2022-08-29,-0.983102239976708,0.08720419032883585,-0.3962760470025127,-0.663155757524712,-0.3352203358714886,-0.6055268574253712,-0.4393535507521204,-0.8003362741375225,-0.96168280775295,-0.9516134916002994,-1.2186978407112354,-0.37487293480865985,-0.8861094234795278,0.27152947914436903,0.4197645102682694,-0.47327449465650623,-0.38434613425365044,0.018752812355555884,-0.20415075157129683,-0.14519004229259647,-1.1712119594678345,-0.132566995693986,-0.07175554354405593,0.002522069432709939
626,2022-08-30,-0.9895738345923859,-0.1951768165110044,0.5175543224160426,-0.7221264477802303,-0.3194935207420141,-0.44049644952507205,-0.499474616271054,-0.5999444105009833,-0.4619405948558569,0.14748174918280504,-1.2033388437005927,-0.374288592913146,-0.2407912029748074,-0.08710242761197226,-1.0190770971312948,-0.5018096896628194,-0.4549141184544562,-0.17214858940401076,-0.010119374403511268,-0.3308711173330152,-1.172279006001792,-0.11659304728559762,-0.035139201967716666,-0.0025220694327099465
627,2022-08-31,-0.9184243247383361,-0.4666129713538108,0.2193502515191692,-0.7619532655561594,-0.30578149859774734,-0.6468606560332376,-0.5042046258735686,-0.8003362741375225,-0.6280541331273494,-0.12000706124816453,-1.2417666283686075,-0.37691813144296504,-0.4206738473852197,-0.34760594106448606,-1.0190770971312944,-0.6120486398584238,-0.18509535533370805,0.08156065640312776,-0.021102282545084037,-0.3317138396289384,-1.1660893032765696,-0.11520769600584814,-0.02894046029335813,-0.0025284463533586377
628,2022-09-01,-0.8891848869693623,-0.7450189412932829,-1.2029824357207617,-0.8002649869403609,-0.2952101522719228,-0.8400522883235413,-0.46825619073218566,-1.0007281377740531,-0.6642751987924295,-0.6102645125587012,-1.2344726193956215,-0.3658156354281748,-0.6050467930107889,-0.2628108902191173,-0.6055629024026054,-0.7003378055357306,-0.2600219503233855,-0.11381321214717736,-0.11994845581923895,-0.19708464467387285,-1.1568756779516427,-0.12270052326668576,-0.03803597797329291,0.0
629,2022-09-02,-0.8982172300911458,-0.7450189412932849,-1.2029824357207617,-0.8232651956495476,-0.28574930514850405,-0.9423516008600815,-0.5882719329776136,-1.0007281377740531,-0.7218337042076594,-0.8662894660943163,-1.2793523944937637,-0.3500384042492603,-0.738194828211925,-0.3732162518525893,-0.4673812903935139,-0.7519633390020569,-0.5007833081849747,-0.5530639289823547,-0.0577119763503266,-0.14558169229786358,-1.160963682990228,-0.11933377561205182,-0.02812125154510749,0.0075662403833158766
630,2022-09-05,-0.8306996729450133,0.8063040194900267,1.2725418286609629,-0.8378085636154254,-0.26843166373202976,-0.7290192046619444,-0.2793419460408251,-0.2525985135309969,-0.3052909351914708,0.5570151334187854,-1.2518624867266144,-0.33952025012998527,-0.3821491188775133,-0.6518424837918639,-1.4576263650540824,-0.9115064461923373,-0.21487919572434058,0.004215098592730082,0.18757297214479857,-0.17853804534335935,-1.162303600100651,-0.06186308165273185,0.06545923626144515,0.0
631,2022-09-06,-0.8749930159169599,1.0744659180759664,1.2725418286609629,-0.8166208972440937,-0.24603921317630192,-0.6320144658576683,-0.2786687912045075,-0.16337642186425672,-0.02343251734368088,0.9801279031257627,-1.3186217794968222,-0.32228216421228595,-0.5236812880772148,-0.8216453471139854,-1.4576263650540826,-1.113085612858898,0.5080967208427741,1.056357785497529,0.15828521710060453,-0.11011712588063799,-1.1577889327858935,-0.021906840584325123,0.11259754845710099,-0.007566240383315813
632,2022-09-07,-0.8484030654637091,-0.21567749546150386,-0.9592170197032158,-0.7935917175155346,-0.22837905754246135,-0.5089431272089138,-0.5192537917924704,-0.7274665055424132,-0.5762501584086717,-0.3591829932672645,-1.346671722574723,-0.2930650694365204,-0.6690553666804602,-0.6118178623365689,-0.8917182644346906,-1.2448847229829556,0.5606767875021957,0.7071568338760451,-0.08699973139452064,0.028923452634793092,-1.1587806397679998,-0.04198103201336324,0.05527762733932232,0.0
633,2022-09-08,-0.9790646241391107,-0.21567749546150153,-0.9592170197032146,-0.757848511119384,-0.21347659193456828,-0.31607747984283685,-0.4178107370269148,-0.7274665055424132,-0.5012222798371581,-0.2265863090858285,-1.3817904226061757,-0.2769956673098528,-0.7922753255050654,-0.8003870005274624,-0.8917182644346908,-1.3303226524119354,0.16961254172270432,-0.20062651645469076,-0.07235585387242362,-0.128327988118432,-1.1642401201691013,-0.04976651506492347,0.02887520633421554,0.02005079704556122
634,2022-09-09,-0.4603545894926818,1.3406880468492275,1.2725418286609629,-0.6405550746262914,-0.17938939114170452,0.3572989463246903,0.32241311303125697,1.6087224343625601,1.8640807579812033,1.947979363139047,-1.2577404358017497,-0.23287785419845006,0.3984112489807009,-1.0843122572000499,0.08831789961632847,-1.2556434254972453,0.2711876704966051,0.09317783364191792,0.5426870020556513,0.2574286356605294,-1.1648754629740428,0.07738667789395472,0.22136657999295975,-0.004975134640113955
635,2022-09-13,-0.7717454109269717,0.8550718863299747,0.535575955949962,-0.47144488838663867,-0.13987010970962438,-0.10404626693685984,-0.07252419016131904,0.8148221467729422,2.202438744470879,1.349687803779488,-1.2726091564804007,-0.1934347762511664,0.3377539338227934,-1.2453137391442537,0.29986013305582454,-1.077417652981425,0.6542710133010032,0.783358780037575,0.26445332913580794,0.1870987782751926,-1.1648828052618887,0.1215455425974519,0.24397634441251365,-0.010025146619378707
636,2022-09-14,-0.8518765560115951,-0.2769222098760877,-0.6360838634505823,-0.2916119792302618,-0.10894803543342502,-0.41542584519148357,-0.4062306550322036,-0.27530959140979483,0.4305441396156842,0.023450916544462002,-1.2845041330233216,-0.1688924166395251,0.06904875526465101,-0.36270555155137585,-1.2499470517488847,-1.0656819992567492,0.5265765656995415,0.3889696678114873,-0.08699973139452064,0.01127413481185669,-1.1588771943429161,0.08180964720364342,0.12925540189246962,0.003771217543079324
637,2022-09-15,-0.8012954345296069,0.16977603013522352,-0.21111935177885774,-0.09238555322890589,-0.08051901772093156,-0.0960716169182242,-0.24275503181957422,0.13348981040872698,0.6401705448460477,0.17690099229275552,-1.2433051319811292,-0.14259703134133814,0.10726779144267685,-0.6626491695531147,-0.833175605573321,-1.0847816503510341,-0.18154718918131826,-0.7683965119921886,0.04113419692382832,0.09918645654352465,-1.150645051762968,0.08054359609786525,0.09837794698264497,-0.02928280520048788
638,2022-09-16,-0.639213998763201,-1.3977326786624662,-1.2029824357207617,-0.08940822339390853,-0.08443566772814749,-0.45996920723648665,-0.3363523544662587,-1.2396568982637721,-1.858189359841139,-1.5133469977613847,-1.045522238748653,-0.13996749281152163,-0.307660971753412,1.2511238537277791,0.08963270119710436,-0.9961268060693109,-0.9084232755281247,-1.4915849823382346,-0.8960739644903813,-0.27075749581692904,-1.1801173974106005,-0.10406577504864686,-0.2165638110730124,-0.005181358741997629
639,2022-09-19,-0.8261993476001246,-1.3977326786624662,-1.2029824357207617,-0.25725628368271264,-0.11221168647496334,-0.7372669615758408,-0.44503735791227544,-0.8203754605011752,-2.3557257369266256,-1.2693931240752998,-0.9887258887157302,-0.14201268944582163,-0.5590152771757214,1.860505021249229,0.7407772148967919,-0.7736987170559414,-0.9595010545687145,-0.9597598176321132,-0.9290226889150995,-0.3412654034741259,-1.2110434960256904,-0.24035890170806434,-0.3920306738580961,-0.005208345107138235
640,2022-09-20,-0.9516633474264998,-1.3977326786624662,-1.2029824357207617,-0.4741803794311076,-0.15709870351573982,-0.9447905338142992,-0.7108876854590648,-1.0929083950468628,-1.592467508805474,-0.7776709806910911,-1.0573975188115852,-0.15954294631128305,-0.7075655323441057,1.3641710765532578,0.7407772148967913,-0.501176367588742,-1.2874436131815699,-1.1163340908707797,-0.8155326381188476,-0.5135491728123756,-1.2396090206855181,-0.3414589959122385,-0.47669218891153775,0.012970350442627405
641,2022-09-21,-0.9017921364214518,-0.4117932761016203,0.293319455933441,-0.7306422123707411,-0.19563424913991737,-0.7527530331530279,-0.5747214297807628,-0.2009824274427993,-1.0909329765343672,-0.544281921847877,-0.9348323849204141,-0.16421768147540472,-0.9174613110617185,1.820086355210294,1.2756990372499202,-0.15466497633082602,-0.8159564220376948,-0.2572595276518171,-0.14557524148290873,-0.33860807027096484,-1.2497164989820437,-0.30557155211818127,-0.3275646601804954,-0.0025806465934916254
642,2022-09-22,-1.0096858519435574,-0.5339450006269459,0.11878633161873565,-0.8921229938662093,-0.22938205165611283,-1.0205796643447487,-0.5420390695132734,-0.3248610340544729,-0.6767947493273372,-0.16175975627736472,-1.0396402069135977,-0.16158814294558563,-1.0129058351678821,1.380326249058332,1.2756990372499195,0.20130928186048208,-0.47756613589380925,0.183373196511065,-0.0833387620139964,-0.27075749581692904,-1.261686597001219,-0.2838438242940033,-0.2306780327884366,0.005154650588664422
643,2022-09-23,-0.9191469121880789,-0.14851025629805106,1.2725418286609629,-0.9513551976499807,-0.25168214476338396,-0.819381646994917,-0.5963265546772494,-0.07710382083112033,-0.3637097227365406,0.8398995584521635,-1.0474139910933493,-0.15720557872922092,-0.48374809854890366,0.8653856824709779,0.11205945945583758,0.37930452480051485,0.44096324287582783,1.2015218153838356,0.25713139037475946,-0.20024958815973223,-1.2686015726117235,-0.223940775652761,-0.09273567417959235,-0.01946849289393462
644,2022-09-26,-0.9194194671033327,-1.041797117422858,-0.36325480699687274,-0.9779152874275211,-0.28382831082456816,-0.8153373018776092,-0.5272381511364499,-1.0061933704186925,-0.6622313803078947,-0.5256046701032139,-1.0029180361606207,-0.20307641752717057,-0.693572197191425,1.0969829220419829,0.5818979492800758,0.5140421443255336,0.24942157147362745,0.38559094488742457,-0.36889437369488837,-0.7316395200004785,-1.2936829195481434,-0.29461127553465954,-0.18908492670044597,0.013021017302964972
645,2022-09-27,-0.9777145265356441,-0.14657642464709622,1.2648413161025183,-0.9875517659058973,-0.3055198105337146,-0.6287657260629577,-0.19273410588810255,-0.3868003373603093,-0.5744202193851818,-0.5415376946250932,-0.9546425266453057,-0.22761877713881318,-0.8736024346210749,1.1600029588703373,0.9238841361360696,0.6608960730360973,0.5048104666765604,0.45623696966312816,0.08140486010959513,-0.4922595822786566,-1.3032678192466,-0.24239155914482668,-0.07162421095825197,-0.014332492900775767
646,2022-09-28,-0.9666221753334537,-0.7546527334373575,-0.356968904926514,-1.0069614850000714,-0.3323490506351624,-0.8241831660850981,-0.17636420271367245,-1.0681326737245287,-0.653584246852641,-1.0832320256426187,-0.9667371013095825,-0.2533298205414836,-1.0053264525761016,0.6716678864629004,0.9238841361360696,0.8019437163343418,-0.3387095862292807,-0.8206603938663904,-0.40916503688065514,-0.5499474979255261,-1.3243362977611681,-0.28510250390434744,-0.1279346643049163,-0.014540903922511578
647,2022-09-29,-0.9393476683488678,-1.2774901477145948,-1.2029824357207617,-1.0652879030646873,-0.3734295700024695,-0.8214865757679513,-0.5323642893244844,-1.4449301021683798,-0.8637717361748128,-1.431107437440548,-0.8749827964879451,-0.2959867789140977,-1.1481799444386116,1.017928238344169,1.393939603575544,0.990621764851756,-0.6811628775241227,-1.0790972564070687,-0.734991311747314,-0.7924452391726226,-1.3588328351396628,-0.383311718819648,-0.26083900395966764,-0.0013324452337786009
648,2022-09-30,-0.9596371633192744,-1.3110460334334908,-1.2029824357207617,-1.1315928530405384,-0.4202352667470442,-0.7685445621034787,-0.549633013493863,-1.3918154845485895,-1.033256462392872,-1.172032231727396,-0.9283668083219605,-0.3082579587199197,-1.2336971222920723,0.7877153301593296,1.4846015307121434,1.2001776142816223,-1.4593009175955614,-1.7300035022397209,-0.5958744752873922,-0.4205184779725254,-1.3895428321666141,-0.4312661959208607,-0.2876072197086848,-0.004008021397538822
649,2022-10-10,-0.9085236089795811,-1.3977326786624662,-1.2029824357207617,-1.2026866025406808,-0.4696908829563337,-0.9650273553743473,-0.7328215234366425,-1.5017077968653967,-1.0926693329628099,-0.8321224709127819,-0.9583952722200394,-0.31994479663022385,-1.311556454104884,0.4722275221532334,1.5328537553832529,1.4096542113762347,-1.7171454752523676,-1.6376556802210456,-0.4970283020132373,-0.40467673600998166,-1.420061297154441,-0.4626351932398521,-0.2827663157711304,0.0
650,2022-10-11,-0.9240655776354502,-1.3977326786624662,-1.2029824357207617,-1.279203094786637,-0.5156643529797563,-0.8905426992979355,-0.6549395636964643,-0.9092448956791194,-1.3611439952236537,-1.0872778294245273,-0.9570605522002371,-0.32608038653313287,-1.3840855034593296,1.2472103353869082,1.9990424591093883,1.6635862294746009,-1.334367621557063,-0.6318986551360283,-0.36889437369488837,-0.33413177051925347,-1.4444863321378731,-0.4587569145226407,-0.22309574769256554,0.021192846151639744
651,2022-10-12,-0.8983630152783747,1.3406880468492275,1.2725418286609629,-1.308138043967143,-0.5334003265398164,-0.779188768168267,-0.6097182347204816,0.03678457556993465,-0.4557939884272276,0.35227250743373034,-0.8292053204930713,-0.32724907032416456,-0.2929281288804628,0.58735509117772,-0.3616084678469913,1.607565366722388,-0.4035139245568452,0.6944830311495787,0.48777246134778757,-0.22201072718537426,-1.449126943910267,-0.3065765952438431,0.05940875674213193,-0.003939598004080314
652,2022-10-13,-0.9956017351599763,1.001694687289115,0.9141819354699556,-1.2819475487334993,-0.5344740701561611,-0.9111116738154036,-0.6031400153185913,0.27259516241641835,-0.15311418219668563,1.0708851230980567,-0.9044235730951936,-0.32754124127192413,-0.4745154709212866,0.23585904708117328,-0.36160846784699147,1.3979784106996513,0.7138124919559817,1.7939300878577895,0.3596385330294386,-0.24060488931236723,-1.4564196992405096,-0.2224658629123713,0.1776554870230227,0.013072081567352921
653,2022-10-14,-0.9393032989440591,1.3406880468492275,1.2725418286609629,-1.1816940011267456,-0.5097812865867428,-0.7275661728407157,-0.3700447682118835,0.9823163461291482,0.4920030783031087,1.623607102689499,-0.9645981751768904,-0.3214056513690125,-0.06983463973856577,-0.07639504885936585,-1.2456146183019656,1.0103497095980585,1.5939520726827552,2.230958846503254,0.6891257772766217,-0.13191673163849071,-1.4566494712486358,-0.07986827705828967,0.3648398949899337,0.0038885337396923746
654,2022-10-17,-0.9895167882147746,1.3406880468492275,1.2725418286609629,-0.9986143390081934,-0.46468146727565546,-0.5359567411025516,-0.023356262533743153,1.195232701242968,0.7307778886707856,1.2835336553537042,-1.0127378568422478,-0.291604214697733,0.0477994890535561,-0.35342326539860003,-1.2868434997893134,0.5580791056798952,1.8530510092687043,1.7692439430455311,0.6451941447103305,0.19378149735833528,-1.4421029342774945,0.03617394838188166,0.47254922581965747,-0.007792247220165879
655,2022-10-18,-0.98098518551869,0.8376105462021558,0.6340496488650308,-0.7891171373941934,-0.4158304181343607,-0.6240531484094127,0.10410113278550719,0.7693999910153287,0.6551066294175952,0.8645176745087468,-1.0639283477436672,-0.28429994100379224,-0.08613920868853604,-0.5894436651189815,-1.1721437392563667,0.12490289201589645,1.741318367617424,1.121388801523098,0.19489491090584707,-0.09681366670661537,-1.4281904000937682,0.05953278975045484,0.41199519386151595,-0.011803415724884489
656,2022-10-19,-0.9273742675369034,0.14987051608211568,-1.2029824357207617,-0.6082207123971229,-0.3778276552375533,-0.8741168709097703,-0.19479946102582807,0.13065092567387598,0.08325584284155804,-0.22483297642784772,-1.1048807404648024,-0.2790408639441554,-0.28997939561442965,0.00814682500831662,-0.8532235844481052,-0.2210320869299866,0.7292473381673956,-0.4406132019780701,-0.32496274112859724,-0.06182461459652321,-1.422853200229998,0.002003210993651197,0.235502370418755,-0.001320132204922844
657,2022-10-20,-0.9937952665356196,0.07622691139987865,-1.2029824357207617,-0.4994597072614644,-0.3483974906429156,-0.9511641037082048,-0.5315979980572836,0.16377124758047276,-0.07996501250887285,-0.7413383543263217,-1.08692767236518,-0.2618027780264561,-0.5005139964688577,0.2842003653204117,-0.27920793313891396,-0.41837383411853446,-0.26517317252902034,-1.4383109078524776,-0.32496274112859724,0.12252829003659561,-1.4068984723896298,-0.03830159281674696,0.12157561796492117,0.0013201322049228162
658,2022-10-21,-1.032675542120897,0.1861222864152171,-0.9895243032532903,-0.45982130362446405,-0.32304761126614906,-0.7841461901465854,-0.3273175340525194,0.4093463173269237,0.007025147828644509,-0.6760770450460928,-1.0979227090237471,-0.24281166642220858,-0.669576546671141,-0.05558604235170817,-0.2792079331389143,-0.5237931775787646,-0.9355690224367157,-1.5822053308181112,-0.2590652922791607,0.15981079360968298,-1.4093642535151374,-0.05052802667888156,0.07488339643241229,-0.02268276034628481
659,2022-10-24,-0.8801018359563687,-0.9974176421841896,-1.2029824357207617,-0.5179635209457234,-0.32295313008853754,-0.8955498611731338,-0.6324718657221441,-1.0031719409891358,-0.9395740449700555,-1.3624660466624061,-0.8911800636753495,-0.2357995636760261,-0.9032582966028277,0.9693965145419601,0.8829352472277652,-0.4201575033957699,-1.089528381501359,-1.1055296766555889,-0.848481362543566,-0.10057575886120579,-1.4315755830026742,-0.18831195910559817,-0.16123291289178718,-0.00405680069561443
660,2022-10-25,-0.9957411818608037,-1.175871376792125,-1.2029824357207617,-0.6289110425974154,-0.3407226921157304,-1.2874840073589113,-0.7553777041822279,-1.252439868927266,-1.2698811220937734,-1.2264534795218498,-0.954003367641015,-0.23024831566863097,-1.013276608930118,0.5710926894735203,0.8829352472277658,-0.21832116096076243,-1.3256086404742358,-1.106344922509481,-0.7166864648446926,-0.15650070569773625,-1.4551656403123947,-0.2846527914813374,-0.284519878688935,-0.05001042057466142
661,2022-10-26,-0.2557989563514885,-1.3977326786624662,-1.2029824357207617,-0.815608424526626,-0.4149798177655839,-1.3885971519068268,-0.7840284212506063,-1.4120588052385277,-2.4944569016147295,-1.7340196385599693,-0.6619358804469718,-0.2936494113320382,-1.1986458995623257,3.037003808460175,2.0531706625237116,0.17176049898724516,-1.6201765139185305,-1.3776908468294797,-1.968737992983988,-1.1020207767216614,-1.5439162942951532,-0.6139973417653889,-0.7520036375696815,0.004264398786457518
662,2022-10-27,-0.7733870789048959,-1.1871373185906113,-0.850535521786185,-1.0422816789770635,-0.51320249873142,-1.1521258223568491,-0.6364258165564549,-1.1184583576605247,-1.7660749355844074,-0.9854871278905898,-0.7832867666274462,-0.3488697204582299,-1.2681717276206663,2.7888677861671707,2.1207180225239095,0.6349670988661246,-1.5853061070735155,-1.101371980792386,-1.404948708383253,-0.9964786900911641,-1.6032931036351639,-0.7597166682897089,-0.8353045857065755,-0.04052652989999372
663,2022-10-28,-0.6141959929374606,-1.3977326786624662,-1.2029824357207617,-1.2590934731301713,-0.6555839213912662,-1.4165726196224875,-0.6741983840678778,-1.30704141504705,-1.640332507383548,-0.9343045933261881,-0.5760775819126467,-0.4490843555390991,-1.3819227250647736,3.747133031759264,2.4411294421289007,1.1400044691454245,-1.5438758711878782,-0.9300404541391946,-2.1737522782933465,-1.6706141689460092,-1.7026108787463627,-1.0344388269138387,-1.1061619768277022,-0.002958582039745154
664,2022-10-31,-0.8068923180219121,-1.3977326786624662,-1.2029824357207617,-1.4502299851260192,-0.8163801825597926,-1.3886361297172696,-0.7286450882913265,-1.1671249531151104,-1.3233786565930945,-0.9182552685835944,-0.6004914176777931,-0.5545580676796051,-1.4455435649040254,3.4341337345829346,2.507125691330814,1.6338763970009615,-1.4089260572454183,-0.7623834385938099,-1.606302024312087,-1.7541599566564972,-1.7865612648076699,-1.1684040555052435,-1.1000240508976291,0.02919915469226235
665,2022-11-01,-0.7918384128189394,-0.3226683452360963,1.2725418286609629,-1.5480745636276452,-0.9485290011340034,-1.1582641275525578,-0.611600875032817,-0.5587925099327726,-0.7681383208620731,-0.31476346935863003,-0.5566287584442493,-0.6287694884100457,-0.5940912017108115,2.510742134583242,1.0357077852185386,1.8873219670734376,-0.8115998079096691,0.04802113889359755,-0.17120202714657853,-1.295925926316349,-1.8244160238656586,-1.0365501613038954,-0.674311428088102,0.008596041469797817
666,2022-11-02,-0.8772051476709967,-0.03898933288588904,1.2725418286609629,-1.5777731805112463,-1.0434558572175898,-0.9716318144393415,-0.5059546774730668,-0.3762927769780728,-0.45995451319536973,0.544993968506454,-0.7243985601635325,-0.6790228914243613,-0.4447609076618707,2.0278802306071215,0.654229040302106,1.947008056895167,0.28489225136292257,1.3627147405440623,0.46946761444516627,-1.0358799159149097,-1.852498268488495,-0.8611051969837377,-0.2647349258205097,-0.008596041469797908
667,2022-11-03,-0.9916972275368052,-0.18558065976813157,0.9629334244642666,-1.550257437199728,-1.1141384482372383,-1.1372688481868702,-0.2851550877733321,-0.5587925099327726,-0.4218904638210821,0.5461679296874495,-0.845935655969827,-0.7354118843415821,-0.5885802627125322,1.6525332365196461,0.6923320250047293,1.9079993577227887,1.1484259532678385,1.9251575074404423,0.21319975780846837,-1.129240170686651,-1.8843867080148728,-0.762402759792504,-0.05856020777795917,0.012866510593250276
668,2022-11-04,-0.8564402662204963,0.4425749806441532,1.2725418286609629,-1.4711675279179655,-1.1492012396413918,-0.954950206865084,-0.32859443978995606,-0.28504291050072167,-0.24959766261952057,1.0663453768227646,-0.8924503503383328,-0.7856652873558978,-0.24104148041667267,1.1634952241459808,-0.051035259499975796,1.7236018738581926,1.6556566756847741,1.8469568665701137,0.7001086854181945,-0.9807665448240274,-1.9043433168508697,-0.5952005976658068,0.21481736552796069,0.004252309738530476
669,2022-11-07,-0.9306576034927518,0.9722689364294123,1.2725418286609629,-1.3626975914687993,-1.15182620867762,-0.9605034365906192,0.4359879344636129,-0.09318421688167593,-0.08002084545700489,1.1515357122610363,-0.9676983425405339,-0.8084546212809909,-0.04993345202393035,0.7740696233787517,-0.5525320786828729,1.413818162571896,1.6741387667849854,1.2940278721177827,0.5902796040024667,-0.6276740432152338,-1.9199654022401527,-0.44163550434185583,0.4119313999079658,0.016830691824473852
670,2022-11-08,-0.7902728066778303,1.3406880468492275,1.2725418286609629,-1.2257515419937821,-1.1133903070015199,-0.6996335811873235,4.3277922209577175,0.3352176198028387,0.18641450723112601,1.5748950574159826,-0.9264667717492363,-0.810499817915296,0.4178059989964081,0.32142386809932105,-1.445936308849331,0.9473077782576937,1.8833485061527335,1.3814588515268575,0.8245816443560191,-0.3472366016158254,-1.9266748051896154,-0.23153002564929653,0.6591283143693418,-0.005578815027038998
671,2022-11-09,-0.9404252110370807,1.1798252621664487,0.7897607374600696,-1.051990046392469,-1.0533225576772958,-0.8634810034880863,0.8776601511979302,0.20162304404514872,0.42792222287724296,1.3456994866423986,-0.9822327341001256,-0.7657976629083781,0.5297794780316423,0.011294077723713809,-1.1385832309151285,0.4795268413508927,1.513410180013192,0.7369171895336234,0.44384082878149644,0.2691502785580856,-1.9305587938957245,-0.12365640787408964,0.6950487293237674,0.0
672,2022-11-10,-0.924363486496309,1.1798252621664487,0.7897607374600696,-0.8723825341772902,-0.9795473212168674,-0.7821361024926068,0.29882476930703883,0.20162304404514872,0.4221540184760113,0.6245295462953407,-1.0522029951191014,-0.7295684653864313,0.27742888773890495,0.38462877631310044,-1.2415611810031182,0.035677723055161696,1.2076155818096836,0.3518572639308438,0.31936786984367177,0.20879628746854206,-1.9331256036452675,-0.05052067103909446,0.668793609129231,0.02349797126730392
673,2022-11-11,-0.6800845590784715,1.3406880468492275,1.2725418286609629,-0.6566264001309454,-0.8742037494724137,-0.4556981298050691,1.6498683519227295,1.2560659455611984,1.2583771753073978,1.6989965941507459,-0.9560342571046926,-0.6299381722010747,1.349406769049624,-0.053397631288583464,-0.3977169386340345,-0.24823432720960786,1.1468506377786394,0.5478923045874594,0.8721742463028344,1.1425771583366684,-1.9221425475642582,0.1335221772127032,0.8233598974183135,0.006807378228025108
674,2022-11-14,-0.7585867131579732,1.3406880468492275,1.2725418286609629,-0.4221061741395537,-0.7454059631060146,-0.14612521671649342,1.812427301500587,1.606870987796345,1.6393778297697639,1.4590039507650525,-0.9678504856770919,-0.5232957762695396,1.5380552910350762,-0.3521587738408078,0.021266875288265312,-0.37201037986979824,1.3517205316528684,1.0066371689081268,0.8392255218781162,1.290339807793146,-1.9053019811983467,0.28113008883736157,0.8893349689978355,0.006761350978043925
675,2022-11-15,-0.8112405196931707,1.3406880468492275,1.2725418286609629,-0.18765060633557587,-0.6000661879661296,0.20093998364961504,2.0108086080200085,1.819787342910162,1.3807330190564346,1.0780043539398272,-1.002660959673277,-0.440027056158614,1.134036972419216,-0.5965713181430747,0.02126687528826498,-0.4039802253717188,1.724162670490474,1.497488277865737,0.7916329199313007,0.9529858654995209,-1.8914731896597055,0.40022862506651097,0.896983547003489,-0.0026990569691649467
676,2022-11-16,-0.959250515648798,1.2622758071455846,0.8298711610080289,0.06104254100487905,-0.4539186082828748,0.08019103143736801,0.5715666056655443,1.5805099152584448,1.2476757062204205,1.033493981582228,-1.055866830008489,-0.36727649016696085,1.1886030379658958,-0.7977059394230124,0.30186092734261644,-0.34942641305130273,1.6092376676491549,1.0827950401017177,0.5133992470114573,0.7860061729424656,-1.882685674405999,0.4412245877828977,0.7794629179219895,0.009414998934601883
677,2022-11-17,-0.8831506479153707,1.3406880468492275,1.2725418286609629,0.2765928079218256,-0.3044821362090371,0.08888943779138524,2.0167988138367385,1.8643983887435327,1.1626323147278808,0.9490090775610153,-1.085752780707527,-0.2781643511008806,0.833533573279841,-0.8917470634150686,0.17216312174913626,-0.27231779596471145,1.788494371870181,1.239384655164112,0.5902796040024667,1.0531679645088463,-1.8764717668185822,0.5047463618390862,0.7211056731690341,0.0013377928416599535
678,2022-11-18,-0.9074397278049671,1.3406880468492275,1.2725418286609629,0.4564767355376905,-0.15954357542325467,0.3455080461420197,4.060317155869181,1.816469165947353,1.1093399714779746,1.2288229741528274,-1.1603765235432868,-0.2016155627883793,0.7298953528056914,-1.042066659597566,0.3054504744898226,-0.17238538512877766,1.7289036296561677,1.1238524753089427,0.36329950240996284,0.8816061199553753,-1.8695169714774107,0.5314020154938659,0.6160593371887225,0.002670228555878892
679,2022-11-21,-0.8460007791176348,1.3406880468492275,1.2725418286609629,0.6028423088218015,-0.022724847538529352,0.401324089823247,3.596450351786338,1.8472138564502503,0.9242807622073912,0.8015345647533715,-1.105966807689703,-0.12711197111018577,0.3643914561966856,-0.4686013970866507,-0.7917115813600586,-0.21393035765199864,1.9300223846284787,1.3711951374973064,0.31570690046314753,0.8582167172428903,-1.873916689800935,0.5425523469211885,0.5074767243934755,-0.0026702285558788097
680,2022-11-22,-0.9226901260863785,1.203604201057087,-0.6951447295298651,0.7264649082169177,0.09806077969935204,0.142043055184006,0.6891175103205384,1.4332622674727722,0.9716898288885644,1.3884428694219926,-1.1004752717142336,-0.07072297819296236,0.5698082716138279,-0.7160900763056567,-0.2828417317177392,-0.2570309360601213,1.4311756410944738,0.572123753106794,0.1253364926758862,0.5729348317612201,-1.877786740068598,0.5120489013791187,0.35467104252363835,-0.004018759594917744
681,2022-11-23,-0.8458930248488135,0.9180294167165658,-1.2029824357207617,0.8217512000313869,0.19714438387854458,0.05941303273785746,-0.20173697842877708,1.2662048196142373,0.7938665604587474,0.43978833136545037,-1.146797025210388,-0.011996617693674223,0.30380389088526677,-0.8028395864235431,-0.42413171542494976,-0.31607495907400196,0.8339138839039772,-0.18681249836767844,-0.04672906820875382,0.5955529500130987,-1.8695675468306718,0.4497628309453276,0.18211333315921446,0.004018759594917655
682,2022-11-24,-0.9416865698309297,1.1081443038147936,-0.4441302188311585,0.8980216464050144,0.2806465087219909,0.3279936739279532,0.2429104256598247,1.357454686091589,0.8765752593736234,1.2382336709260637,-1.158496936869047,0.04848276849215434,0.38327887524320214,-0.9954729060657044,-0.06395083097329894,-0.3308439520027833,0.35244777351572315,-0.4361759015687134,0.0338122581627798,0.6539808315332251,-1.862211872990749,0.4186937868487137,0.09348496444742578,0.00666224982541625
683,2022-11-25,-0.9141204924718863,1.3406880468492275,0.6308278897178439,0.9655280090929204,0.3558098196994624,0.5948070710339299,0.21149585919187108,1.652608575191166,0.8962150960056259,1.1047386596082414,-1.1805356117651062,0.08997104307374189,0.12354212851749154,-1.0571190564958803,-0.2346811605782946,-0.34437605095006674,0.6571731598374018,0.4720248204173498,0.23150460471108963,0.4107707837301943,-1.8196670775550603,0.42375400047659634,0.07977632662509061,-0.002659576035758942
684,2022-11-28,-0.9149064647856415,1.0866648517427526,-0.5020063404975155,1.0067261008720843,0.41732616977879594,0.34059354588524005,-0.28251796704868914,1.4878116382020854,0.6574443342292503,-0.14362474732529365,-1.1601303149745563,0.12649241154344434,-0.13553574960286774,-0.7235303842142994,-1.0590902952455363,-0.4650988986967166,0.9152934870745849,0.9293123831419439,0.10703164577326493,0.2757983745298313,-1.7623737319318917,0.39479161984451394,0.014950291576027753,0.026282721799194813
685,2022-11-29,-0.4999891449597084,1.3406880468492275,1.2725418286609629,1.0853958598135054,0.49383880966919014,0.9474219422440474,-0.03945200291255778,1.7015710979812977,1.9069212342089825,2.218143860386772,-1.0043398762816587,0.17791449834878784,1.4308458510466677,-1.0260855715898916,0.7430359351519664,-0.3925469423794096,1.310565845331848,1.2767173718829363,0.9124449094886011,0.5555248640660256,-1.7416949047724954,0.5213968759839298,0.20935924232924252,-0.011741817876683174
686,2022-11-30,-0.8124701860550135,0.24841291469331814,-0.9810011057342619,1.1744710666048508,0.5602435815112067,0.7870486779486607,-0.13560456214665534,1.0848316282209856,1.7953695986447076,1.114679777472322,-0.9938162354495327,0.21940277293036892,0.9805082485888633,-1.2144376302331266,0.7430359351519661,-0.22730800083088432,1.0563378087434734,0.6234060618446426,0.3596385330294386,0.4252698899071509,-1.7156685901263828,0.505967258408034,0.14003952824371055,0.0
687,2022-12-01,-0.8808687928109201,0.08388298017385334,-1.2029824357207617,1.2648235182161622,0.6145393656832375,1.6915678592200063,0.1343090722573803,0.9208071768740448,1.4668193748097935,0.7699647985633434,-1.0487910506294948,0.25154157718371056,0.6564517892782293,-1.3499730616398669,0.7430359351519664,-0.028268674290800527,1.031550063032604,0.526966107409155,0.2205216965695169,0.29089886899451367,-1.6728628441515419,0.4769032962381998,0.063000045241839,0.0
688,2022-12-02,-0.8584115354912856,-0.01683930045727514,-1.2029824357207597,1.352697632351518,0.656106039050183,1.334014435101266,-0.07132230323103424,0.898440206235826,0.9058484121002349,0.2715655110526693,-1.0800921572043314,0.27549959489984055,0.3557451222556478,-0.7808525519260686,-0.40136179825367396,0.02056211474177974,0.6867750545086456,0.13422480015992783,0.10703164577326493,0.27190831218103667,-1.6370932550291486,0.4408763329256494,-0.009654249910239327,0.015625317903080815
689,2022-12-05,-0.7270020354205363,1.131480638850402,0.3198014307685213,1.412941855691641,0.7021534075266179,2.482365953378684,0.047141284342127276,1.738775266330276,1.3451170338265603,1.1069834281581972,-1.0670968057568042,0.3093914248397239,0.8965707148425586,-0.998934594749111,0.3679943339584379,0.09042221341077539,1.0570889525529006,0.8393841492510029,0.5133992470114573,0.4568841112053386,-1.6057497691018658,0.4976014768481281,0.07905260210094782,-0.0025873235649510238
690,2022-12-06,-0.8779721045255481,0.7457546058865226,-0.3369708533802002,1.4595685239753204,0.7428372313896152,2.6218843590702687,0.01188126929386726,1.5725966477048534,1.157424328115302,1.2465402653677524,-1.1454517435827087,0.3426989128840934,0.6174851050461156,-1.1413006366998508,0.3679943339584379,0.1653086864927182,1.2997084029956867,1.1880683550135094,0.24980945161371093,0.4580755817304532,-1.5848974329364973,0.4966191100700774,0.05866479076402901,-0.010416760858255715
691,2022-12-07,-0.773894157816996,-0.6564792878584434,-1.2029824357207617,1.4835040879723649,0.7640206596529314,1.6781386792963804,-0.516696266116773,0.9078821732031772,0.7348043630427863,0.07831824014054267,-1.1193844748595059,0.37396120429416024,0.28053191746020845,-0.598743058219238,-0.7205959174720443,0.09281459101252282,1.0315500630326069,0.5312446185771567,-0.07601682325294787,0.36641631398451374,-1.5476306723960989,0.4131133025732388,-0.08828335904613371,0.006523180339123476
692,2022-12-08,-0.7183119705644203,-0.08376958606682264,-0.4579068500335962,1.502947285373988,0.7766410620843758,1.7977897957780615,-0.14926591214231388,1.3233287197667305,0.6796307731585667,0.10304023061831864,-1.123888151019208,0.4061000085474993,0.010530954128164965,-0.7251081144060522,-0.8661533115768257,-0.06818780841018632,0.7123139440289424,0.06903532256639236,0.10703164577326493,0.4022254008656298,-1.5028659003491076,0.3867262629054004,-0.11542058941483649,0.030732252129203927
693,2022-12-09,0.39079004144019236,1.3406880468492275,1.2725418286609629,1.5494794402244354,0.8142982029662974,3.2925492302754447,0.92718831922066,1.3642139354602816,1.8508029333351976,2.142229869424594,-0.8485586894260572,0.46015163388266445,2.0168085091247616,-1.0952160108036624,1.1144322999594813,0.00048383593717939356,0.6558908160189934,0.2341055811444252,1.0003081746211835,0.7509985312153779,-1.5049061061299058,0.5470348688995981,0.1584162856910827,-0.04382144423921805
694,2022-12-12,-0.24809135688756653,-1.3977326786624662,-1.2029824357207617,1.556971569153276,0.8144827868928672,1.6902792051161004,0.028334111810273514,-0.47430189282411744,0.5079487877010239,-0.3294782091912539,-0.6029376290132709,0.4730071555840016,1.1866563900986404,-0.29031506556546777,-0.27830176405240065,-0.0032871231012761358,0.13956109310871645,-0.3719191073732896,-0.5885525365263437,0.1596130084448409,-1.4879542600083606,0.3521465636355524,-0.18480510311785886,0.01438873745209967
695,2022-12-13,-0.8144351168394015,-0.7939679987781261,-0.6334385667954051,1.5349900874298912,0.8048088638031271,1.7593427413273426,-0.0024827962385826703,0.12051205162083715,0.18927509411778862,-0.5784989198706622,-0.66001569206569,0.4724228136884851,0.7854287646620077,-0.4026292369770453,-0.4716876963659642,-0.06926221040730883,-0.3353026339092387,-0.8330626878975481,-0.03574616006718106,-0.006787229341575539,-1.47525905840149,0.3088087444352754,-0.2194717452952251,-0.011757156986043644
696,2022-12-14,-0.9293075058892852,-1.3650849371228753,-1.1012722286677343,1.4798581830897695,0.7747770420667308,1.3121218857037837,0.02523758725744346,-0.36615390292503225,-0.07875905146444889,-0.5777955388897067,-0.7817506159224196,0.4712541298974547,0.4995684923656645,-0.6197868362762008,-0.47168769636596436,-0.16158837643712304,-1.1966833480348262,-1.6897722191293683,-0.3762163124559369,-0.007000552540237126,-1.4582638897416262,0.2000108123814838,-0.3508310306512755,-0.010568130061792235
697,2022-12-15,-0.9221386777694696,-1.3977326786624662,-1.2029824357207617,1.311307113774817,0.7209561989582417,1.294969351519267,0.11692393942239249,-0.7987458625213623,-0.9353382402043214,-1.0479943798002933,-0.8411023183004056,0.45752209535284666,0.2135808031300123,-0.14248765275132558,-1.3194998286190054,-0.3718407802086094,-1.228688606001431,-1.171494952433439,-0.6727548322784016,-0.15319805135699693,-1.4528892176115555,0.06437947851748609,-0.4983968051088174,0.04289156462931293
698,2022-12-16,-0.027835292930472915,0.019785760733201565,0.18398574163255296,1.2134926913080184,0.6996433168658723,1.9878750343995126,0.39566828458277603,0.7693999910153345,1.4475235069599257,0.8473475476812615,-0.4448275852831603,0.4820644549644867,2.0066661563750032,-0.6966665933700542,0.6448213721863212,-0.3655568448988622,-0.7173407510973454,-0.03560052913461195,0.7623451648871066,0.449866631262133,-1.4514683338612246,0.2443630865199574,-0.11681837331923635,-0.04821780891198713
699,2022-12-19,-0.36634215918931734,-1.3977326786624662,-1.0809517524207441,1.1124900993087659,0.6461046186790198,1.0131883940721877,-0.4467246727837686,-1.3800413082289265,-0.4558959599006502,-0.31684119495723395,-0.16584403557676045,0.4449587445992677,1.1673868383706059,-0.658778601588103,0.11786336113891345,-0.3189333956260541,-0.8352807617292555,-0.4132857348945555,-0.6507890159952561,-0.4385098368385403,-1.4524596813479438,0.05082629222268881,-0.40285333451753097,-0.014795158916747049
700,2022-12-20,-0.761553124793759,-1.3977326786624662,-1.2029824357207617,0.9527917327144854,0.5595909337087582,0.5757343035180627,-0.32939485314410766,-1.1283750098165097,-2.073824707855049,-1.5560080483658196,-0.19623210719429002,0.3979192220102877,0.7189672613572259,0.21744485400850888,-1.1508377507142173,-0.4231638793301448,-0.7104956739530106,-0.39493772004135913,-1.0168859540476818,-0.6020167977245079,-1.465251651994085,-0.15330750411111924,-0.648456780699846,0.010781775603288413
701,2022-12-21,-0.8390094286170542,-1.1222556075756829,-0.6827231749550066,0.7996834717886523,0.4681834251684702,0.5637200981819855,-0.3376464861420079,-0.7550422227676229,-1.2898443458239472,-0.7329628563364655,-0.3473300201796388,0.3765907428239793,0.41979695222777147,-0.08848683265468268,-1.1508377507142176,-0.5958520444547677,-1.3386906928374884,-1.3286499617651242,-0.4421137613053735,-0.3168091266035011,-1.4641292284543663,-0.20385972418883969,-0.6018137719265758,-0.02031214045398236
702,2022-12-22,-0.8292481595591267,-1.3977326786624662,-1.2029824357207617,0.5451939538388285,0.3578564497356781,0.49077841803505845,-0.3654382057375431,-1.2804959993445475,-1.2968916629468166,-0.7151545945791231,-0.2273121847544009,0.32955122023500183,0.023990469733460196,0.21818811167899874,-1.087518430307867,-0.7810044306092419,-1.2989635313614785,-1.0566660233109906,-0.9326836582956239,-0.6768427012964136,-1.4869537451120816,-0.34217158654764335,-0.703426381734816,-0.011004237591013705
703,2022-12-23,-0.9066474170048106,-1.3977326786624662,-1.2029824357207617,0.26766015602885057,0.231339929328269,0.25024769368321353,-0.3694594420104156,-1.339485812016773,-1.4070329122223812,-0.9185143385022904,-0.3214790999511978,0.2410234230644368,-0.2135637807769884,0.3396642472543286,-0.6682636668628199,-0.9020068742406119,-1.3765706141213894,-0.9225302068912306,-1.0864443722776427,-1.2179463233984085,-1.5241598063918798,-0.4718088167969069,-0.7709841806872834,-0.005547864437717979
704,2022-12-26,-0.9167636413012082,-1.3977326786624662,-1.2029824357207617,0.03824728105771035,0.09718426156902155,0.045252003720926894,-0.7359536754050756,-1.3842367043888064,-1.249083517898602,-1.1086751553084733,-0.49824259666169457,0.19836646469182143,-0.3808796862360037,0.2592463026798437,-0.48992596539904365,-0.9568388285786853,-1.5873032404368044,-1.2187422135775399,-0.7459742198888868,-0.7226026379046792,-1.5619248745903287,-0.5587124938262009,-0.7573814993095966,0.008310297133628035
705,2022-12-27,-1.013907283886791,-1.1887162989688194,0.04721010747012003,-0.1597707735114638,-0.024860312990911116,-0.019129946734430345,-0.6132540899697627,-1.1492945194356292,-0.8532641407561762,-0.5128500283153187,-0.6523321395992245,0.14489918125217663,-0.40981274747811813,-0.009217744463667838,-0.6850487167549251,-0.9992151812279159,-1.402436506068318,-0.8227510392200893,-0.2480823841375879,-0.8025427863613046,-1.5902907611951997,-0.536487497501604,-0.5737443082061201,-0.009702085806450591
706,2022-12-28,-0.9688913534651018,-1.3654159825414691,-0.7844399124225796,-0.3259766002004461,-0.14100864751708442,-0.0003075539620977413,-0.5699425412299387,-1.4233937352143387,-0.8032918972269997,-0.5992393218930084,-0.7756037739492483,0.0937692653945888,-0.555585741452016,-0.036567200779171236,-0.4677036371763197,-1.0030602475947932,-1.414959467150032,-0.8303563155917796,-0.43479182254432497,-0.775570025212771,-1.6243778514331924,-0.5526075213178857,-0.4875362528220113,-0.016854331554982074
707,2022-12-29,-0.9337064154517539,-1.3977326786624662,-1.2029824357207617,-0.461660953975663,-0.2618817802314364,0.03636700291645701,-0.7593240155569614,-1.4314673498175403,-1.0011719929902545,-1.326671842946622,-0.798148608014472,0.04000981100718318,-0.7146089151000973,0.6190854497067265,0.3332193201651303,-0.8811092848373977,-1.427506983057398,-0.9219102273019262,-0.7093645260836442,-0.8579020309622821,-1.6711233732662072,-0.6309349141723781,-0.5170465568296934,0.0056497325421191276
