,date,volume,stochrsi,stochrsi_6,wt2,trix,vr,vr_6,wr,cci,cci_6,atr_5,dma,pdi,mdi,dx,adxr,kdj-k,kdj-j,bias_6,ROC,lower,MACD,MACDhist,return
0,2020-02-06,-0.9551634577267815,-0.8244529233336012,0.04198737484225412,-0.671512206486368,-0.5169691611636064,1.2561492057130552,-0.1607770445008317,-0.5519119875801499,-0.7841867851624489,-0.19760391301712804,1.966214332984314,-0.1197134501409181,-0.623940366685954,0.8836273417800844,0.21139764885819926,0.9276566017325946,-0.6775209377572026,0.0659712270951255,-0.4036726011525975,-1.0738332889600757,1.2258453462569632,-2.1844373070430025,-2.776822395379347,0.022679312793616197
1,2020-02-07,-0.9392881200116079,-0.5340805091242055,1.266680487702634,-0.8074017447115838,-0.6785674731893082,1.5321956850724199,0.9400659022571209,-0.2765078460146267,-0.4566714322957363,0.41931927789216256,1.680682080767421,-0.21745118979276432,-0.4200665260302077,0.5150489104515336,-0.30926011027113604,0.7495588749794104,0.446696550567868,1.3838220462570647,0.8041228979291138,-0.837073790759648,1.1878156617218736,-1.7572436175923716,-1.6101484818279306,0.03951543597951418
2,2020-02-10,-0.9120012583605838,-0.06594522847167056,1.266680487702634,-0.788569999971602,-0.7450610572761392,1.8231133992772797,13.633071262358252,0.21852238312846603,0.048043663176578044,1.6903861504480784,1.7284684655615785,-0.2768610288819636,0.6708934035995802,0.10287430803280274,-1.0378713738946261,0.4517210085624251,1.2429546590077538,1.8356194997081212,2.044722719208106,-0.3562415114919847,1.1789906643247756,-1.026923387064515,-0.24166416660316614,-0.02542275629734217
3,2020-02-11,-1.1266963017467415,-0.3171167843234645,0.6388114209834752,-0.7064882930770081,-0.7741457810266645,1.5181411950005408,3.7675839104613518,-0.10220142730227051,-0.05733706235309611,0.8931001489839051,1.4085436337846557,-0.5496598619359574,0.3687940067444538,-0.1584187261662122,-1.0378713738946255,0.11731636064230548,1.5537835608722042,1.5011718493855384,0.8160517423644887,-1.6121975887829818,1.157186212863747,-0.7824662429594625,0.15565554957661842,0.01637788169777414
4,2020-02-12,-1.1386238041570838,-0.1276839322950424,0.9873031971643805,-0.5740784970682847,-0.7577871741399757,1.6753608620965688,3.2446901924569156,0.10348014677831155,0.030735407933679373,0.7082641753271343,1.0954926634965587,-0.677755500350379,0.11016449370356005,-0.3821136123505637,-1.0378713738946255,-0.2083589959039639,1.2224617640392177,0.5906263170712861,0.8637671201059886,-0.7677160651631167,1.1498819970428433,-0.4313721416927941,0.6265911492532008,-0.025374287609280337
5,2020-02-13,-1.0830541224042725,-0.3779218131800628,-0.1626513526698068,-0.4351758150447509,-0.7376646137749506,1.3606755763856424,0.6263773515433684,-0.21375753527817884,-0.027610807645623917,0.3064418799005159,0.9285864953572531,-0.8340374720003162,-0.14797192844004467,-0.5050298757316767,-1.16652704314539,-0.5210224278970691,0.5983026169187736,-0.2786847319895025,-0.11439812359475551,-1.0442874508900473,1.1267675007622648,-0.43957358824978454,0.48756253191040466,0.07871669258874535
6,2020-02-14,-0.7931102182381797,0.43647678384570043,1.266680487702634,-0.2633363603409032,-0.6286911020526902,1.6731191439342001,0.7645860208536852,0.7972196932534912,0.6287362632592833,1.7385866766274727,1.570574420347991,-0.7678873253977099,0.9500736631641667,-0.8652260348527083,0.26803802450825914,-0.6001564995820411,0.9555745756395302,0.6074450912394803,1.7435193972148892,0.6759719946766933,1.126303209407296,0.37254573911077166,1.5539291462050826,0.016054202909806768
7,2020-02-17,-0.9430199643271173,1.3881397455689342,1.266680487702634,-0.03117888843988851,-0.4516898617160503,2.251814114549582,0.7614032814123297,1.3353907610278901,1.0905647720457912,1.4859782911180899,1.3482908764883976,-0.4586604417715751,0.7960326818970859,-1.0383881858968913,0.4115900240549968,-0.5336053484218862,1.2501644740769715,1.1288362363132618,1.7196617083441395,2.5037588614596658,1.123124358590362,1.0241288862300386,2.1765690253362164,0.05497262061996845
8,2020-02-18,-0.8561555881214166,1.3881397455689342,1.266680487702634,0.26559455376288194,-0.17870774157338365,1.9895196821397045,0.8090318002549967,1.865694068547054,1.700068668527254,1.48819193499512,1.8370365035661886,-0.08772287687280561,1.9208415556012686,-1.2809165493360533,1.3401917021077252,-0.2679001984961237,1.9316350453738063,1.8251020777695575,2.8379908741605386,3.1869071551608843,1.0925881298714795,1.9801341356995434,3.111685921298296,0.06904149661156288
9,2020-02-19,-0.5793151373075306,1.3881397455689342,1.266680487702634,0.6466545620913018,0.2208363397170153,3.598869053145848,3.7378320704981562,1.715555127857015,2.1647529663083693,1.559012876594538,2.9118158118517266,0.35802676181974485,3.126972784563346,-1.5347672822829237,2.0335801173785044,0.17496511857396285,1.95156988441223,1.4610432552066428,3.923515717779657,3.974296530447561,0.9991592040368128,3.279543339412633,4.352743783771108,0.007460190584283369
10,2020-02-20,-0.936852221632031,1.3881397455689342,1.266680487702634,1.0037409765265166,0.6799581501206052,3.285954513419422,4.0612943034632725,1.8018988336439032,1.7917636659737255,1.1801357743692995,2.6947787745765823,0.7943298910832097,2.433855376837495,-1.647080423400712,2.0335801173785044,0.6720362534958887,1.8770192434740287,1.0744713413018387,3.0437634406707565,3.835201570689739,0.9245123415644714,4.0189215735718085,4.5416526202982,-0.007233304593520061
11,2020-02-21,-0.7381285119563009,1.282070239105193,0.7823949825154813,1.3106708359989514,1.133118790075247,3.4011770419831078,1.6229897464795617,1.5187823574758663,1.4911759883521725,0.9256358250545598,2.72276997691262,1.1818636165062588,2.3504419205583726,-1.7574154144213237,2.1842062499504595,1.177304009068403,1.6330524172230205,0.7534029517962059,1.680892963929171,3.3459563540821047,0.8789124795450519,4.210383451671244,3.9062330448838263,0.05129329438755048
12,2020-02-24,-0.42215769357689625,1.3881397455689342,1.266680487702634,1.5641468235270855,1.613862564011526,3.7418653250854517,1.9278158178286156,1.5385722364269077,1.551890476822484,1.253265104349853,3.428759597973542,1.5864032737555853,2.6927587413325913,-1.8833539829602313,2.4490878425230083,1.6826579949128082,1.5078896207791121,0.7053784260552836,2.3041750856775107,3.536847993318959,0.8008370104344029,4.780903382782566,3.9420440164631763,-0.008658062743114541
13,2020-02-25,-0.6625676641917897,1.2397853727511143,0.009255772145419732,1.7276310572042204,2.0604381582819657,2.2088512897289516,0.22445597234361236,1.4445885560469465,1.0710705443002042,0.65036162459492,3.737937297503198,2.0361886749786264,1.8588629019577814,-0.48836891951416944,0.33508388150789814,1.850258549562248,1.2047005410515979,0.4273870327897817,1.1828637087522678,3.8124717893402216,0.7445106394732502,4.815037605614777,3.2006986615718085,-0.06883760403846005
14,2020-02-26,-0.8395002829448021,0.10872398421056918,-1.288058733002055,1.805097619786123,2.361885634787448,1.3143147228885033,-0.27605605220818424,0.661670819407763,0.6789005309219092,-0.6254142316504868,3.733425664592057,2.338015214722028,1.2528229087296974,-0.49598052880123844,0.003865469823304408,1.7854025254108126,0.19386780907742374,-0.8217336265916186,-1.0716878895335933,2.4582118729735303,0.7426122936965823,3.799405878472762,1.1006589945189413,-0.00023291021416569773
15,2020-02-27,-1.0237645958353587,0.011185740361204156,-1.288058733002055,1.813951531066691,2.547342251289079,0.6983473252265038,-0.5875099367072812,0.5098407788867406,0.5082598052224536,-0.9656685851202825,3.27305684661754,2.6951334518324277,0.852705041662773,-0.4381941589602876,-0.3327780560452135,1.5600246902074126,-0.7591110573960413,-1.6337377662530763,-0.9553816562886878,2.8458332163037015,0.7449285566944844,3.024181333139115,-0.23426265050032818,-0.07019155308088176
16,2020-02-28,-0.930492486946436,-0.9043486253103226,-1.288058733002055,1.711068982849859,2.5622112366805894,0.7734911176436429,-0.7451163233036047,-0.28171358928199963,0.002798034477617816,-1.3826221156209302,3.318397355638118,2.772869780946795,0.4049902063930119,0.49535889393877397,-1.2001285822869021,1.1494870112127735,-1.6954231049128627,-2.161286510133819,-2.4584160551459284,0.6858446017319809,0.7790026466951802,1.6389270559955298,-2.1779118035082883,0.03583205420573906
17,2020-03-02,-1.0375880191519726,-0.5142041861709099,-0.7681230267505661,1.555374282273133,2.5067501216918973,0.8015124773821657,-0.5834388926967274,0.11542365385420576,0.06671807030552063,-0.7291991246257642,2.9950631920743596,2.8768567848344784,0.1979871579134699,0.14959829742529768,-1.3072300265563115,0.6629732447367326,-1.416557298678493,-1.0102783738995154,-1.1790474894519678,0.9545506362489758,0.9154859459233684,1.1354178415276326,-2.467065625758008,0.006488067935537958
18,2020-03-03,-0.9588473040446638,-0.4437749967792903,-0.6097384780948077,1.3978174729751207,2.4125207408010825,1.0952005415086836,-0.7175657504596307,0.18886684265336823,0.15576952624599763,-0.20602498910047895,2.829917561960869,2.8696692855999766,0.6287171845654246,-0.17423773990362612,-0.7966974432261815,0.24902392560357525,-1.0732851546237798,-0.2635531712466368,-0.4692812455471596,0.30516364583818484,1.0578879792415234,0.8630348333566681,-2.36660165066532,-0.010110822773223518
19,2020-03-04,-1.0781943251445256,-1.0465494486831182,0.02114778712609729,1.2243067553467444,2.2825946179112107,0.4458056133595572,-0.6689158763437515,0.019266852134054584,-0.2344979610089755,-0.48171919625706866,2.446116047093729,2.680503382537915,0.3175362719207527,0.035389097250851945,-1.2815410193661962,-0.16211836758644668,-0.6166248141198113,0.1285785483208769,-0.22473993462197359,-0.6895971674329995,1.1937350390847743,0.5544920436170826,-2.338138676194126,0.006030653906225863
20,2020-03-05,-1.045183702276466,-0.9554689096382022,0.35672095665966835,1.089943552947986,2.13967011855055,1.0836376413930158,-0.36384552781754975,-0.28872522826952934,-0.26793796686094373,-0.025294670652420158,2.0096577406503613,2.484970349445872,0.17715674380663235,-0.2093062936225191,-1.165235195029559,-0.5219517425607899,-0.26387313934523554,0.3031981904946591,0.11821434289505556,-0.7068491444360993,1.3286111302614934,0.4200369021547794,-2.0654614374575444,-0.015511702196723404
21,2020-03-06,-1.179542097134213,-1.2291733232168998,-0.07602840143221769,0.9568501651693639,1.9749745625259179,1.297998340769626,-0.2855703195890929,-0.6859828169074637,-0.6007448373408026,-0.5383062465514854,1.5886027535903886,2.2819065087475305,-0.05357554113732194,-0.17781144187674722,-1.3731018402392399,-0.8553895783420856,-0.49254288924147444,-0.3434456800909611,-0.1054514902682243,-0.8062712602548118,1.4477646814259952,0.1544435289038816,-2.03557162152992,-0.05626798019740723
22,2020-03-09,-1.0013135324452682,-1.4506269040973363,-1.288058733002055,0.7692286967571862,1.7435375920521754,1.3768555633170336,-0.24250618875614408,-1.5592496980891015,-1.1153674785106762,-1.8135861055140665,1.6724349299183814,1.852054450129324,-0.3391086326293915,0.575272978496675,-0.3621444432549723,-1.0063376847313017,-0.9735685957115318,-1.0695929042443793,-1.5786637780370278,-2.025952910595949,1.4981529269182585,-0.6142694460194892,-2.733899632901245,0.025007682380935762
23,2020-03-10,-1.0233686123549348,-1.116050758363138,0.016174329214615746,0.5632258989632033,1.5084502253000711,1.7114074720106713,-0.23483808828092276,-0.8936662463555285,-0.9958488930997139,-1.0479346462996184,1.7466887510730482,1.4871495410320847,-0.5883798907408417,0.7833455348592545,0.09909597881334274,-0.9871603313780032,-1.0057562480344224,-0.8297606781215818,-0.6511961231866272,-1.6582104781355842,1.6015426973667433,-0.7767626024530603,-2.4223194239935992,-0.025007682380935883
24,2020-03-11,-1.1726783834735333,-1.4056470343683285,-0.7087770337308379,0.3410759186289854,1.2569560749540807,1.1328310755679587,-0.5871337949018899,-1.216739404168908,-0.8588612267903004,-0.6577641938966469,1.4681341488684971,1.252947229871149,-0.7251790189162278,0.44809713547385316,0.0477224283886889,-0.889955908323261,-0.9407358400395975,-0.532185206959718,-1.009061456247875,-1.1605095724369798,1.6716852712134638,-1.0992465733474999,-2.4027257839379765,-0.02220862015227834
25,2020-03-12,-1.1608348775590387,-1.4506269040973363,-1.288058733002055,0.10422565466598852,0.9867832583693069,0.6728039250202854,-0.5640677082361798,-1.3720054037317115,-1.1178739637849082,-1.0694406243678931,1.2884387559732193,0.9816178687020547,-0.8904968623548174,0.9923285110881926,0.6450178160921389,-0.6770966965338389,-0.7404415112670433,-0.26376830881920904,-1.2297450783023114,-1.4127764369294669,1.7623736610862424,-1.468865978131005,-2.4547148811147443,-0.02190258495793651
26,2020-03-13,-1.1180806611726715,-1.4506269040973363,-1.288058733002055,-0.11775721377458927,0.6993793415989273,0.21834204765878695,-0.7874158440026482,-0.9303133269578079,-1.403196966178016,-1.3675732740304218,1.691156331340152,0.8380097221736723,-1.098551001559432,1.8784707694434184,1.3509853213433631,-0.32358313404613676,-0.8538103321013685,-0.5297381185118095,-1.3013181449145608,-0.8510659555966827,1.7218248769594393,-1.8425605501996567,-2.5021561560665235,-0.024051446320747648
27,2020-03-16,-0.9297245189844019,-1.4506269040973363,-1.288058733002055,-0.3095971370304528,0.39594771038880455,-0.28463304507531656,-0.8082341139912913,-1.1209974485356446,-1.025310365460082,-0.6818371454020243,2.2290361016313356,0.5714178578582733,-0.4117833817456691,1.1522765837736038,0.11433438482917228,-0.10062536251866315,-0.8279102007474783,-0.5282417941989395,-1.3937666892887166,-1.543656815347501,1.637038665917877,-2.218624550356637,-2.543510545036135,0.008813056215815131
28,2020-03-17,-1.0920417474599529,-1.2649071268976584,-0.6150785786805322,-0.493074129579168,0.10994273579340776,-0.3625959753247116,-0.6193059346101085,-0.9060759848364678,-1.1305282484711725,-0.9033395855332511,2.1775831709676807,0.30241584741543287,-0.6482946816673271,1.2111018195584384,0.4388043881133754,0.08303375151495826,-0.5680663002830397,-0.12777509906340775,-0.8629331119145321,-1.517533584955653,1.5389220794018423,-2.2529393381137353,-2.0860051308269587,0.006014233546601832
29,2020-03-18,-1.0183168231046793,-1.0427915373229295,0.4442662036700563,-0.6202323423345975,-0.14134803046426084,-0.014069039105297838,-0.6172103750462133,-0.7660962168403386,-0.6220419701607774,0.048841352066095564,2.1184455230947745,0.06588618425767125,0.08998981892730162,0.7440997870911642,-0.7061294338355321,0.07105488286463604,-0.4796496721107886,-0.11824904712483209,-0.29631300123422316,-1.3346737445458583,1.459956189721972,-2.106414978321711,-1.4604020064130059,0.035871083572977615
30,2020-03-19,-1.0894258565892743,-0.053293788418779936,1.266680487702634,-0.6779304801627046,-0.3198317672522308,0.0083917974303338,-0.3551978799451386,-0.21000110276544895,-0.4214144622108381,0.8009372297081326,1.7799302175729192,-0.12514901657231028,-0.1568365224444377,0.4086866271067082,-0.7061294338355323,-0.03976138979788689,0.19964204774664476,0.6969109797274112,0.869731542323676,-0.9884037542017702,1.4307640666843284,-1.552158598487795,-0.37461072986175736,-0.017774708579526413
31,2020-03-20,-1.1344719773623368,-0.4413332427833166,0.6446562920027592,-0.6966647743859189,-0.458117236051067,0.03659599669720261,-0.3685738398402082,-0.4880486598028934,-0.3475440493606231,0.8974528054629223,1.6421391597119852,-0.31403495006335574,-0.09727309301761095,0.07486442095767873,-1.06958429911862,-0.24293895486830158,0.5570272617711306,0.8909897273752626,0.39854218712636635,-1.0150274230307728,1.3944313753433686,-1.322974118419477,0.027374035311813753,-0.07935147625072991
32,2020-03-23,-1.1251123678250463,-1.4506269040973363,-0.9936325744994633,-0.7287884928344792,-0.6347547023896309,-0.4165293962849933,-0.36506617796669105,-1.5628892161118175,-1.1291211859646413,-1.3666830266959507,1.9309643101604381,-0.5005428232406586,-0.41895049304771187,1.074083593743625,0.0752030999764764,-0.3160791944032559,-0.05118243436690063,-0.38056531531228394,-1.5816459891458716,-1.283184544136243,1.3440880317403128,-1.893751689552364,-0.7994022417934111,0.0353011320301047
33,2020-03-24,-1.1595269321236994,-0.6464427385613205,0.16373216637777574,-0.7850160219894496,-0.7885857493124718,-0.5110434991850373,0.3688459613848398,-0.9214415952503449,-0.967974470770431,-0.7422123067157663,1.6335429844145213,-0.6999601666925269,-0.6141563529675879,0.783722121656964,0.13320992443913263,-0.30876686106336476,-0.6262934914724988,-1.0883917976825206,-0.5169966232886593,-1.1643716304455152,1.3630683807509645,-1.8095981972129354,-0.5206545228570725,0.012508849691708707
34,2020-03-25,-1.156455060275563,-0.20990858419592479,0.648819408375917,-0.8402354951337202,-0.9036153671905928,-0.6421364404462742,0.30957881125414105,-0.6208357533725467,-0.4550479491398599,-0.04591581626449137,1.3812263055977754,-0.8077655675818992,0.04362587939788931,0.43942086381718987,-0.8969959238815408,-0.4055068478810187,-0.8283965050850304,-0.8971971552381437,-0.11141591248591177,-0.7208337203358213,1.342925210560939,-1.5483515442821671,-0.04343500587252653,-0.03171305467963868
35,2020-03-26,-1.2413275195797377,-0.5831154539374431,-0.1687545277003349,-0.9188019225731291,-1.0134433288634557,-1.0901560280150235,-0.2933662658828205,-1.1635690568798724,-0.8600922074158721,-0.5388135400711366,1.1182568622511904,-0.9375397161314973,-0.1922414615582108,0.6432628041450072,-0.48136521070882193,-0.4891388444464982,-0.5918705121424616,-0.25244172817448174,-0.8241643674995637,-0.8347781916962569,1.310188123922454,-1.6216444143713817,-0.14189864124941987,0.008800624579552555
36,2020-03-27,-1.2330358654896507,-0.2735280753246195,0.7070319149412806,-0.9529240979263742,-1.1008084342122642,-1.2152896947556182,-0.39320322707431676,-0.9076462209351395,-0.6739475886504237,-0.27929724482747587,0.8000289724201831,-1.0029929952428969,-0.3660690557582631,0.3527697438574886,-0.5062509003825667,-0.5627465995548769,-0.5224828359555569,-0.16871321034595682,-0.2068466679689112,-0.46275550038065905,1.2599030157190239,-1.5019286387308848,0.056398840551843,-0.05102556075116982
37,2020-03-30,-1.157391021229292,-1.380590471662691,-0.8078413722445441,-1.0034208890702647,-1.2110826248943873,-1.075905058927867,-0.3777632935475063,-1.0179346458658716,-1.5079585312295882,-1.879654951348986,1.2680601604147352,-1.0965300342498496,-0.6655831473718749,1.5990230956724707,0.6618411075567935,-0.4613878221725185,-0.7945429393224592,-0.6741054078682106,-1.1760652783431238,-0.790200769337107,1.1837036930497247,-1.8342944904826866,-0.4339368416014893,0.01476259464300886
38,2020-03-31,-1.2607427096199122,-0.7666508726488962,-0.19435063473754244,-1.0756816771485578,-1.3105459421287624,-1.455236790382632,0.20722031055140583,-0.6894048906604576,-1.0513358726385855,-0.7294328897691598,0.8515653005026667,-1.1811210368384624,-0.8049662803914284,1.241450980075338,0.6618411075567942,-0.2790345934407525,-0.530190358974885,-0.22102199987178098,-0.6989115009281269,-0.7187352023113764,1.1491339995420624,-1.8100942886388847,-0.31434654254792554,0.0008788633933207105
39,2020-04-01,-1.2855816733919527,-0.7284410278366623,-0.12270289786816732,-1.1323044335930714,-1.3912544660291135,-1.1082420778865016,0.05849552873976403,-0.6732292550039505,-0.7878601733873735,-0.37267928034087106,0.6477928687841,-1.2677503768388523,-0.5848587736840093,0.8655112916367392,0.14878266525204026,-0.1422081814689713,-0.37645655268646294,-0.0017822056256064438,-0.4513879788940972,-0.7804461127430231,1.1263671618664401,-1.6993891842462887,-0.09449450817425749,0.07473525915808621
40,2020-04-02,-1.0540873308362988,1.3881397455689342,1.266680487702634,-1.1375302208041496,-1.3782570373421257,-0.599338651082837,0.17927335964267843,0.7556185613208056,0.10807462692972751,0.9687921718463699,1.3511904658890577,-1.3245973424338735,0.5316466016094039,0.2684232622983309,-1.3063949567614883,-0.24389085024290072,0.6485762662550679,1.2714268930680792,1.734572763888358,-0.3054493693158225,1.1772846456784165,-0.8280790418188626,1.1732533028089718,0.007849546326614406
41,2020-04-03,-1.147611429212764,1.3881397455689342,1.266680487702634,-1.025521629444483,-1.29420710256428,-0.14007051431748668,1.5749469833808698,1.1534339910844904,0.8270122494546097,1.3375950279308837,1.0367077684511068,-1.3292402220940263,0.521118612229447,-0.002231158230072453,-1.0620649356970733,-0.42469006009677474,1.4935501404108606,1.985912693912432,1.677910752820327,0.017980744159139653,1.2307886371658743,-0.17777553522239603,1.8701913969521893,0.04995781149300658
42,2020-04-07,-1.0261164977190882,1.3881397455689342,1.266680487702634,-0.8040431261215655,-1.113456414863838,0.6078790537063044,1.9921608588711295,2.0766288066021863,1.4528666750075807,1.4120452281306732,1.1050841071089232,-1.0864515881583048,1.295324394840183,-0.32054920497658657,-0.16247348966288366,-0.5049138459702803,2.232006292795507,2.2729655764714183,2.7336134853510083,1.782770478954716,1.2265077101835955,0.7486245190701865,2.824084873865897,-0.005916415971940568
43,2020-04-08,-1.1610508685483607,1.2644685659735746,1.080225270179706,-0.5078466593800164,-0.8848747490911433,0.04846221244177264,2.0298641710826457,1.8477968351141791,1.375550312572971,1.035556591760094,0.8110622031133286,-0.8878269314776839,1.0798498901691425,-0.5284495944845192,-0.06983990672188103,-0.5142814388679952,2.1749054220511046,1.5566154158339733,1.7852703527387015,1.1952777587753944,1.2439445004699268,1.2213697091563263,2.9359675698456598,-0.006730545728826871
44,2020-04-09,-1.216500555307104,1.1191605747572073,0.8448558916506156,-0.20385688988178996,-0.6434894795060863,-0.4488772668390967,0.49519230416031124,1.7061389480025573,1.2341792786093746,0.7698385121409156,0.5039431349166213,-0.7521642526273995,0.7697220282865509,-0.704256232603347,-0.06983990672188153,-0.4867332115223592,2.0783099795835223,1.1471035785987733,0.9621800866978317,0.9292299689056241,1.2467131311244195,1.390981610082955,2.5903188552171144,0.007504240158137232
45,2020-04-10,-0.8025058262736907,1.2597592659827295,0.4113864235605495,0.07712805629798361,-0.3975336198567457,0.27958016793832924,1.041676651130217,1.3909905726457412,1.309933746340402,0.8497155539635454,0.6249462067925456,-0.5402904027702476,1.2420887465339303,-0.9295575971838942,0.5337756809426224,-0.3579326120255925,1.5497467912730893,0.4657048842779091,0.5655460092216152,1.4770086755875524,1.2367298838602858,1.5196406563481015,2.2550111102535206,-0.10481642263313524
46,2020-04-13,-0.87751469706549,-0.6134265601707418,-1.288058733002055,0.2207394961896246,-0.2687769089471726,-0.42535364193956027,-0.20994769649684353,-0.42172421028020113,-0.06251449755667174,-1.2926556185669458,1.5594024199407492,-0.5457259692016438,0.5209978548558287,1.3876450994221223,-0.6704001133426588,-0.3568916180956363,0.2918847958055712,-1.0516712981374825,-2.2258035886561176,-0.052743388007145404,1.2115004188785834,0.4882245977496457,0.3214501793511094,0.015904907839664514
47,2020-04-14,-1.1492793596303068,-0.31774457902752573,-0.9371309598201446,0.24397723885345332,-0.20201011098009342,-0.04764659846070324,-0.2108438507044744,-0.158739682187317,-0.3364027075150092,-1.1048801682856653,1.242823486108106,-0.4699677620640464,0.22907966036441105,1.1703931060466615,-0.547167918518337,-0.4038338168059424,-0.7029028650414674,-1.732691099485239,-1.5846282002547152,0.827314104959032,1.2030352974404506,0.004165726122426018,-0.4396546209379728,0.025043044965663234
48,2020-04-15,-1.0197327640346798,0.14582565613994392,-0.3274966165059797,0.21646844933007287,-0.15015010174742913,0.6558089492280903,-0.20741396553570016,0.2639140236762441,0.291683428527816,-0.22609741390238342,1.453325704737268,-0.3775631327303068,1.472381714397418,0.6317815915039215,-0.9135278847313953,-0.5228129825594419,-1.1188124347568758,-1.4125474012295502,-0.5348898899417216,0.9677849868760866,1.2024853558064237,-0.03524443835642606,-0.41023492308107545,0.017704398153910225
49,2020-04-16,-1.1758822498151442,0.46982381792411465,0.1180795445097028,0.1422225462356597,-0.09059849534452157,0.5424170658660493,0.2513837799411798,0.5691639223554825,0.2788038972501113,-0.06966405329431617,1.3161456698956897,-0.24948759869051218,1.0224397741990487,0.26261117155253205,-0.9135278847313953,-0.6688331179459015,-0.5414422688149457,-0.03410644461317023,0.21960952059574243,1.2008259393325598,1.203478564303675,0.1277691448124771,-0.0961151773928587,0.027690800145185983
50,2020-04-17,-1.0160969157144246,0.9654518166880758,0.7020282432285179,0.1647713341751433,0.0007047866165167035,1.1934146067527518,1.172325132842163,1.0575637602422647,0.8031317535591336,0.8471957777980179,1.3430146822064084,-0.21823309170998095,1.6623454057895084,-0.09725760911214605,-0.16853041564646462,-0.7122320121513948,0.3412928299431735,1.1421250301604617,1.1202372754665495,0.5589592787221948,1.2030661092225727,0.5121228936028501,0.4729195635555945,-0.004474280394921189
51,2020-04-20,-1.1528192119553078,0.8115960680937674,1.0823950077467894,0.2654624480172774,0.102173705330627,1.182913677304982,0.01898350370061909,0.8149292253946631,0.5929782641494799,0.982505537784883,1.0625232024492632,-0.20215287435043333,1.2483611471946332,-0.06554458437291212,-0.45261131576635144,-0.7395771894038594,0.950556564858355,1.4121971103516187,1.1053262199223308,0.39574694909574254,1.2008257832852782,0.6839859050393046,0.6231119715635103,-0.021867538026743887
52,2020-04-21,-1.179050117658535,0.31001917013079,-0.051808201021821494,0.35408121192509207,0.1813408862986195,1.2640750829005196,0.536294159649914,0.3727951841168174,0.1063964242545984,0.17132147088221877,0.9495774971976527,-0.3147143958672788,0.836075378043537,0.3617073512455784,-1.1393014145458897,-0.852818550404708,0.870758640876731,0.7006639738639058,0.1420720317658054,-0.51648014650334,1.2365557496891573,0.542930073184035,0.29406363650702977,-0.009481311714519877
53,2020-04-22,-1.226112154331937,-0.22664609519527382,-1.288058733002055,0.41110141932450806,0.2327597566686448,1.7058289308380712,-0.10140918833041333,0.18407943479090538,-0.23196578260488898,-0.5672801166793948,0.7369882360177794,-0.4405251105606472,0.5076947716386069,0.3097120550794659,-1.3635933493607084,-1.032100783010689,0.12725552817557242,-0.5573600387015347,-0.30525963456075433,-0.5600722825318456,1.2469962655754372,0.3468860320410518,-0.048111882083788686,-0.020347141330869598
54,2020-04-23,-1.2293880176699887,-0.7739184461643882,-1.288058733002055,0.369094551401676,0.24374340578066364,1.0788671632421134,-0.5327328375691099,-0.5902593996968695,-0.5482887316235389,-0.9352977433867288,0.5633217541334365,-0.5784526087573416,0.2123327757185335,0.2682294933856862,-1.2133324883204828,-1.2093655982855198,-0.8930113313461775,-1.661092446161412,-0.8480220563703135,-0.7251551744494039,1.244569383308368,0.020063104855709314,-0.5095884228600155,-0.015395685477973441
55,2020-04-24,-1.2112207755681197,-1.1683779366543863,-1.288058733002055,0.24435344906612078,0.2144694505355812,0.45406366035978385,-0.7381924150065107,-0.9353861087473336,-0.7120342440075167,-1.002398150019925,0.5286458736940978,-0.7680179880523061,-0.08087806923240538,0.3620163156777487,-0.8293861975457025,-1.3172759999658605,-1.3983084345085628,-1.6630085248200346,-1.0836167339689684,-0.9977667376716034,1.2522829071158952,-0.3197164218031325,-0.8973691547094211,-0.08411776012866627
56,2020-04-27,-0.7893543749238567,-1.4506269040973363,-1.288058733002055,0.025679884491303397,0.08267876067939324,-0.3633804753215236,-0.9412804486019324,-1.302608533275299,-1.7331790378403642,-1.732452304954457,1.2558718232329318,-0.8357360865101238,-0.4977489858840981,2.3023572230115037,0.7754498337980298,-1.155888923726946,-1.646392022954804,-1.398980630407045,-2.7268150549418646,-0.7516320916066254,1.1667002407277378,-1.2811946687279394,-2.100056680912702,-0.035288595219338525
57,2020-04-28,-0.9605752319592405,-1.4506269040973363,-1.288058733002055,-0.25767549552589686,-0.13397648148030122,-0.4784436579448985,-0.9412804486019324,-1.0323472302934493,-2.0212144331690105,-1.3198434771101497,1.5464511506994274,-0.9793256330728595,-0.7762128111242785,3.0086816489745436,1.3235503163456852,-0.7933998944141294,-1.4180646992832746,-0.7753261483766207,-2.8610145548398322,-1.3512341496432694,1.082695938302282,-2.1052402530399275,-2.8649189252904566,0.0006355259190707615
58,2020-04-29,-1.082358151438679,-1.4383773884086015,-1.262340813665417,-0.5475098996067086,-0.38669891355197805,-0.011299340106250716,-0.8246645259999724,-1.0252733371492047,-1.4982320798910755,-0.8029039234480962,1.088659393983055,-1.1480546743807991,-0.9116568760351077,2.502919522329932,1.3235503163456852,-0.3578987689900667,-1.1567656004089195,-0.40001378589526976,-2.100550722084681,-1.6264786857229763,0.9955989672217054,-2.4969598159173265,-2.8561946840195844,0.041076091840895515
59,2020-04-30,-0.6585238328917039,-0.5725803345836816,0.8236675854295747,-0.8001893044396112,-0.6063144783664969,0.3292770124633876,-0.5211244206781313,-0.4169655814657242,-0.8857045753045413,-0.3280993413031171,0.9704864597093399,-1.260502954930324,-0.20911424488044877,1.9134324541725176,0.2995988289759125,-0.06432302956904064,-0.7035121802280176,0.04055821649388809,-0.37385049006416016,-1.3630522030227679,0.960388506602027,-2.2562930742992973,-1.941410075090629,0.0012187691941296472
60,2020-05-06,-0.8965339036252407,-0.5471344484169041,1.266680487702634,-0.9543772218254079,-0.7881837895364836,0.5059685331812194,-0.222969163986616,-0.4008258119636642,-0.6772783212520668,-0.09101275081690406,0.908303826115231,-1.4262877310879265,-0.3070049633485453,1.3773903895840591,0.1255043825060949,0.10845694066713565,-0.2510443224475771,0.3896722614438853,0.1331253984392742,-1.6609628852057838,0.8983068893697939,-1.9924213196778082,-1.1762710532615228,0.023473843396242002
61,2020-05-07,-0.7825506587602109,-0.047000962019648214,1.266680487702634,-0.9912603169300732,-0.9100228815233549,1.1832384180448827,0.26245422042779115,-0.0861003066735417,-0.26281376485286895,1.2468492882119886,1.074262471441839,-1.550739554173445,0.690162437386484,0.8251618371255839,-1.1885882983076423,0.0211797081671292,0.5144103259486968,1.1020403070138998,1.1321661199019244,-1.346207292657254,0.8606456627140121,-1.5246885331718396,-0.2715125935186209,0.005043772745729109
62,2020-05-08,-0.9516956023982213,0.06165019890737564,1.266680487702634,-0.9488992408632324,-0.978582298351013,1.3849385909008738,2.4831127477632404,-0.017506286289796162,-0.1523534965165582,1.189882917854127,0.7145035382931008,-1.5947902904612292,0.4120707496646625,0.5173259051549073,-1.1885882983076426,-0.19165509858524996,0.9572600265600505,1.2354263689936775,1.0963795865957995,-1.0347007345337784,0.8460707060190669,-1.1203503089658025,0.3612898088945266,-0.03554591092497085
63,2020-05-11,-0.7934462042215696,-0.4920181532526335,0.30279786167310735,-0.8928642643242071,-1.0396823381672298,0.9797342610949911,1.60580292638967,-0.4936294866004972,-0.3221973422501406,0.32350754856648056,0.7358732025878425,-1.6770032327361075,0.07006038470650588,0.9741361299462499,-0.5230852385718955,-0.3578283235749692,0.6972700365958401,0.38451123091341927,-0.153166868009724,-1.3365335420926792,0.8124904124064896,-1.139582961737984,0.2594859071000051,0.03791067702845251
64,2020-05-12,-0.7971540495382655,0.36932093187796333,1.266680487702634,-0.8170631505022515,-1.0514424589270046,1.282639099317198,1.86003954414619,0.09374820749839795,-0.14092983654846272,0.4722983197409621,0.8428459132534116,-1.6948953055727831,-0.24927049889733,0.6545822075838156,-0.4080416305785974,-0.4704927776849293,0.6330333965870583,0.22074175808424795,0.6222080202896463,-0.6508726193275155,0.8120615463832598,-0.7497842355547034,0.7652168225591677,0.012324099645148693
65,2020-05-13,-0.8159572651086943,1.0071031395503363,1.266680487702634,-0.7249213313348912,-1.0150634166208343,1.5894876434364338,1.719700246562652,0.46010347173819954,0.1883963695309491,1.0754334815757347,0.6264374314983764,-1.6627348708536838,-0.20312799880075078,0.3269841884789301,-0.7220997637465999,-0.5907113458674694,0.7196578446476433,0.47277512029793906,0.7713185757318328,-0.31033324750946173,0.8333362307161103,-0.35855845083313553,1.1718501305760018,-0.012028896690975243
66,2020-05-14,-0.9857141832164504,0.9210464557800377,0.5930384941428495,-0.6324665873476147,-0.95840949179707,0.8780864002582052,0.3320398697749444,0.39416299911985647,0.24328999813527613,0.6875966923917524,0.38140906329322766,-1.5201644929968408,-0.40592787389236634,0.053283919764703286,-0.7220997637465999,-0.7049702932149726,1.2404080481428017,1.195936087024182,0.24943163168417976,0.6207723835753771,0.8228060596031646,-0.20960050335891553,1.1493756743035013,-0.0032520353863773432
67,2020-05-15,-0.9753946137266173,0.9939580791392466,0.4021909315418309,-0.5110540378716092,-0.8913512260788591,0.3395876206084014,-0.2900486373125587,0.42943314977041835,0.4149668641243301,0.6073169683179626,0.14584049838561236,-1.3020623899370412,-0.5298675665790927,-0.184590379003524,-0.7952209541730075,-0.8171177567113145,1.1622230671423455,0.8420268724379024,0.13014318733043048,1.0565969775577961,0.809432923698475,-0.13195302424016683,1.0290282770569157,-0.033727978675036414
68,2020-05-18,-0.9702228294822939,0.15939658543637486,-1.2657253117886924,-0.4409711160972611,-0.8506141805210604,-0.16895211449004363,-0.580097316019553,-0.10816358741929666,-0.11558186391638602,-0.9430314380192376,0.1623051587007532,-1.132767143792499,-0.7377515122234926,0.658043416372588,0.21686015567320677,-0.7770727020198875,0.23098275066627652,-0.6450400059071105,-0.6959292898192831,0.5896572607689669,0.7811123707851074,-0.3757496119032453,0.47130994163165835,0.026893900672622834
69,2020-05-19,-0.8991377949965126,1.0293254821489946,0.38448502781189003,-0.4037904887174527,-0.7980687464231252,0.2760227281284423,-0.1864361039933646,0.810421261359243,0.5037861032678996,-0.14950524943080906,0.2581637074883966,-1.0026532723409354,-0.5909905092591462,0.25139692322517515,-0.29858956589551006,-0.7349473391748369,-0.043387401147104335,-0.6253044314661642,-0.04282505698250596,0.4015751850551236,0.780656147249984,-0.25596882440930135,0.547059032881061,0.012444605048083746
70,2020-05-20,-0.768787232940631,1.3881397455689342,1.0643866396980213,-0.33975504166834963,-0.7249441362100952,0.7983094624522716,-0.17470416075360015,1.3722059634962493,0.9734761433554883,0.8963543145702193,0.2953046757561221,-0.8529487135428845,-0.10791892536848875,-0.08915944108032056,-1.220055797560535,-0.8244495696745082,-0.122502019810008,-0.2522391183855743,0.3180224871875855,0.550230156535719,0.8147327585757689,-0.049646866858004256,0.731890163861598,-0.03201470124218097
71,2020-05-21,-0.8456680256398884,0.5520027917936802,-0.5569197814343972,-0.32182118787796943,-0.6717342483271587,0.06279025829896138,-0.5865840412433716,0.1773430518182708,0.1770062002414021,-0.4518568007931787,0.39691903337320616,-0.8031226879217466,-0.3979843924482599,0.4427383295594721,-0.3934643486117109,-0.857859945488734,-0.09583968450596725,-0.07275703537979718,-0.4275302900233473,-0.16856640943607407,0.848452182590816,-0.2056805601553056,0.35958512265375675,-0.05918145571581941
72,2020-05-22,-0.8125494072771678,-1.4506269040973363,-1.288058733002055,-0.3688347753384859,-0.6870084525747613,0.025510290566087137,-0.6147670369024164,-1.403105498041447,-1.8239380786328578,-1.6785108804873552,0.6543693977771473,-0.8738982924972217,-0.6837275719408976,1.7633015482696903,0.7608030122159015,-0.6980204510627762,-0.7644005948014373,-0.9916570273938105,-1.709881066826152,-0.9522337118893295,0.8290701986841209,-0.7970733078823611,-0.5632269363378436,0.001289490829871692
73,2020-05-25,-1.1537671724084435,-1.3936667457793466,-1.229465235390962,-0.49756723981742457,-0.7386534444948829,0.023384141546536244,-0.4255195522119032,-1.0475592305947905,-1.87261311291477,-1.137574404521047,0.4217300329549553,-0.8649522560788859,-0.8450917460858728,1.7046073605104954,0.938275400201212,-0.42773890501801143,-1.4173071784853735,-1.6517653108849724,-1.2804426671526548,-0.508937757703393,0.8221433664546416,-1.100236179410852,-0.8877159072881852,0.1013253233533405
74,2020-05-26,-0.41097416012977467,1.3881397455689342,1.266680487702634,-0.6260367296889003,-0.7059456999380439,0.31179000266917944,0.26125566988795,1.6176630382510842,0.34554383408120803,0.5132179707103937,1.1200080117712685,-0.7885146031373654,1.4103623126957432,0.8710233634973156,-1.1326850499458778,-0.4136580339885535,-0.40088290774475305,0.30812452148855396,1.4840670307454846,0.29354399795386427,0.8521239820889669,-0.32574436901705733,0.3996912210174419,0.011001848087624213
75,2020-05-27,-0.3103463581044941,1.3881397455689342,1.266680487702634,-0.6437945932555719,-0.6081268609874836,0.7218468340307939,0.5388619246200007,1.4852951239948797,1.4378458782528827,1.0818877766614838,0.9272588526568174,-0.7282704085227211,1.9979924366062374,0.4855495267721534,-0.4899947972990642,-0.4412938091795793,0.725390111175959,1.7455937526701273,1.6391420084053585,0.27628680573686,0.8666301283806102,0.26846074321008484,1.170811184524579,-0.03307779978682397
76,2020-05-28,-0.5837189535898198,0.6350065019915161,0.48009124265176223,-0.5250631925647468,-0.5071830384211253,0.028751967759822417,-0.257954423334288,0.6898105271541047,0.5319765438568931,0.5585331082171505,1.046285540637029,-0.7052824921566027,1.3720319682476565,1.2478700183224782,-1.395430771495285,-0.6149592794246543,1.4028420778847468,1.8373365291488555,0.6729056091399896,0.004620567495125422,0.874328949398398,0.3165466215970389,1.0037403213462788,0.01242251999855711
77,2020-05-29,-0.719061307398923,0.9196176729241873,0.7266297301540643,-0.30428924281376646,-0.39466465351387786,0.492789695001554,0.2989112921346045,0.985477368457758,0.47628472327534604,0.48898811607048237,0.7352629473450859,-0.6670070452021801,1.001960047147906,0.8723803472926804,-1.395430771495285,-0.8489529230446431,1.1563341463310655,0.766194376689142,0.8786781756502071,0.20637860038614178,0.9104630401262146,0.4543709771163598,0.9989052972908428,0.004984616683494059
78,2020-06-01,0.23535487641776728,1.0380220825074078,0.8264433686794913,-0.12598295289338793,-0.2741265471600479,1.4134319107103068,2.343937130265802,1.1051520423187564,0.273558544954052,0.2265801977093335,1.0041362699387006,-0.5539925598160567,0.4818301449434958,1.2804712953046566,-0.7036665514639724,-0.9975938844900608,0.8459084723166324,0.15663662916688928,0.5446705314597092,0.7184382857818967,0.9512318804148666,0.5723223689551676,0.9665091774906174,-0.018300392659266338
79,2020-06-02,-0.23635744476227138,0.5889004670562886,-1.288058733002055,-0.029554192536868088,-0.17289575104744995,0.7587883686440314,0.34390918821295235,0.6686914670609861,0.29140306291424434,-0.5112989958497679,0.7878254303580623,-0.5169627635021677,0.17675708655613914,0.8654671439778001,-0.7036665514639723,-1.090553603075358,0.5419343377004712,-0.04701709694024785,-0.37385049006416016,0.12256453383913506,0.9597752650860718,0.458032711589664,0.6072048658922367,0.035984575788484977
80,2020-06-03,0.42019516527984957,1.3881397455689342,0.9594861359224146,0.08840651299674789,-0.05012668443339256,1.6284369692269958,0.5772361364824374,1.5345729308788219,0.9249335999052751,0.6415324277642037,0.9670945150889609,-0.43282472478284095,0.6486677116276981,0.3681042545386123,-1.2946973517763545,-1.2304173657494981,0.7816781624891795,0.536859497079551,0.6371190758338648,0.42957095904262543,0.9638809697109425,0.7119882623030698,0.8483859586890561,-0.04255961441879577
81,2020-06-04,-0.002739190811617035,0.39407708293695043,-1.288058733002055,0.170345066651177,0.035002391861767006,0.8962019761180341,-0.23412619890130718,0.5138183597114547,0.29143266710935356,-0.6187358097717411,0.9379459838264627,-0.3613696744034346,0.26806326974334566,0.0012385329942012633,-1.294697351776355,-1.3827943131486282,0.4464249975137427,0.09130829783253258,-0.43349471224103475,0.2911511072009112,0.9617074005592218,0.447826153228572,0.29756090832797555,-0.005713442094538593
82,2020-06-05,-0.6571678894587374,0.2714318161903396,-1.288058733002055,0.2026748796928126,0.08717045424530884,0.8293975101424624,-0.21903240986810837,0.3800643124550373,-0.07356736148741728,-1.1920298966004261,0.6342109853969516,-0.22378189910870572,0.015272468796431791,0.05027311180933776,-1.2153464245172598,-1.5179863851255322,0.3244202187955229,-0.04185921335761947,-0.5348898899417216,1.0083172418259856,0.9567579322869673,0.2251110778267856,-0.08360095326108376,-0.025658096614199447
83,2020-06-08,-0.5531922270989644,-0.2638134885695905,-1.288058733002055,0.1612667802682242,0.0911249518729947,0.6366023924675119,-0.46530846024592915,-0.2112693701522641,-0.4717848503319685,-1.4466591568883909,0.5386212316672176,-0.11246602823238983,-0.2531408542169916,0.2898211442755331,-0.6957405803574692,-1.560491662515335,-0.8799460604530287,-1.5514687415548256,-1.0359013562274686,0.6420771702632555,0.9500709703142499,-0.13969987653909186,-0.592512374408864,0.014437357203662184
84,2020-06-09,-0.7659433515812235,0.11206847555742575,-0.6271262427288832,0.00799406531804491,0.08099005791207149,0.7366354045297961,-0.5996670789854988,0.11959590463991737,-0.5217159551278605,-1.0310070465805816,0.3794626083231033,-0.16217881288620326,-0.47183485846946327,0.40390822197728377,-0.3312205535005801,-1.501108258416016,-1.0084008730364382,-1.1992639010308572,-0.41560144558797235,-0.4737835483440199,0.9401412346402289,-0.21776330240257455,-0.5880087796028912,0.010617421141859979
85,2020-06-10,-0.7189053139066349,0.3925296300099593,-0.13984613888876288,-0.1578129147777358,0.07475738749082748,0.7175460906878829,-0.3321302124704692,0.3659849390596282,-0.2073578941456447,-0.42323360000236926,0.2808963428221709,-0.23034987521330696,-0.34801794191994373,0.07993543781178492,-0.7699792105049761,-1.4561312785621283,-0.697093879656782,-0.22618033404375454,-0.03686063476481849,-0.47850827423921766,0.9373471686833388,-0.15175152294933147,-0.3775826029680837,-0.009398280484915573
86,2020-06-11,-0.47929930975199597,0.15008565595574705,0.3674665421459302,-0.29184250926606864,0.06276953036588816,0.16244680254106944,-0.7413064168178778,0.14775465143074065,-0.22582931063264,0.04231600060658549,0.09778603518546543,-0.2450712009650045,-0.3265926140837932,-0.1768371387816985,-1.0533514614670734,-1.4619235321491588,0.05136120214278147,0.7526656772769027,-0.021949579220599837,-0.18406320397898843,0.9298811744543733,-0.18122098860963445,-0.34630720485702354,-0.005191643971182316
87,2020-06-12,-0.5011383986723407,-0.9313191896323947,-0.14910687919557952,-0.4018190662214012,0.04387309844638613,-0.313009701139052,-0.7135625823800893,-0.6459926448368275,-0.9924265253786808,-0.9045299061417071,0.11667142980072097,-0.3112039258803392,-0.5652186840162997,0.42243982831250365,-0.19392463400936333,-1.3725974536679786,0.40956900384400335,0.830582092364476,-0.07264716807094326,-0.4037510260981499,0.9205050698053462,-0.2289942548208398,-0.3475624168358769,-0.011703244140570819
88,2020-06-15,-0.5856988709919391,-1.43080081750188,-1.288058733002055,-0.47278103530861937,0.011354948392626601,-0.6503517217275726,-0.718004548126621,-1.0015239683924326,-0.6796607710886076,-0.2448812646455561,-0.004833262058410998,-0.3985127116846481,-0.5317692714525261,0.11527172131279731,-0.4989305822273167,-1.284815432688229,0.14672509389790336,0.016484137133072698,-0.2843841567988482,-0.6083462318407028,0.9133147740548293,-0.342894258594298,-0.4434930527948743,0.029306126585499487
89,2020-06-16,-0.24064126605049282,0.10632403458555864,1.266680487702634,-0.48683118502246264,0.0036123975672939256,-0.1894215463163431,-0.3931988300352446,0.05467434953885394,-0.008212346150138028,1.273278635769747,0.07771694175855619,-0.4068925432663814,-0.271042311112199,-0.2201383740799019,-1.1681606551804684,-1.298857146474534,0.49874109077617484,0.47309676264104067,0.4492397759767098,-0.015542286262798391,0.9118354847838662,-0.1269940965406626,-0.04680176983434719,-0.01180222505662798
90,2020-06-17,-0.4779313668196227,-0.4516641885963254,0.3276473031105944,-0.4863469896282717,0.0006377562167691613,-0.5904930241285881,-0.6408020901768905,-0.3497165418738138,-0.20808774447976816,0.49033362779861495,0.04309488872231199,-0.472572304312426,-0.5061769230707402,-0.39291464104261875,-1.0599354543180013,-1.3485231919323382,0.5732387334512851,0.5420168107391939,0.08541002069777451,-0.6105379175653337,0.9072488257434532,-0.0887366543708188,0.01554100958064429,-0.009789004445359453
91,2020-06-18,-0.8248248951703067,-0.9089280062483149,-0.4080818657172627,-0.47067999846012637,-0.007876496756515824,-0.861306746391888,-0.7805448453987184,-0.6815244527765152,-0.528145816769427,-0.37830683332105264,-0.2110927399056829,-0.4673632198156708,-0.6611102397854264,-0.5739929003561315,-1.0599354543180017,-1.4123105457565963,0.6878104479198645,0.5317683071511594,-0.11439812359475551,-0.20558201674600476,0.9020932214457544,-0.14047269547625396,-0.0637725006106525,0.007350722225463303
92,2020-06-19,-0.6490082298621251,-0.4896945120021335,0.323179746933711,-0.4541132352456501,-0.010417679282046769,-0.5879226081741545,-0.5982309478964942,-0.43266851959948704,-0.44845430493663624,-0.2196100204299644,-0.3173757058642712,-0.41900932676970337,-0.8260083172428233,-0.5073341491987521,-0.7143169869789477,-1.4296170775959898,0.13177268592544178,-0.3259485505789493,0.11523213178621182,-0.04040812898681008,0.9531046689025381,-0.09188915792046991,0.016787774524141184,-0.0033623751684043832
93,2020-06-22,-0.16878826360267743,-0.6643021090707836,0.004297611527188109,-0.45310192590491866,-0.011235064203259393,-0.7551021768419209,-0.6288305183470722,-0.5467274889722978,-0.013406382891325045,0.3956224113647465,-0.3952119203386103,-0.3306813722595059,-0.49197961292877174,-0.7113630115755293,-1.3229804275287669,-1.507170772002909,-0.24880471200046414,-0.6836871035182577,0.013836954085524943,0.24651495823790404,1.0088254013643838,-0.08008165602444094,0.02844314197976915,-0.02166596664424506
94,2020-06-23,-0.04957323699629031,-1.4506269040973363,-1.288058733002055,-0.52617391354514,-0.031435960310662724,-0.9214367472365328,-0.6681335084082706,-1.1724428381961374,-1.2551084887076838,-1.3981708051444386,-0.3460334383920944,-0.30361678106984136,-0.7093379399098207,0.01987513356436367,-0.3349014496001949,-1.470538242799956,-0.6992368651480944,-0.9407357991537938,-0.5766408454655338,-0.21491677766593287,0.9864098566704591,-0.2516238471457181,-0.2254353033842257,0.012746947040079053
95,2020-06-24,-0.32118190606881897,-0.2080627531008381,0.5824927077425326,-0.6023710349754168,-0.04794568557339939,-0.8062400263448811,-0.6791225171508671,-0.3072554982754903,-0.8741347926675196,-0.737716363066485,-0.342641444294871,-0.2745138524684077,-0.8921407814132158,-0.27218879038438343,-0.33490144960019513,-1.3786378467922078,-0.7248294123296802,-0.6428988799305794,-0.06966495696209954,-0.18815947206086905,0.9900587118325455,-0.22428929699549366,-0.1430458822413244,0.0009263548601306608
96,2020-06-29,-0.5882547643655838,-0.11532638331110115,0.7246180624050003,-0.6578747741052247,-0.058755450033596016,-0.7702567466643054,-0.4507177128168187,-0.22592341184953282,-0.28094474251798157,0.06213921352978805,-0.4909211731481712,-0.2702106957102165,-0.9405642276175845,-0.48085752865719517,-0.4851322604037399,-1.2871138729602338,-0.6165532511768488,-0.29944632410782274,0.02576579852089987,-0.05762043395003615,0.980050348825107,-0.18139552018223454,-0.054798714368749266,0.04141441159919274
97,2020-06-30,0.830266058007245,1.3881397455689342,1.266680487702634,-0.6268361394598168,-0.020960275894162005,-0.18265239278338735,0.15835848362584723,1.5933733015115303,1.8445191620780446,1.6892178958875774,-0.19251577529754868,-0.18788451246801777,0.2784042120448351,-0.7941890977007025,-0.3474751212079444,-1.1839447115239106,0.4426790326186549,1.1565781712548935,1.0874329532692684,0.5487077469114299,0.9832443076006228,0.2337770258651461,0.5502138326501239,-0.0005924170789376312
98,2020-07-01,0.14604260233308292,1.355432590734896,1.2295172930888218,-0.43264902512729575,0.0448568191908928,-0.3910539814205096,-0.36069437490588296,1.1766752591674512,2.0433368444336177,1.3396492055473963,-0.11916509773218721,-0.07475678611457383,0.32047892140398243,-1.0137900662178225,0.014543799662107818,-1.0324772377432156,0.9525000286426419,1.4043747088409306,0.9174469200651756,0.697475150562234,0.9901604503608198,0.4773331409187952,0.7878645008657514,0.007674181700565102
99,2020-07-02,0.14267074299977694,1.3881397455689342,1.266680487702634,-0.14365782741217464,0.13293419974870765,-0.13935314829048934,0.19656950027323644,1.520775144951318,1.5920475465402368,0.8930799945218194,-0.22945327554048212,0.0031529994021132347,0.037968175621701045,-1.167852303269916,0.014543799662108156,-0.8687324596056528,1.5693097201620205,1.6412913614392288,0.9442868200447693,0.40935172772781087,0.9850703798522484,0.6826778424787532,0.9231316645945722,0.028121870571351987
100,2020-07-03,1.1994066582581042,1.3881397455689342,1.266680487702634,0.2444434168860496,0.26033479404247584,0.17329907271247424,2.1609207986326875,1.1792134037411952,2.354889960467728,1.5766696767205788,0.14608139204257684,0.1588593294681749,1.8130909975400251,-1.389751536670929,1.4575941723181294,-0.5096801005894837,1.3565853566800221,0.8896383820185675,1.343903108629829,0.9460257207546962,0.9786831066560712,1.0491701004625906,1.2626764525805723,0.05964879859853293
101,2020-07-06,2.304740546113902,1.3881397455689342,1.266680487702634,0.6242171402452604,0.4715203749949994,0.6810129745323816,3.1202041440332526,1.8126223179079095,2.5008496931490045,1.5752732552636592,0.6334532416988342,0.4281463497569545,2.5258486240234412,-1.590104673407763,1.9721491069458033,-0.008116969505117004,1.6018301276001712,1.0721205542107495,2.492054385534666,1.9320269871862235,0.8701026834806949,1.8181564986968737,2.112101961993194,-0.012193620800724704
102,2020-07-07,2.8813764901068497,1.041723009220811,0.1973334422140292,0.9662858220906309,0.7052797571532823,-0.09443043397383927,0.06675191212050982,1.2090037671316656,1.9274416804492938,1.1456596276251183,0.9406639010663674,0.6541753205292054,2.3152253402932716,-1.7360658193732883,2.1424074646819866,0.5490932296351132,1.3939698103327998,0.7668136134272151,1.454244919657047,1.64754388807816,0.8254163445069713,2.088863155870616,2.076350237637095,0.022109285588100967
103,2020-07-08,2.2349394580646464,1.3432722691243137,0.6307717470909636,1.2794484637675356,0.9617659443107679,0.364118923712481,0.20475557757345497,1.6709859310055797,1.5329057848688175,0.8915898521120255,0.8341146722559939,0.9196121479290799,1.713779899723755,-1.8242833500922466,2.142407464681988,1.0892082431597443,1.5934953771141411,1.0323212318405686,1.5973910528815463,2.019408272071395,0.7888953626313882,2.392218174251304,2.0946163383363423,0.09773148849333521
104,2020-07-09,5.210875308443815,1.3881397455689342,1.266680487702634,1.554364825028142,1.33320373088369,1.1364686552815815,1.520925642602098,2.0766288066021863,1.9460613076960893,1.7297343828571998,1.644049996551961,1.3906945719834665,3.962312123658479,-1.9581975844312256,2.7175445521536146,1.6571822477575866,1.7096835841736466,1.199025355784166,3.6282768180041276,3.8945172682327165,0.6362510680740708,3.526765203579553,3.3024246401103854,0.013690618543086442
105,2020-07-10,3.7807389706452206,1.3881397455689342,1.266680487702634,1.7827714548711349,1.762250625680236,2.334101385718556,2.009838195348504,1.5444639864742578,1.8994658828999602,1.4357576968881887,2.0403427157712515,1.858153285083601,4.605050359921504,-2.043651314246593,2.878462464986599,2.2155760732936485,1.8538474481349034,1.2748908839376911,2.924474996317007,3.9102471736603177,0.5326461868062299,4.220964768801263,3.6365422776470853,0.034465959797472565
106,2020-07-13,2.4444387182076674,1.3881397455689342,1.266680487702634,1.9849597624164819,2.235630902289057,2.671963500471735,2.177155508986411,1.8125170521628136,1.6974384078811249,1.1816281133981115,2.0805557969076927,2.358112155804784,4.01247717874356,-2.100617705003045,2.913883379180682,2.728467224719038,1.9085750713211402,1.2472515524148813,2.873777407466664,4.479062777780582,0.4395414617594204,4.863494244657271,3.8296627752825736,-0.07139921484315495
107,2020-07-14,2.9804923552068754,0.21781042495841815,-1.288058733002055,2.137663852204446,2.601114601621471,1.7548640144892016,0.35112233105451995,0.9447212875762999,1.0242570794621964,0.36654864147915467,2.655583212856653,2.632268537688365,2.7335780262995946,-0.263425537031214,0.5031220585805137,2.8381267692835825,1.2184618250797319,0.19708428075205525,0.21364509837805495,2.639261546827982,0.4542714642733813,4.232498613607275,2.1559843276897563,-0.0702312617380981
108,2020-07-15,1.935695941858297,-0.7067011375975698,-1.288058733002055,2.178422162513286,2.7828111916375042,1.1630410568656495,0.5076583997964513,0.1417689450472632,0.49239110522443896,-0.5958789551446877,2.9214708717339484,2.7836717109962197,1.843596454157624,0.7383359981973742,-0.7702370999069731,2.554495400588869,0.1340075749833269,-1.072379247832063,-1.9305646888805883,1.6029285477013162,0.5093954843288226,2.927578368925404,-0.1503928530429856,-0.04230565789017096
109,2020-07-16,1.0183942097067857,-1.109537007708353,-1.288058733002055,2.092243351990433,2.7856903639199753,0.8686481421241626,-0.04830934504209647,-0.41037517558571507,0.017510208410695234,-1.2602745685547718,2.9580221206837867,2.8646390026305726,1.192547767604593,1.3822592333685833,-1.1879753758108356,2.0347646031366144,-1.0657644160644124,-2.046362189139399,-2.929605410343238,0.9024010135325677,0.5451912080141502,1.5939069969950113,-2.0367675080227556,0.0016606701851403184
110,2020-07-17,0.2785530742821854,-1.4338355003658854,-1.268020936211254,1.8975712318411686,2.6752834974748003,0.9893283490859056,-0.32753939541957516,-0.4171150237759284,-0.21270772818184416,-0.8926526912554994,2.4084553773443895,2.8938551721993266,0.821297159991151,1.0722596369495139,-1.118004340009846,1.4468164585044525,-1.6958716835732932,-2.014687584277745,-2.29141223305068,0.5454501791877714,0.5916184217501186,0.7424603356919944,-2.853622468896785,0.03692058861404829
111,2020-07-20,0.32908296628414774,-1.059897670726261,-0.8142606793642592,1.6647690856171884,2.5374910018392827,1.1104120018541384,-0.5229455416985179,-0.1464281478123125,-0.1015016373226388,-0.4972834219272548,2.1881018105763586,2.87177318357178,0.9296615225940149,0.6227349648311556,-1.2819928352162917,0.8490573393650656,-1.3537597253543012,-0.7986236968074703,-0.7168047675811894,0.2463067791867831,0.6551137410696313,0.5737663118438068,-2.5269991818674407,0.027600648082112336
112,2020-07-21,0.9615405815174488,-0.7938174766337835,0.5118054245666377,1.4739209947494027,2.4156138260437334,1.5872546914487597,-0.6068957991542863,0.17904570649743298,0.28898749443390953,0.3983978659471698,2.054959906913442,2.924656715310584,1.8151851692305445,0.2191535445934081,-0.3703748102244909,0.42295808741384017,-0.6034144092712453,0.3720207585358469,0.7295676202080206,0.7745815592246921,0.7193116938895264,0.7407552615851825,-1.7838198534507081,0.002589333399069237
113,2020-07-22,0.8184585505909707,-0.7684836881899818,1.266680487702634,1.3521031434966584,2.3062444754801503,2.083949613426975,-0.12845845042842774,0.02758015981420411,0.20881953164869177,0.7874621658437685,1.7579071892473601,2.922278654996841,1.344462575046105,-0.08622578565848184,-0.37037481022449076,0.11922401275871586,0.41860371337676927,1.3700945046701714,1.0456819977454561,0.5128242312562664,0.7949632435933381,0.844690644194323,-1.279791249621782,-0.02939072740906208
114,2020-07-23,0.40757169190391407,-1.1481440191176122,-0.08850706247748634,1.266666787761662,2.1712544595422707,1.849225202268979,0.15922530843841834,-0.6170934141565344,-0.24519376212618663,0.19676474073257394,1.6964238932664324,2.665448141113345,0.8684609628940035,0.4673445811099791,-1.203290949309155,-0.21411385371369698,0.7515447627528604,1.1262327585256546,0.16891193174539898,-1.0723759130151636,0.9003003908746984,0.5738529578304973,-1.4145638044398599,-0.09403270052269887
115,2020-07-24,1.2302573712329428,-1.4506269040973363,-1.288058733002055,1.139877032342035,1.9252725182989745,1.180273325167446,0.10774934320082356,-1.5167294753359315,-1.0103973240293707,-1.1304674477042151,2.2260449989808597,2.2284512482225023,0.3058638769932746,1.6909535984731654,-0.30771270775828385,-0.4097254701222692,-0.03095638066175104,-0.518224104378967,-2.2824655997241483,-2.2666221864652503,0.951449783585878,-0.5240615931950943,-2.709669881515376,0.01134557624608835
116,2020-07-27,-0.2445771018559176,-1.3520615710634794,-0.9581539707056904,0.9344265283829919,1.6355537740302328,1.490525094972521,0.0405861463373633,-1.267328734569415,-1.1363822658828828,-1.1667655135602095,1.7797327302306705,1.721244955592791,0.041245619317286555,1.4918292082009157,-0.17244879305314084,-0.5001273993202648,-0.9411199431417158,-1.6172884831619825,-1.7695252890030266,-2.5065974959629846,1.013528537275044,-1.0500913231739917,-2.9248008108140384,0.01606921234420267
117,2020-07-28,-0.21767422418591056,-1.2084997616890845,-0.4599306746777346,0.6844242370027673,1.3504225636857254,1.755567659366571,-0.029610455761076324,-1.074870746588315,-0.8187818165956645,-0.5591286053795368,1.4298730735224425,1.407454235146941,0.2533793876422261,1.0774604925721283,-0.630694526737266,-0.5937473577458574,-1.3073719741715764,-1.4522758815049235,-1.0060792451390312,-1.5687664486653852,1.0466957380254711,-1.1610786370235238,-2.50110253399672,0.019450930354829993
118,2020-07-29,0.23393893548776692,-1.0329436849622657,0.14878209739496076,0.4427271204907866,1.1027767190367648,1.856844214263719,-0.1230251636474142,-0.837735011397318,-0.5786715812448894,-0.21625044980473337,1.16077058559374,1.267375158571157,0.25261087130680404,0.6995309231773578,-0.8982225404871559,-0.7188917449069103,-0.7250877894390031,-0.12086734501527717,-0.06668274585325581,-0.5181253926384654,1.0952619320158852,-0.9809503841655868,-1.7442407606060826,-0.023729927042109775
119,2020-07-30,0.004388511836011948,-1.2291817689791618,0.05427584264875028,0.26246801551967863,0.8667856866524544,1.8197775361411925,-0.5416700813007181,-1.1264219933689683,-0.5695017487583394,-0.1600725956402043,0.8592066957478067,1.187653517577334,0.0015623735111050877,0.38528580363291587,-0.8982225404871568,-0.8499041559402553,-0.47255438317223314,0.1474038848513999,-0.2605264679280984,-0.288477383710367,1.120689504267619,-1.0492709110341514,-1.4954053309496946,0.008823168096722676
120,2020-07-31,-0.03673377263103271,-0.9246267725789552,0.8431949551465643,0.14242625086790886,0.6599344113003842,2.3056509042974014,-0.16359593612160783,-0.9302777226147744,-0.5140356530902392,0.46601401201859277,0.5640293966817013,1.1233326481391435,-0.2144549459437016,0.16114836700801485,-0.8554696326639025,-0.9672187964994747,0.20844016381200148,0.7695065877859061,0.32100469829642925,-0.1987830614459822,1.1277217352164886,-0.9517091478795182,-1.058209110260706,0.01908562002035385
121,2020-08-03,0.5898560873923515,-0.13687569181030812,1.266680487702634,0.06877039654992095,0.5021054113696891,2.4159142593943232,2.0877696760381603,-0.4027607631733627,-0.2134762082391585,1.2656824516876528,0.3854088237641384,1.000692680530745,-0.03784329620500663,-0.10638195378191272,-1.315134939376114,-1.132443381196718,0.8838959297585453,1.344169734722059,0.6430834980515523,-0.42094012344057824,1.111818665741152,-0.6574598957023682,-0.42610267868488255,0.027962348136830083
122,2020-08-04,1.00334683745068,0.5727973958057296,1.266680487702634,0.05927812045401177,0.4124507386130317,2.6085465467999938,2.588182941692908,0.4988757432149422,0.40144681863061443,1.8710702960075247,0.4186712435819967,0.8434009769222043,0.6940625246756897,-0.3919906423902551,-0.5060171569023164,-1.1951325654811153,1.628701568872468,1.8464468833708303,1.1500593865549866,-0.416473942404127,1.115472309511018,-0.16471650651306222,0.3645254067164736,-0.004878058453432855
123,2020-08-05,-0.2170142517185375,0.43211705778687415,0.9834291375796318,0.1051332299092584,0.3643942975203698,2.043174301292557,0.7027098057017289,0.385730105203108,0.36941694213015086,1.0709813464039255,0.2619321429924608,0.6727468391698121,0.3870358565545748,-0.6033917680227028,-0.5060171569023159,-1.2003902855316602,1.6904957975885526,1.362803860941532,0.7623719424053016,-0.5083526157365387,1.1087523233972856,0.09968581791019392,0.6692389774475457,0.05161923963163569
124,2020-08-06,1.7760906002486792,1.3881397455689342,1.266680487702634,0.24721621923763915,0.40021233858833927,2.821417926964015,1.0374622290216449,1.6114745169979774,1.0973550773304712,1.5522712855161265,0.6973732092901702,0.6913183578104148,1.6719847382701087,-0.9017725327268864,0.7243375665488055,-1.0033403846062523,1.6458481944263632,0.9760175078208241,1.946309752616263,0.5260069514369888,1.132706716645156,0.794263248806829,1.5305361824623092,0.006172859107081016
125,2020-08-07,1.1270256778363905,1.3881397455689342,1.266680487702634,0.4470737961324906,0.4912820927017375,2.942538283204918,4.59032015011903,1.7623353676804245,1.0594402562891088,1.1799983446386861,0.7401443349219656,0.9158751960074992,1.1571205648907297,-1.0999747129389164,0.7243375665488052,-0.7191580159115142,1.7535385037695077,1.120537978045789,1.567568941793109,1.9270074418465204,1.174439447338865,1.2528280740876903,1.8807723739606352,-0.02151177937250796
126,2020-08-10,0.42353102611493515,0.7638692502007792,-0.04127917005826226,0.6467016377953324,0.585821758510185,2.1587868403665955,0.9881982456294354,1.274916794605746,1.040041558027771,0.7828739811746075,0.6377482278810267,1.0679578151192848,0.8553830666395286,-1.2534171767386963,0.7845866414780716,-0.4052679843796159,1.5988973703886058,0.8777942086685873,0.5088839981535844,1.4520645363327631,1.293087314692156,1.2573274152504739,1.5091397871956724,-0.06830071989683349
127,2020-08-11,0.6930997802883108,-0.8265271715816197,-1.288058733002055,0.7774691387247699,0.6037303131288001,1.3260083636310438,-0.02587862610826843,-0.2998006715563318,0.17117618318156552,-0.7376528121799981,1.163399717915056,1.0789421889493975,0.3007675805094449,0.5453567934364167,-1.0638188770250745,-0.361112680201483,0.4360788206528017,-0.7382224538418608,-1.4474464892479035,0.30166107209923215,1.3144823470269744,0.527160310771275,0.1572029856370785,-0.04445176257083381
128,2020-08-12,0.958108724687109,-1.4506269040973363,-1.288058733002055,0.7364436518719463,0.529195983666481,1.689321938830039,-0.50026768564337,-0.8216091287902826,-0.9824144707698256,-1.4742542178650215,1.558755355920576,0.9825741257594284,-0.13461260236810832,1.9894252703058417,0.2604688032883705,-0.2724294191684434,-0.590693459479321,-1.652596214992782,-2.3271987663568043,-0.5073039406702934,1.2606427933021334,-0.3508978162759403,-1.1366474506178463,-0.0035252680456852713
129,2020-08-13,-0.5233014740766685,-1.4506269040973363,-1.288058733002055,0.5754906154923805,0.399599788174623,1.110021312478873,-0.48185141921253233,-0.8884915426839571,-0.8159058124941229,-0.8852484381899254,1.0805273750684368,0.9213107624388914,-0.3278160618261219,1.583587024998684,0.26046880328837085,-0.16826726268151562,-1.2673735180285723,-1.7244164433106401,-2.0707286109962437,-0.2570927718264385,1.2149816892719305,-0.8904855589991183,-1.685845708031662,0.0206793447378725
130,2020-08-14,-0.36886791671137387,-0.9921109594829598,-0.7751375929295047,0.3357504823481716,0.2650030201709535,0.5066674623609216,-0.6519126449808856,-0.4927705938130617,-0.7188186222918618,-0.540096957893596,0.949600530603736,0.8885841228831897,-0.5557328014566921,1.4337643746779267,0.44437738970577023,-0.03891466437135898,-0.9329458331523197,-0.569942413617837,-0.9613460785063753,-0.10789686575063097,1.1906848622307016,-0.9758515393163156,-1.4731584328900504,0.030937617098914925
131,2020-08-17,-0.08989155500308052,-0.3276147062456204,0.34732543957525025,0.14055702694625855,0.16721258248837256,0.08812493525941387,-0.7483949007629759,0.11474466572113097,-0.09238225842188558,0.15800191739591984,0.8987852422213339,0.8503086759287711,0.32724766313264564,0.948746909986218,-0.7866514579395477,-0.07994040402694925,-0.4591965845774212,0.23361412193684464,0.39555997601752263,0.04302492292620395,1.1831846744709233,-0.6794960493412738,-0.7550385835499567,0.024297164330985634
132,2020-08-18,0.39208033816975746,0.1722638311880553,1.266680487702634,0.07668539871158145,0.12364652297643429,-0.13380254069236214,-0.4868667546498181,0.6052157009413928,0.33231661640294285,0.9894624248008033,0.8581330115154097,0.7919895777585794,0.8615188091319115,0.5235680087838553,-1.2546839282359135,-0.27019376169503767,0.4956849868332881,1.2514927946834606,1.3588141641740479,-0.0038382416251438525,1.1945623324248642,-0.22262032031716697,0.04988782427534127,-0.010695289116747806
133,2020-08-19,0.09197285800611961,-0.06261582970887408,0.8751401250461508,0.10711325038948528,0.10551085958455621,0.26846649223237273,-0.4307091968630701,0.38784785578696124,0.3241072823034335,0.9904088718336767,0.6961883776962092,0.7166843344902678,0.6153245142826185,0.191018117674701,-1.165594126430059,-0.5085565232325713,1.0837013408622318,1.5043352754875505,0.935340186718238,-0.07786580023994387,1.2100446878888638,-0.03451495420793314,0.3080028572089237,-0.015840264509217643
134,2020-08-20,0.2808329791694741,-0.4058767738126557,0.31271444656389397,0.1833685941019098,0.08865700595348933,0.5505834291361051,-0.3481188758161776,0.07015638979201702,0.00240508515482137,0.48934317790084725,0.7787423402523287,0.5104725329991492,0.2254478042910093,0.4990093284817344,-1.029734338278707,-0.732950236663506,1.1247377114423065,0.9422440663190698,0.22855615392227363,-0.9055986281867836,1.2086486376909198,-0.066119231567381,0.19909659154781692,-0.022090957814191972
135,2020-08-21,0.35629783093873113,-0.8603392369391446,-1.1174674180561885,0.2190077787652647,0.05237222438287247,0.6767924055677335,-0.4510981399304534,-0.36457930051685417,-0.44346020854889345,-0.43743016035637833,0.8627609060270092,0.2593040674816903,-0.11473423522966916,0.8605980057781154,-0.4095042408676594,-0.8449019787815358,0.10950910778117326,-0.7378196153067197,-0.5557653677036278,-1.2361385352994096,1.2258200721758534,-0.2862897774328533,-0.15871967548485386,0.053524480415704664
136,2020-08-24,1.0661642168451881,0.31603047482318586,1.266680487702634,0.24892741879030222,0.06256202435975873,0.7845671390978084,-0.2863887417816878,0.7055393217819055,0.2009809686950436,0.5479710646100372,1.2175820903233363,0.1385891963177566,0.45191715093577883,0.3162353234166239,-1.3937246909812124,-1.0283988891218743,0.20988149155319233,-0.2053640658985375,0.7414964646433955,-0.33765897717770327,1.2515610181202979,0.1242136259217555,0.46037440106482325,0.017756721589259044
137,2020-08-25,1.3384448578844965,0.6730269068912005,1.266680487702634,0.3130353368003268,0.12037934737663575,0.9226856890063867,-0.1224478617000594,1.0733925981971018,0.7001572861098468,1.5110464500499072,0.9513919284289344,0.18852846290621508,0.4826888430071635,0.019808247918377472,-1.1170462401976107,-1.1946105809256893,0.6545730966559835,0.7873552535224368,1.0426997866366123,0.7793036175431876,1.2651735177398904,0.5548659378196027,0.984573888114745,-0.07644917216340626
138,2020-08-26,1.728248596113836,-0.8713824773798513,-1.202620730521722,0.3410449480186836,0.1253609545683709,0.0665762381345861,-0.5675368989013478,-0.4615296915731716,-0.12005183101460591,-0.5784456098591557,1.457455628104868,0.1969082944879484,-0.00882671057326342,1.2171268626370313,-0.2858350394402435,-1.2218445037320538,0.551026541840215,0.4228190480663397,-0.9702927118329066,0.35273536697915076,1.2460765570871095,0.04781104351214131,0.05783302184601922,0.011448321945992126
139,2020-08-27,0.220343502659882,-0.43073594865536463,-0.8216930182987465,0.3420486961999359,0.11024774761647987,-0.0038663188183112656,-0.33724010085919454,-0.23790339217446219,-0.5352290036494487,-1.0425563406737048,1.3014742410762807,0.2410722717430451,-0.28316332089304064,1.3613017461126191,0.0900078855749413,-1.1232303271312887,-0.11220877593849575,-0.6467026009273474,-0.4841923010913783,0.550654827816313,1.2492379695195113,-0.14352087423297288,-0.23033201132055853,0.015250224952857544
140,2020-08-28,-0.05368906529281681,0.057503990091222076,-0.29341288297775875,0.2908856022841095,0.10029446571069112,0.45650776223333617,0.035035170815355114,0.32836032783420926,-0.07778898743460153,-0.34853798242065076,1.04726628219895,0.2650793568150481,-0.19098016624352823,0.9425618582077796,-0.2704399029083398,-1.0190165597790668,-0.7268668943004161,-1.202869057707051,-0.030896212547131038,0.47855055230651555,1.2551890614734287,-0.09751173538049308,-0.12015544312652944,0.049750625264556404
141,2020-08-31,2.264194237618383,1.3542004847050588,1.1333954889900784,0.250978872596501,0.1473450839516053,1.536063374588651,1.269059369474239,1.2272113102151263,1.3255154444626813,1.0358062743136045,1.602461614894068,0.30618582795248717,1.7132141367784521,0.3221602876451618,-0.5164950439288871,-0.9549662183451442,0.1885366489583765,0.5974857924111684,1.114272853248862,0.7300876139258005,1.2581798962767181,0.4383506469326475,0.671181510456265,0.0026631174194836284
142,2020-09-01,1.0941950474594326,1.3881397455689342,1.2039568375612184,0.3054388673838272,0.22976132264096802,1.7328598543100129,1.2741949245297493,1.1899098701591406,1.3090738637571575,0.887568692863414,1.3671479224642389,0.30471369537731663,1.2503925080202338,0.0020279539546426448,-0.5164950439288868,-0.9166360200478176,0.7881623676864449,1.319725528212639,1.0874329532692684,0.44123853276108643,1.2560882032602692,0.7785240213006698,1.0233349610562552,0.004246290881451004
143,2020-09-02,1.3884947699101877,1.3881397455689342,1.266680487702634,0.4628195367381666,0.33353450191302314,1.96896306577685,1.2833646163690193,1.2957867580926365,1.085095947369617,0.7664452089284972,1.2579887097314353,0.33132532269769915,0.8118835088699612,-0.0008290202526613715,-0.8265366755112336,-0.9380455675264487,1.2425027277310496,1.3499183283591702,1.1828637087522678,0.6400640255461721,1.2535218008808728,1.0018036935717398,1.1372540994202118,-0.024394722641954192
144,2020-09-03,0.6122711522842218,0.3524614254491805,-0.1663567751556757,0.6612055796659446,0.4175784822327493,1.2246127216699303,2.4896664146725205,0.5733496233072729,0.7912012653017099,0.45393460935795643,1.1275203897937056,0.34106404588728656,0.4402257722140345,-0.2946714576253621,-0.8265366755112331,-0.9881868589741497,0.9565973952194807,0.5245653884781162,0.14803645398349288,0.5258676609550968,1.270492645240244,0.8533550279398391,0.6947647543403086,-0.01890208311136996
145,2020-09-04,0.376912970919584,-0.3923757784980747,-1.288058733002055,0.7377438167350235,0.4642370587345715,1.145154217144416,0.628566429871346,0.07705171111899586,-0.2419366564652108,-0.6776925460424746,1.0303358921354377,0.36835511901158813,0.1103652109744097,0.5365866901314733,-0.8861128053143168,-1.057250528500937,0.23039517023865824,-0.5641071105759904,-0.5468187343770965,0.5683228683556765,1.2968019640388675,0.5466466213318798,0.11358774736641428,0.03023517796719139
146,2020-09-07,1.5467681670856528,0.7605342458878981,0.2911545027589518,0.7797150359118357,0.5168213423158787,1.3505732691632613,0.8683887888259423,0.8754440046392667,0.7697904329107792,0.3121282753123723,1.2473847839773196,0.3375535759003389,1.2182234948900024,0.08653980955428074,-0.6174718971450246,-1.092649498317809,0.0109667920185297,-0.46604810077834874,0.13610760954811793,0.26135361994393125,1.3092883687450472,0.6477449090280908,0.23406211544385325,-0.0056504926339533395
147,2020-09-08,0.5251427870915719,0.5171202780602485,-0.06459974897287475,0.7845519529938827,0.5630265946291424,0.7146899529577169,-0.10981679217767958,0.7243968139732699,0.4501017906506066,-0.1886513154581398,1.1334175657742418,0.275384284841242,0.7918612664716482,-0.06964917050055752,-0.7740052100203122,-1.1299391546751787,0.05733105118996925,-0.02099913363365531,0.02576579852089987,-0.040049816531232775,1.3150087312376335,0.6315597909667308,0.16207855914108563,-0.044414967879077165
148,2020-09-09,0.913962566369555,-1.2149876656058862,-1.288058733002055,0.6994635187185391,0.5554476518442875,0.08388701844411223,-0.5286343144649627,-0.43363164779936825,-0.5243285780718886,-1.1639078488444459,1.3945615475155932,0.2963338637955833,0.314540993579009,0.7641540029924256,-0.9077768163219688,-1.1839129707190839,0.060421034080153486,0.0528656360599197,-0.9911681895948127,0.3742305888797287,1.3508376916014848,0.16410770005761863,-0.5433124979910604,0.03492594453060632
149,2020-09-10,2.617927480630933,0.13862447071506157,0.5502867168470483,0.6890997309688843,0.55132941632053,0.7112961507066,-0.4415684547200091,0.47265149619660835,0.5483388269836441,0.5882868956764711,1.9234387768988683,0.35465296196577106,1.306663657422028,0.18251335789148737,-0.6463527204499501,-1.20532423539694,-0.0954478014640706,-0.1861457072630503,0.17487635396308646,0.6863927175164307,1.4090324626718644,0.2256994839913083,-0.34817058382191446,0.04838796112932326
150,2020-09-11,2.777808810726907,1.3881397455689342,1.266680487702634,0.6900280368745727,0.6010935620839883,0.8242976854349575,0.1247115226915913,1.7817271486352435,0.7357550821697321,0.8869644218990256,2.163191523961671,0.4758207969989989,0.7321010872268221,0.05751823664820256,-0.945434904322031,-1.2503250877416705,0.4480231816405955,0.6393247512151502,1.4184583863509224,1.139658252925262,1.4269520696474987,0.7567728619306052,0.4818946709827278,0.015707803329864035
151,2020-09-14,3.5515005339780417,1.3881397455689342,1.266680487702634,0.76385060078228,0.6968209156280322,1.0977971354684408,1.2443973798301857,1.6066248235364697,1.4984885495563462,1.7214666452307479,2.14647913114639,0.5459169557705471,1.2250553253405088,-0.29289070992390726,-0.236665302387441,-1.2042717915154704,1.340054352723781,1.7377843968979185,1.490031452963172,0.6742222452066535,1.411119229122364,1.2188818766317127,1.0469469309398503,0.043495983927518835
152,2020-09-15,4.311404832410783,1.3881397455689342,1.266680487702634,0.9859017024419462,0.8626424827528049,2.168130028014871,1.6156285934472758,1.8522081242364432,2.0396326432248184,1.4699881665862653,2.4171204694247916,0.6840709359018866,1.5560770692042396,-0.6406984709728785,0.3472498376904449,-1.0336184434268665,1.9498738391362171,2.018520985042681,2.3638193078543854,1.2344026766043992,1.3442181707550438,1.9265930061842385,1.8515562744708463,-0.004412853446899676
153,2020-09-16,2.525687328690994,1.2556986086276238,1.1108314767181615,1.2287155408004302,1.0527692552248789,1.7548882719372636,0.8076977511813486,1.732568018635131,1.9534206089821176,1.0544043851261704,2.162678171927111,0.8142980483207667,1.0881577830124887,-0.8586571080560153,0.3472498376904439,-0.8133245258646783,1.8899095028972548,1.3309155823063241,1.7196617083441395,1.1136906158190862,1.3135236210931827,2.2289951951040834,1.9134133589999598,-0.037296276144309054
154,2020-09-17,2.1787578018420897,0.2123927080184751,-0.7528586288907945,1.4475758118136284,1.199718997197154,1.5132923707296013,0.5164804341980193,0.9315514966493306,1.2438869591205604,0.5880082077254134,2.1065225789132125,0.9721559567659219,0.6352364066541087,-0.8246115981645661,-0.009689434154671155,-0.635753325667182,1.5646309995187606,0.6527083917579551,0.08242780958893077,0.9357653994277086,1.3324526078975525,1.9165440311694606,1.0802627696793583,0.06945183271278514
155,2020-09-18,3.9464040594552636,1.3881397455689342,0.6585572853143462,1.6236831404231469,1.3878254276468285,2.2952830484012026,0.618182865938967,1.7644152507321142,1.4489154744720394,1.0738609073561587,2.8057794877152475,1.303272545211837,0.9245103764482917,-1.1301327546753313,0.6325352938288918,-0.4043928928531243,1.4662720280856976,0.669172767503081,1.5198535640516093,2.201503373898144,1.325631760254514,2.4194338238235447,1.5841831630494632,-0.010764366587158543
156,2020-09-21,1.6538157012935624,1.0935824152846212,0.07715066974981745,1.751683076080567,1.5710849470339807,1.5628477859589975,-0.06338801773481,1.5637065362442084,1.3667952367539948,1.344941055949294,2.3190169832833103,1.5678034448731555,0.584687106482744,-1.2673584850774133,0.6325352938288918,-0.16447553995421277,1.2610696872948017,0.5508428264036552,0.7981584757114264,1.600234009710911,1.3087082471829632,2.502883089707,1.3852028675966706,-0.04024095444219777
157,2020-09-22,1.7802664260422394,0.08718053707898266,-1.288058733002055,1.8138729667590614,1.6878967672840108,0.9385287955187134,-0.4755618038266202,0.8322347767771775,0.7342002514352692,-0.3087379740411467,2.1668822033709416,1.736079522311809,0.22351772178458215,-0.4694123624608448,-0.8224141172904355,-0.1438571000676686,0.8616190250959119,0.11117246351649587,-0.5020855677444406,1.1117802279809703,1.313536652637951,2.0052273383604096,0.3918288932781004,0.007980092223976365
158,2020-09-23,1.0242859639155162,0.23315167721093774,-1.0174296471256048,1.8321703185541873,1.7608590550382124,0.9943799586185927,-0.6128670939097273,0.9749609737463545,0.5114713170109015,-0.7746668343348715,1.8833958178729684,1.978981397214859,-0.059544839745652216,-0.24927884584766882,-1.367855784587939,-0.31331579375308394,0.23162508624652975,-0.5316832043988463,-0.19491782353353626,1.858317856721432,1.3827251217920533,1.7117592113692728,-0.10975421282581402,-0.027957997774833286
159,2020-09-24,0.4884843164038505,-0.4200804311515908,-1.288058733002055,1.7726266345442274,1.766208801596045,0.9404928749153444,-0.5565716218166167,0.4798794780095228,0.24052404581365078,-0.9506192731786233,1.5918952848473589,2.0825968823133567,-0.2999917520720447,-0.48829247399872544,-1.3678557845879389,-0.565919254062118,-0.5986978712444893,-1.2855535001983025,-0.8241643674995637,0.966973810690331,1.4527098723070386,1.1653417782350273,-0.874135296879966,-0.030340717052672387
160,2020-09-25,0.47396492212164326,-1.0542501408371685,-1.288058733002055,1.6191956035441242,1.6929769270746933,0.9147455025726798,-0.4921446634304825,-0.041963179659030146,-0.11337823586708816,-1.1116050723938438,1.5959700820600518,2.0308457602477663,-0.5550127657890407,-0.09771439415033618,-0.6709030563103775,-0.7425642123907151,-1.0612125291413688,-1.3492171616531539,-1.5458594558397467,-0.07277486789342542,1.5032988173950226,0.47372869511213866,-1.6940718892420499,-0.0372847263530242
161,2020-09-28,0.3238271855439769,-1.4506269040973363,-1.288058733002055,1.3864235747508589,1.5343752494396632,0.919051839791832,-0.8210727349666728,-0.6619300977438881,-0.7784427183837253,-1.3309828456663493,1.505757862035316,1.896994936874622,-0.7631419492997031,0.4956914990387302,0.1380443152022283,-0.7525672109374343,-1.6467920148872033,-1.65318203956714,-1.9514401666424943,-0.7279325423141744,1.4844417571007917,-0.33512544196896304,-2.518323416905598,0.002456668357148637
162,2020-09-29,-0.16000463003691243,-1.401513579510288,-1.178962953765108,1.1058087571837696,1.333588594736596,0.812679262256024,-0.6944799507469969,-1.0378102368800926,-1.0377664523563732,-1.0060796993526777,1.0525096965440572,1.6805914483246338,-0.8962561491482072,0.23186796294865175,0.13804431520222896,-0.6767322301222383,-1.8265129417271777,-1.4848400019664234,-1.2893893004791859,-1.2119847397448784,1.466686315579553,-0.776415963773287,-2.6500785392461177,0.013001266557373502
163,2020-09-30,-0.03662577713637166,-1.1308356310615526,-0.5520906371202885,0.8223675785852534,1.1304147095604742,0.6933891594998625,-0.40718422397333437,-0.7907142466534007,-0.8599702918818742,-0.5089905999768315,0.9199962294923171,1.4972543222323131,-0.5874987862972832,-0.0685317969542953,-0.5963242730562772,-0.6662997475835792,-1.598851378669529,-0.8573333653863913,-0.564712001030159,-1.0090116398408926,1.4569665071035505,-0.8699936920496655,-2.256332852627316,0.019190354372239832
164,2020-10-09,0.49657197900402206,-0.7309028382137732,1.266680487702634,0.5858372439875944,0.9559231822047154,1.3249363933318294,-0.46175289402116104,-0.7842565110903443,-0.5613429899320819,0.12570195327488196,0.7492740312236946,1.4182121270424128,-0.5004919811740839,-0.3226303409328359,-0.9865320204317125,-0.7448203077388175,-1.0517766236023394,-0.10742576670596561,0.3150402760787418,-0.3257575902699078,1.474585873495121,-0.6839718298681601,-1.5399646025533977,0.03374314419851706
165,2020-10-12,1.3525922676850934,-0.06273153421903835,1.266680487702634,0.4819369882860767,0.843267408273579,1.4343933965898943,0.23073646512531484,-0.017421271296470777,0.17330376122011446,1.4416708550321589,1.0584860867074952,1.2002232649499418,0.6133623145335662,-0.638263709737928,-0.2731876518786867,-0.7622574350297299,-0.09894805224469676,0.9209996645565507,1.3409208975209854,-0.7621605170622824,1.521833980156315,-0.17925667338383244,-0.5093783825971506,-0.005117718436980042
166,2020-10-13,0.6643489797096592,-0.1792264349244999,1.0498183459199926,0.4595118779300378,0.7678149327932877,0.9827875899109386,0.17322452569168564,-0.13539592357245345,-0.11997271490529567,0.8092150672484513,0.8492806795579645,1.0030707408444837,0.306499226708444,-0.34739357208384797,-0.8878340791552397,-0.8333199605980957,0.5623505192053468,1.248243668742975,1.0456819977454561,-0.6941847533020665,1.5439393884549728,0.08757627947348216,-0.0263948304785916,-0.030739591453872794
167,2020-10-14,0.22694322733361255,-0.8441063873159669,-0.14754202789987936,0.45976934988004825,0.6859821239949795,0.44598186086470504,0.20176821796029024,-0.8314463720007395,-0.36493019272023136,0.13072051561841339,0.7466277784655713,0.8516675675366171,0.01376318221202453,-0.30205158145222527,-1.2298106708417036,-0.9739089704880812,0.46539118791571893,0.46352296330141174,-0.0458072680913497,-0.5789350849423656,1.5585452572841647,-0.06785962910021165,-0.24618473897484733,-0.02653955523461215
168,2020-10-15,0.6446698006825354,-1.3517108513506897,-1.288058733002055,0.42369883632658917,0.5774505001691608,0.01746671735755895,-0.33237639264741625,-1.4154209007668412,-0.6708809444034814,-0.8126409774755806,0.7615725945325011,0.645116043143541,-0.2686444354823916,0.14623806809334872,-0.805148300704129,-1.0789284285255598,-0.49180099147074413,-1.108948197403936,-0.8390754230437822,-0.9924654487784688,1.6030820721621628,-0.4199608923212974,-0.7043343463873198,-0.0010872520777490528
169,2020-10-16,-0.0022232123371253745,-1.3639335248134454,-1.288058733002055,0.28911558844705665,0.4579007912079604,-0.33127691443639834,-0.5645039141870373,-1.3007962652126062,-0.8540929011754994,-1.1739450894267471,0.4248057702281933,0.4900891588814104,-0.44666783363187496,0.21358143349273317,-0.5235121898570466,-1.1177232332753335,-1.2480842841222504,-1.7487968093028814,-0.82118215639072,-0.6718006144314371,1.6047686520363686,-0.6168501455998509,-0.848043590034744,-0.021441173222241375
170,2020-10-19,-0.09263944036723377,-1.4506269040973363,-1.288058733002055,0.09852737443371479,0.31774204262276773,-0.2726976589592367,-0.7535868461531515,-1.5561742382101276,-0.914561240845241,-0.8722481055950647,0.38907245527196865,0.3694875286847972,-0.6554710566570865,0.1871542937894678,-0.26325609429587377,-1.083058005301284,-1.7025051292589493,-1.6993863304042616,-1.1969407561050303,-0.5636833246665316,1.5487813984742187,-0.9127102521182973,-1.1050859415982872,0.0200804436613504
171,2020-10-20,-0.44634868438097036,-0.7917830350411457,-0.20496286650972675,-0.10093721742526714,0.1939709335782411,-0.02706247221058614,-0.8742453520080556,-0.8209273874469484,-0.797878867472008,-0.6728886100650441,0.27420390380401144,0.3683551190115921,-0.826526184378849,0.07813288573280364,-0.10266491978536386,-0.9912175386777169,-1.2971964694126785,-0.6431948802323194,-0.29631300123422316,0.15679845519768837,1.5140233620405628,-0.8443472275459725,-0.7878690656305384,-0.023420274208098498
172,2020-10-21,-0.3619202065548466,-1.3823463266599465,-0.5890819090806222,-0.2776762871458842,0.06535948723723364,-0.3676929092448979,-0.8652451390273145,-1.4823689058747864,-0.8631012150423514,-0.7533951805884679,0.17152382519177578,0.3351755155866043,-0.9788378258706321,-0.1919481018734484,-0.10266491978536336,-0.8777032128757075,-1.3987873438517837,-0.7662991246699142,-0.5706764232478464,-0.17332610176957688,1.4700378410654285,-0.9889447931265442,-0.8398054342040076,0.018779894651596275
173,2020-10-22,-0.2827595089683005,-0.6145533366430734,1.266680487702634,-0.40899027462306115,-0.038597049001703854,-0.09357714876655919,-0.7306768344214025,-0.9281829825700825,-0.6662693801662543,-0.39863629712443965,0.0821896040100744,0.30358128570410353,-1.1149467645178788,-0.3984485606998013,-0.06418517296700837,-0.7569998799394723,-0.6508399500615623,0.16328102140087838,0.1510186650923366,-0.10034442992362015,1.450910608202669,-0.8394188431411342,-0.45913339673404097,-0.026335548337802637
174,2020-10-23,-0.17734390667971356,-1.4506269040973363,-0.32329538299393124,-0.5128695503145788,-0.1456098202467079,0.01687555425587958,-0.6970554066986596,-1.486907628998789,-0.874520505840815,-1.3117101619574034,0.12216968058938661,0.21027072863179588,-1.2518506217144671,-0.4163619469453983,0.1991686323968466,-0.6055424953976397,-1.0146952116235644,-0.6079284568618372,-0.4633168233294721,-0.6640515473409718,1.4021056035878061,-0.9623994421936879,-0.5457852419702103,0.01006157174543484
175,2020-10-26,-0.6054860455137239,-1.0281471204833883,0.6806244813509951,-0.6081247954323133,-0.236251820995359,-0.26608367684649686,-0.4700366891701184,-0.9024095749387652,-0.92464888718337,-1.4102027204865235,0.035516130036247255,0.06237802531087306,-1.3588765329567922,-0.18214889270555287,0.6595811500832691,-0.38617802030861786,-0.3139051550632864,0.22306371955065274,-0.057736112526724614,-0.9472885044427711,1.418866056777102,-0.8880820542308708,-0.3318808790979247,-0.0030636425577900985
176,2020-10-27,-0.5507923272176078,-1.1321579090179688,0.14714817071219793,-0.6747436713820822,-0.3122471731708707,-0.7093965525948772,-0.4035509951276088,-0.978089533823177,-0.5894897875422551,-0.2504742711283351,-0.14884924307689676,-0.08857218412770335,-1.0691499490159329,-0.3969093385552512,-0.15140645657674132,-0.2638281751306556,-0.3961865687155627,-0.027968415850101472,-0.1293091791389742,-0.922986088845505,1.4441584518764,-0.8257236363169439,-0.1779247678374761,-0.034623208631298794
177,2020-10-28,0.49135219676207154,-1.4506269040973363,-1.288058733002055,-0.7710058187280824,-0.4057783648409752,-1.254594455849072,-0.7165737458950442,-0.9842437058140481,-1.2205450639991344,-1.7325949157670044,0.296846517515536,-0.2565085386644035,-1.2654064307332302,1.2145924712426288,1.3379450673381865,0.00794170477734502,-0.007158323445849563,0.27053315296128255,-0.8569686896968447,-0.9688923888789469,1.4046697988941614,-1.07548637039773,-0.5028170359230236,0.005184343409016901
178,2020-10-29,-0.47730739285047,-1.2605359102282088,-0.7152452846091703,-0.8715237135463284,-0.49671225672241964,-1.6393145551580863,-0.5198342989971605,-0.8869014704368537,-1.1236025851084959,-0.9858343652994885,0.17166252043121044,-0.37778961466494376,-1.371522355818635,0.8147392644562156,1.3379450673381865,0.33376099996328285,-0.21483253892112117,-0.1446697133109192,-0.564712001030159,-0.5886278655774007,1.3971251769546729,-1.1218223433649028,-0.47070701388155867,-0.05764858921422554
179,2020-10-30,0.6120071632972727,-1.4506269040973363,-1.288058733002055,-0.991211339862627,-0.6314352940611994,-1.5452252977031407,-0.7704806887246533,-1.1470909652798922,-1.7123764216987942,-1.2982356583327332,0.8516474974364766,-0.5864927174371175,-1.5420642036294152,1.8419282532268275,2.0181854719871244,0.755973477658452,-0.6182803946325178,-0.7847519199954328,-1.712863277934996,-1.2583046153308506,1.298804042452907,-1.6229768525494832,-1.0979215599767027,-0.04608536530423551
180,2020-11-02,0.39668814594196206,-1.4506269040973363,-1.288058733002055,-1.15654826564486,-0.8225607995622791,-1.446705556623422,-0.785043666570216,-1.533695221277214,-1.9036945487626138,-1.3719767215685557,0.9246801109202873,-0.8100303869283093,-1.6397686147214405,1.853073208026179,2.187784360013745,1.2166887443135594,-1.0715085522723582,-1.1764832377103362,-2.4285939440574915,-1.5384475553807095,1.1398322362300135,-2.249054608401953,-1.7790234165423302,0.024552697005879087
181,2020-11-03,-0.2567205952555818,-0.6765583525679956,-0.032407951456998776,-1.3008346279230116,-1.0113642090457298,-1.8263930641888377,-0.7549188021032408,-1.0707853707871082,-1.3986309084007629,-0.8554706236432972,0.7602112946579852,-1.027226562249549,-1.7087151884350025,1.4553919400670352,2.2151871080394376,1.6632825490618572,-1.323252509988593,-1.1862959737804835,-1.22079844497578,-1.4881206083614562,1.0425129439007803,-2.307922810040715,-1.5096624234708986,0.0015535190323418648
182,2020-11-04,-0.35520048688704825,-0.6266952986647967,0.6457969908071209,-1.4156113579513758,-1.1817584437420459,-1.5578309394586933,-0.6177012145155844,-0.955300256947991,-0.9001499456011139,-0.34893275454502387,0.6394214790860171,-1.1840653019888034,-1.0080559003771337,0.9930023614915126,0.8201527073696607,1.870539315688102,-1.2289169196131402,-0.7704744463693565,-0.6511961231866272,-1.2029112630143692,0.9596348543779701,-2.2200971278978234,-1.083591154515566,0.015709548391438864
183,2020-11-05,0.03207135696745987,-0.10603324122380671,1.266680487702634,-1.4814146962796486,-1.3114971051363284,-1.1633383850987409,-0.23664436906163858,-0.6484979112316056,-0.7935131036889288,-0.2798929442955304,0.5931207346718419,-1.3607212110091984,-1.1619611840927428,1.0489722792761684,1.0912325502320248,1.9767896515716084,-0.7024572113201374,0.032938521610169934,0.09733886513314943,-1.2383608968510704,0.9025815026267708,-1.9222545606202524,-0.44125002687193843,-0.01353866833279818
184,2020-11-06,-0.48118323115886086,-0.36654122605206424,0.8095563016309296,-1.489967144786457,-1.415552592059313,-1.5158175566167162,-0.4921271636875078,-0.8609821688741149,-0.6516010164007194,-0.06590821249519602,0.3152098363613641,-1.5099728059379673,-1.2663989120205836,0.7099976566385828,1.0912325502320241,2.022832597412206,-0.2594930202463764,0.4063533432631875,0.08242780958893077,-1.0898893005322146,0.8465975360118632,-1.7691693993228172,-0.13517974043124306,0.03590285215692986
185,2020-11-09,-0.06414062927612463,0.8069779300440627,1.266680487702634,-1.4405072453386476,-1.4583099257979717,-1.2060865310914695,0.12335890797762918,-0.09408372837366423,-0.2337922050876593,1.8518861053845221,0.37689237024360567,-1.6349908338600962,-0.4056127605749715,0.29210616782762167,-0.5080106201103128,1.8100798055999048,0.6323108839532897,1.2707739175503334,1.0755041088338935,-0.7842194537120397,0.8514705060335106,-1.2693251478722052,0.6074572098854264,0.00714714179963824
186,2020-11-10,0.03988303108127547,1.0320259904484503,1.266680487702634,-1.3428090010600882,-1.4477050527218691,-0.8258752076098455,3.0525444416112,0.06480220728442962,0.05408838649131627,1.4586503255669685,0.3759072893059996,-1.721167209991204,-0.008886585520994441,-0.05340615344037677,-1.2921767246120148,1.372664285014324,1.1473100574183028,1.4586620647739454,0.9323579756093944,-0.6612446652030991,0.8722055630016341,-0.8377490180068952,1.103566297302593,-0.023721274403067608
187,2020-11-11,-0.4917547901362365,0.7099604800224837,0.2639290870929444,-1.2282430513661229,-1.4213790886685287,-0.7279767292131805,0.7062408989083307,-0.44954828250878764,-0.14647606247381922,0.4624708611646385,0.19536526725805153,-1.7665768378868305,-0.24484816953041275,-0.0657015519164429,-1.0377929249945153,0.8920136520199972,1.0851893028974964,0.8062057210679493,0.09733886513314943,-0.5285524726733808,0.8659175902391714,-0.7467796605480366,1.0115046409746706,-0.01654449501709555
188,2020-11-12,-0.6237852821090677,0.3051091632743471,-0.6715558378689713,-1.123403953275929,-1.3966012107051573,-0.9949550878762374,-0.01930708933401197,-0.7376496644499227,-0.35768181031491236,-0.32336846281141013,0.18035449887415422,-1.8778927087631423,-0.49066238568789555,0.3170774572030275,-0.3778771970333334,0.5211046618682601,0.03172623179959488,-0.8568443644062846,-0.41560144558797235,-0.7915996729304586,0.8406153307822707,-0.7976179008590525,0.7342872183802489,0.005238033852738805
189,2020-11-13,-0.8074016220316581,0.548436170020441,-0.29102453351496615,-1.0588177196461315,-1.363458861598569,-1.095866627842103,-0.19742773089921328,-0.6177430629263976,-0.42815751898836346,-0.6621242857528108,-0.025788389714658005,-1.8665686120310638,-0.663254990610067,0.17633982214572066,-0.261496918061731,0.25278876009873563,-0.7275490420853816,-1.476222038529585,-0.2336865679485048,-0.014358561723885888,0.8274590583567416,-0.7386608745012223,0.6701269336300839,0.05384075367843786
190,2020-11-16,1.4828468337457208,1.3881397455689342,1.266680487702634,-0.9496971557037425,-1.268474824794021,-0.9667415195752288,1.1654776943965803,0.9323261968405803,1.350659603761554,1.6280777423248507,0.6936867693197795,-1.6837976907753498,1.6929057087841686,-0.3610966101063189,0.11308461690985921,0.1112605768806298,-0.5027582370823325,-0.4319926146776187,1.0755041088338935,1.3257499344084382,0.8327047133444596,-0.17223464946206535,1.3472825173908218,-0.032857773102826775
191,2020-11-17,0.3260710919330453,0.7026392765205749,-0.08706490846655672,-0.8418387197069033,-1.168039325350512,-1.480661773578473,-0.11311760887145766,0.09366270902482472,0.4001860685403883,0.08163099729272386,0.7443853412375713,-1.5748598802127725,1.1389012412143111,0.5521143446813128,-1.07371210373518,-0.1204936288500812,-0.23300131951146866,0.16197897055231275,0.11523213178621182,0.5394953940093389,0.8438785493158637,-0.11612279902498002,1.1564388567762252,0.004503835867186173
192,2020-11-18,-0.5781151873668523,0.8136840397051852,0.08590888693737181,-0.7202540105912412,-1.0605762760353796,-1.1864888955908897,-0.21441010710646144,0.2160680236900986,0.4355671748740173,0.05774373920000219,0.4326264424679914,-1.4608262261207563,0.8075072013369274,0.26110508322875986,-1.0737121037351802,-0.3793628088643078,-0.004294367657908336,0.2848706071162144,0.29714700942567945,0.5788101301606062,0.8484495891224267,-0.027925619891326026,1.0498231622337149,0.0321324622950848
193,2020-11-19,0.1449986458846928,1.3881397455689342,1.206686042613964,-0.5376506608512489,-0.9178171161632421,-0.774489772664953,0.4095760201288591,1.1055466435910521,1.0657018519124195,0.7012132383469212,0.5427272380480538,-1.3244841014665572,1.3068229740412718,-0.1232826394491829,-0.35785957783356565,-0.5305243761757528,0.0465293994206584,0.1560923843677681,1.036735364418925,0.7997878514144005,0.877508202534963,0.33166360735951833,1.354120189875821,-0.011378678567659043
194,2020-11-20,-0.515477800463446,1.0755134215981073,0.5749979945977556,-0.39119571371887746,-0.7691530669733861,-0.6129070495511401,0.35543186542192395,0.7872928254613515,1.1600295490769204,0.674635850287253,0.285680276500206,-1.1911994829300112,1.0256423726307915,-0.3538658189271007,-0.3043486821043129,-0.6068876131240946,0.24410449807921433,0.3215868404558915,0.4313465093236474,0.8291224667738425,0.8907953210638467,0.43660531074085873,1.232005381861652,0.0020518840556841863
195,2020-11-23,-0.31723407076398746,1.1319060101000127,0.26902730598111485,-0.2237573823713344,-0.6198652413393693,-0.18819553917549472,0.4609175017593395,0.7555537550882097,0.9423724726248445,0.35880404966685103,0.13396889445128618,-1.1293699147728717,0.6695889623710828,-0.31120865787110885,-0.6160911634871402,-0.682581501987389,0.8142977812833463,1.0234735043487917,0.2524138427930235,0.3766013599481104,0.9166139169872514,0.5082425640286835,1.0865042244436431,-0.024304693697150718
196,2020-11-24,-0.2454170668143924,0.3524519673595034,-1.288058733002055,-0.06584394205786444,-0.5006859156147048,-0.15906220969127466,-0.40677665985992373,0.03814876022631394,0.4222600341624464,-0.11368742819666992,0.13123740062874217,-1.1057025526028303,0.3040761777811559,-0.1664789144924889,-1.0891045898276213,-0.8181023859213837,0.2829324412091009,-0.03202003702235975,-0.320170690104973,-0.03033883052866444,0.9465980777798784,0.31433570652360426,0.5889085649754019,-0.03604544163601989
197,2020-11-25,0.09796060821010423,-0.6002887118861067,-1.288058733002055,-0.03092006230668725,-0.4400665984151926,-0.5850085160596797,-0.3735946881143517,-1.4232912645556632,-0.7489387113652001,-1.4191697460011383,0.2548799756792116,-1.0931328052302345,-0.05712317099350733,0.6678913984509212,-0.6107855855920845,-0.9059925345020158,-0.3064770161473773,-0.8763037535177678,-1.211851811649249,-0.18633760310447003,0.935769436722542,-0.1295367655460376,-0.16799940326658389,-0.0009335616050674814
198,2020-11-26,-0.7426643227320648,-1.072724631924941,-1.288058733002055,-0.11826823162256411,-0.41718563358282285,-0.5263477518449339,-0.5800401825969417,-1.2873121334520108,-1.1731904931755806,-1.1501339621239641,0.0410221500213033,-1.0695786840275094,-0.27676044105680764,0.5409333001954205,-0.46243665929357564,-0.9415983052063425,-1.2547991264160592,-1.7593885832613174,-1.0567768339893746,0.011590673567142723,0.9343154082419343,-0.3919359380901686,-0.5130166449346707,0.004968954323187144
199,2020-11-27,-0.6977861949506972,-0.8335889997939088,-0.9425331834238292,-0.28187430733146446,-0.41121843194934393,-0.5922790795062196,-0.6919957655821661,-1.1352696050879758,-0.8685564279270275,-0.656268763963833,-0.14803950623480996,-1.0341342612561075,-0.39801142624004915,0.2466592991120942,-0.5566576538717899,-0.9608377596802277,-1.4345354376250758,-1.3943793533761717,-0.5975163232274401,0.008152825619167126,0.9254527858924431,-0.4813996750784885,-0.5407776072106232,0.002166177545161539
200,2020-11-30,-0.31638210630610586,-0.7237638096199277,-0.7743958336693831,-0.46312082006849664,-0.41111962489738146,-0.18758510546604173,-0.4341998760735775,-1.068750998928712,-0.5977057325272812,-0.3542351923144213,-0.29209867294778613,-1.0768261059360418,-0.34536769689146396,-0.024254760882759824,-0.8736763237607782,-1.0146233527339625,-1.2224470352556984,-0.6430469851547258,-0.275437523472317,-0.6352038679731922,0.9536550779243542,-0.4869083479121348,-0.4424669340895087,0.025935854975533284
201,2020-12-01,-0.2026628504280253,0.5645804883549885,1.266680487702634,-0.5439675414277141,-0.38585979980491025,-0.11839663184469497,-0.4148728819156567,-0.26102506699479316,0.032730094752610815,0.6964500087376684,-0.23118712816626005,-1.0112595858573177,0.16601862121159533,-0.3319708994828753,-1.0399646773915816,-1.104968429896285,-0.2482632146543232,0.7136210540923803,0.646065709160396,0.09942040557499371,0.9692180541271829,-0.22910966044857878,0.014165430696297346,-0.004528309624747734
202,2020-12-02,-0.4718716196191974,0.27634152355024105,0.9205279593877151,-0.5313677872592418,-0.34871018604828274,-0.13382235498754624,-0.37786139738061786,-0.40356493733607823,0.004577305839986188,1.1185785868392872,-0.3909724828065627,-0.941276668053086,-0.07004487436054375,-0.5363288622384266,-1.0399646773915816,-1.2065911967334115,0.5519095613236268,1.362103259421653,0.5506349536773967,-0.016262831850889087,0.9836746186568354,-0.09571013775453438,0.20089343456293704,0.006333907467086387
203,2020-12-03,-0.5777672018840556,0.5894515831188722,1.266680487702634,-0.450385338008765,-0.29758484011895153,0.4651469583812331,0.4417634080219276,-0.20400911885828577,0.01623219331808765,0.8510412366990395,-0.5511564788324189,-0.9255361735954959,-0.27428183618429536,-0.713134892059037,-1.039964677391582,-1.3056721508056728,1.4697171461612701,1.9397401023105303,0.5715104314393028,-0.34099257187298054,0.9893546838497845,0.05463466085914493,0.3746011744884416,-0.02157810511020343
204,2020-12-04,-0.4286854212541861,-0.5111644894913112,-0.5738246830503172,-0.36722417261754714,-0.26063886938429914,0.03800298899288557,0.22366312565426033,-0.6099972247103342,-0.3499101186043863,-0.018206930081582414,-0.5139300349390694,-0.9367470293602538,-0.5141192624576466,-0.3135390793671075,-0.9575504686836178,-1.383808128091023,0.7695055231924728,0.26515235411960325,-0.1412380235743491,-0.46708105414577317,0.9956454172155607,-0.04181988508266125,0.1592811798392115,-0.013298479576017364
205,2020-12-07,-0.5613518866955768,-1.1312582334235424,-1.288058733002055,-0.36217985799128494,-0.24573598122999044,0.316112384715724,-0.2859253507706894,-1.179085497352887,-0.7345959832440743,-1.0112492551660686,-0.5021242755541763,-0.9394648125759499,-0.7206254040218254,-0.04808431268097675,-0.38236631802567406,-1.3642007981878461,-0.1419112408040469,-1.1036725655841713,-0.508049989962128,-0.6544392283473613,0.9760527740436187,-0.2069805434403056,-0.1116040347180431,-0.011901173980297846
206,2020-12-08,-0.6269411504530515,-1.4506269040973363,-1.288058733002055,-0.44483472860825635,-0.2548451610158205,0.6010893175678054,-0.6089653438654656,-1.4999217762724786,-0.9912115546909844,-1.3156669735724216,-0.6328877547385954,-0.9180622697523265,-0.8680347131866343,0.0931977235910982,-0.023526749637597825,-1.2459921242268048,-1.3078608010010035,-2.095555634151183,-0.764520145322689,-0.5032720383878858,0.9484890298777945,-0.39279660670360567,-0.3579635194565539,-0.0012610342150280222
207,2020-12-09,-0.568683580833121,-1.4506269040973363,-1.288058733002055,-0.595123676340999,-0.2771164537834657,0.1172233355457722,-0.8308610343941827,-1.4765277715050444,-0.8600436966796245,-0.8106257311232663,-0.679977271750813,-0.8502309303271843,-0.8859640536853081,-0.1796443034775151,-0.24973609485161105,-1.1188557575865605,-1.6743969640221397,-1.7764067166958122,-0.5766408454655338,-0.06919876461836506,0.9241018375129458,-0.49037785058427485,-0.42838797635533765,0.009419221916491558
208,2020-12-10,-0.5924305901591442,-0.7299497791011772,-0.3443057194004037,-0.7609927960101356,-0.2944520794957939,0.06993593767867026,-0.6630261999250585,-0.636466446693708,-0.918152883767893,-0.7476317260852042,-0.6457473024414434,-0.763488349359478,-1.0508710231614447,0.17342164101089622,0.34965813691386416,-0.9134684315415618,-1.2566236442936267,-0.5734298188912657,-0.1412380235743491,0.06293598066421119,0.9162686731217459,-0.4377899557600851,-0.26915625828356415,0.03530681383214492
209,2020-12-11,0.7424057233507813,1.3881397455689342,1.266680487702634,-0.8161046497678148,-0.2694806768465176,0.21152784923854956,-0.44962798594180947,0.6863781333294422,0.5460435435506628,1.135644607290093,-0.4386093696960831,-0.6462839481824838,0.4943789662754001,-0.22369216990962185,-0.8570338809296438,-0.8541810432124766,-0.00832550409513764,1.1610459386576082,0.9413046089359255,0.45811639381385444,0.921826448770436,-0.06537425872808429,0.31734934849714,0.005115100666770409
210,2020-12-14,0.8248422842753792,1.3881397455689342,1.266680487702634,-0.7144856408225576,-0.212617377322258,0.9614291367379129,0.25587346921085447,0.7223895423365096,1.6333171630971959,1.579322049732279,-0.236948232040222,-0.5385917882604361,1.6292297037821526,-0.5678691333430432,0.3032203534612044,-0.7115302733924632,0.8256799417496674,1.6643587485656706,0.9770911422420503,0.49717219590029493,0.9317161947556812,0.2172090531829616,0.6575973603375554,0.019614298945143924
211,2020-12-15,0.006332430739910762,1.3881397455689342,1.266680487702634,-0.5055276615041493,-0.11704148882345276,0.9765609231094092,1.3780982266668538,1.420669162973495,1.328365892752381,1.0028994142317467,-0.04685868874787547,-0.4648719185346157,1.012265705686154,-0.4080899516632134,-0.2534071987786514,-0.6160679187416684,1.439707097471914,1.6911890780105467,1.2872410975617983,0.4135898973777695,0.9273932502244764,0.5664593130100286,1.0254977206853155,-0.045455530129031294
212,2020-12-16,0.06763787320916409,-0.2974576007433924,-0.3959565133357511,-0.25223199607580227,-0.04948814602166701,0.24221927473175378,0.7041988122514136,-0.17690996908991682,0.4589599333994202,0.2661629090759027,0.16273421222131945,-0.4500373518155936,0.4750052712366489,-0.2790978267212365,-0.8134254689655642,-0.63102552491809,0.6905888144719857,0.05627932235701182,-0.20386445686006746,-0.1149432329894939,0.9207977336062112,0.3499572342079851,0.5076673974289287,0.031527315634464426
213,2020-12-17,0.07025376407984274,0.7787857561788452,0.14357266210178948,-0.02439496061037007,0.03093456939592892,0.8044006621572298,2.2403650540121514,0.9234094331259435,0.8018980374201263,0.468484166237565,0.258506950077529,-0.3945492778284224,0.0637985897426312,-0.6023928489116861,-0.8134254689655642,-0.7010988167266492,0.5923796412418998,-0.027532384830068903,0.4671330426297722,0.2078404021289951,0.9349071848030154,0.4951668756798513,0.6126487075324073,-0.027838408899748687
214,2020-12-18,-0.16374847385182864,-0.10615536063612127,-1.1551223717333396,0.09393517392267701,0.08638021691458488,0.6685383899401479,0.6036982914525576,-0.0499500380650047,0.1295703599926754,-0.7562305477139623,0.1949170536701632,-0.33237998676931346,-0.23402688368525745,-0.6165830640279389,-1.1231724573842214,-0.837018987225716,-0.4543552523425754,-1.1588263178797111,-0.4513879788940972,0.1268710826891529,0.9407452279180761,0.319080685179891,0.2354061324970472,-0.013282048538704742
215,2020-12-21,-0.17711591619098468,-0.48762141702693207,-1.288058733002055,0.08589847188071652,0.1105863754525967,0.2218064413694385,-0.19168512199699916,-0.5048897909042624,-0.5095489979214951,-1.2944708542502767,0.036192762165551,-0.2506200083637212,-0.46071448930505676,-0.15695818686120586,-0.8598433855962606,-0.9585029250233835,-0.8173951484869845,-1.209318605304465,-0.6929470787104395,0.12708293515020183,0.9463773593793561,0.08992724955028283,-0.14256718944809507,-0.02455269700587896
216,2020-12-22,-0.25614461928405624,-1.136076977448876,-1.288058733002055,-0.00924532082168522,0.09058828879926284,-0.5240115545905932,-0.6127466062928805,-1.3301293425661556,-0.9794809315118745,-1.3157607453968774,-0.08000143360026665,-0.18494024731768066,-0.6663878818396927,0.2088042944455019,-0.229040339373822,-0.9742243072324276,-1.5846673686251194,-1.7217622771387335,-1.1164210561662493,-0.03501241723004309,0.919611554786903,-0.2565003252089104,-0.6132955953094028,-0.04564025463043482
217,2020-12-23,0.5831363677245532,-1.4506269040973363,-1.288058733002055,-0.22824737505656714,0.001755803698903698,-0.5661918135471952,-0.820225329178453,-1.3974565787157274,-1.5865740875837382,-1.3903338093923256,0.2620477864479083,-0.193773042768696,-0.9506600421125666,1.5199368078421862,0.9981562352811579,-0.7625681520544692,-1.6269735834097636,-1.32719337603638,-1.8261873000710578,-0.5876699521926867,0.8397062259980834,-0.8273499710737198,-1.312041411240699,-0.09437665969919028
218,2020-12-24,1.2868350109359237,-1.4506269040973363,-1.288058733002055,-0.5398466111185516,-0.20748991375129955,-1.0666570992644575,-0.8375848676483232,-1.1842367902480588,-2.5155123359378386,-1.567005631252988,1.078544113525996,-0.3531030837890178,-1.2598847472523838,3.8812157637312943,2.070635401278351,-0.30174898737078837,-1.6327773862237855,-1.0101432075414603,-3.6334072320303585,-1.788385217648067,0.6295636173114381,-1.8626189532684494,-2.5377227990816382,0.013833493261350789
219,2020-12-25,-0.42622552387579565,-1.2091037633807222,-0.8559066855961527,-0.85377471878648,-0.4632803765935214,-1.1474807821303439,-0.8715432560193099,-1.01495688221485,-1.8379183912258046,-1.0025877800129526,0.6675977479851157,-0.5607870178553029,-1.353647324683207,3.2709223444072184,2.0706354012783517,0.2485762707600017,-1.3777569699297234,-0.6322686371897429,-2.4136828885132724,-2.0216078339604384,0.497037598206118,-2.2946703823090364,-2.652335112912686,-0.041711158086963844
220,2020-12-28,0.09756462472968039,-1.4506269040973363,-1.1281171726963013,-1.1333975028584953,-0.7652739450707609,-1.2113577680198484,-0.8736227584215619,-1.4366379928358521,-1.4417774238249017,-0.7826318111107058,0.7342993616077113,-0.8381141468238624,-1.4861627042179955,3.361568920207459,2.2576540936596863,0.8258757130026055,-1.3813797539158827,-0.7374731896449647,-2.6224376661323334,-2.5131504588643563,0.33869909394115794,-2.7541843420281,-2.783448064090301,0.029708831790328218
221,2020-12-29,-0.09644328167918392,-0.9587128769089338,0.42839791050304066,-1.340261553685871,-1.0485942921036355,-1.1810958673239025,-0.7574704181929578,-1.088358756212504,-0.9896879125572797,-0.4875253532963066,0.6654279615432392,-1.10830709485121,-1.5857532964406231,2.5848961167089266,2.2576540936596863,1.3698110089967388,-1.2747546195777781,-0.6885496455559451,-1.0120436673567188,-2.4091239742149093,0.23975357315651233,-2.6847344293476216,-2.128998510521448,0.017051020756614892
222,2020-12-30,-0.3677999612641702,-0.6809203052721848,1.266680487702634,-1.441830853745998,-1.284369377584872,-0.892642733684031,-0.6233613494242112,-0.883744704696285,-0.7389234511409072,-0.2755521977010041,0.5420243377184744,-1.2813392929173468,-1.6661258326379331,1.9580983276857498,2.2576540936596863,1.8523209000890704,-0.9335142396444137,-0.25015550356692107,0.10926770956852437,-1.7410612934005705,0.1694621024428625,-2.38846284533437,-1.2798310946104323,0.03949737659397248
223,2020-12-31,-0.13842953010351694,-0.06365620814783077,1.266680487702634,-1.459295545093047,-1.4358236800957602,-0.4737939789523248,-0.2947130980002341,-0.39615377342359503,-0.3747342517961445,1.7136926426115304,0.594294762788867,-1.4548244548527596,-0.4822707930300119,1.321985847858294,0.29584509556928695,1.9889280878881608,0.30276079563272185,1.308089442280263,1.5109069307250782,-1.6528371251352316,0.13774480157696165,-1.7911882093806213,-0.16840029543364168,0.02829573470107473
224,2021-01-04,0.2844088299926954,0.34958020215847013,1.266680487702634,-1.3740250545876522,-1.4936033512287108,-0.06767895628594742,1.5020007902649846,0.016184734410575607,0.09975923300125521,1.7047351027240865,0.8518158516026174,-1.549380662565603,1.0774061868912364,0.6844244333632162,-1.2212601786669786,1.7251047589582489,1.0494909388195108,1.7242698528680593,1.9373631192897316,-1.0111416881321904,0.12172456517958664,-1.117183140071231,0.8308926616754198,-0.02312241742085415
225,2021-01-05,0.09161287302391613,0.30600480143411446,0.7990185266116899,-1.2437413966318762,-1.5060467925812229,-0.45275827482732905,0.09026785884300771,-0.25247751073260194,-0.07542356750293579,0.7289611421933576,0.7055149663498057,-1.6463149305921747,0.6653142295907263,1.0866333227437608,-0.9840218036442775,1.3117931674576473,1.2149961908297369,1.1603845706081872,0.9532334533713004,-1.1262510186256554,0.09598880247223436,-0.8374649704767724,1.0643190325932694,-0.0034459027895255762
226,2021-01-06,-0.4044104339542645,0.26207485199100183,0.507540953136854,-1.0981779150908377,-1.486764369140668,-0.7669597383222551,0.291063359940422,-0.2758575837272023,-0.12459346842715605,0.3171544998036356,0.45905140889309526,-1.7048605106970116,0.3516652459840696,1.0480302703204798,-0.740729996025129,0.8900772885676052,0.6370256702979941,-0.01866684622242973,0.413453242670585,-0.8779524549206739,0.07088586606406198,-0.6504660581086805,1.1179594838403497,-0.030491235441558826
227,2021-01-07,-0.4201057791783364,0.2319325886461263,-0.7855342336000135,-0.9838274675734511,-1.4715931612649564,-1.0617880023082145,-0.2773061756835349,-0.6252848501494828,-0.24448692704376046,-0.3832811324617725,0.394898491328146,-1.7373606683180722,0.023485228351784116,1.192559330507234,-0.333737887219973,0.5555863552458747,-0.17484589187975352,-0.9944376578257473,-0.6213740120981899,-0.6964822255045898,0.03131640106892461,-0.7373270470979552,0.7677396009640781,0.034968597837746855
228,2021-01-08,-0.13174580893393892,1.2517568196140072,0.6387363284095452,-0.906677202792721,-1.4205259637083458,-0.7634952016970407,-0.23922308051779365,0.06098309979490018,0.14761028448945865,0.07076596373062526,0.46580884823873214,-1.5696507957160153,0.3016331074934519,0.6767453385439922,-0.9616738619931542,0.20482540487368409,-0.4110578111957675,-0.7682385518929654,0.18978740950730513,0.9701756696142748,0.014890877251763284,-0.47685855175240455,0.9861632299120864,-0.013841051411871468
229,2021-01-11,-0.2055187312868396,0.9972317277717909,-0.05085821247576232,-0.8456270186448421,-1.3576388867372071,-1.0302568107793182,-0.5758765074982644,-0.024536237438888574,0.2040373030794239,-0.28296460869384743,0.43985031341018493,-1.463657250303779,-0.03237361516420491,0.2996697412977749,-0.935476548833054,-0.12192844135110883,-0.557686809405317,-0.5533748527925183,-0.18597119020700506,0.5952327893553612,0.006529920008607527,-0.3990076391287354,0.8987503550611848,0.02817087696669644
230,2021-01-12,-0.20749864868895873,1.3881397455689342,1.266680487702634,-0.7625504574424111,-1.2577284073751438,-0.7396531666495968,-0.634920371138262,0.5841645814604723,0.6229171150511519,0.9511164448255868,0.2932557154388427,-1.273299184237569,-0.28627418790124154,-0.01315070092269952,-0.9354765488330536,-0.4097599816864303,0.547026458320373,1.1535967103193496,0.6997455091195832,1.5623740641524464,0.01921311970780707,-0.10285682701459523,1.1421946269917416,-0.01467352722516152
231,2021-01-13,-0.3550204943959465,1.116983994868733,0.45111816677971445,-0.6384289144004435,-1.1498945934654197,-0.7659709184133766,-0.6038093521866561,0.571396044121703,0.7810612512780615,1.0526556262437687,0.1580046413319822,-1.1388821560278202,-0.24047823713184469,-0.28614927504753473,-1.2779057160963752,-0.7022678410162633,0.885475948427156,1.2445779993249715,0.2524138427930235,0.9403327665612927,0.05285535611462018,-0.028045590198557707,1.0192119475612007,-0.006552877388723785
232,2021-01-14,-0.1552048302741993,0.9956790014159318,0.08290386622777962,-0.5392941826632002,-1.0449370793160662,-0.8240662577002168,-0.6219056346854038,0.429110360106134,0.4303624365121821,-0.001062404939847204,0.01744806973287821,-1.0391168638182238,-0.46026904935730906,-0.07280221685416007,-0.7743078961577564,-0.9026458491230914,0.8671099968706552,0.6390333876633304,0.06751675404471211,0.6205876074772337,0.06328923445437362,-0.02496922606532156,0.8178487295271359,0.03401688527825435
233,2021-01-15,0.28679673037464515,1.3881397455689342,1.266680487702634,-0.40946951981939433,-0.9089876905165886,-0.4662248737603824,-0.2532562534813862,1.1779823812407024,0.7870370902794191,1.1331356525232459,0.36157786399016756,-0.9516948370465903,0.13032840106940305,-0.4759152442981711,-0.9055308209666385,-1.0580675271850861,0.7522259431556927,0.34893242841289496,0.7832474201672077,0.5474207155744006,0.11893565072813889,0.2585445784847027,1.059332608938778,-0.009071118811166887
234,2021-01-18,-0.39949063919748357,1.1697475218340783,0.4696742101581684,-0.24808438697038782,-0.7670166890593307,-0.7252629235495729,-0.5711753480125328,0.9033631282272757,1.1811536055063243,1.6500609645489746,0.19109188529729895,-0.928480438745833,0.03322408170952589,-0.6903803324187426,-0.7277973025302275,-1.1529348895346727,0.8108029127458801,0.4848162607157205,0.4164354537794287,0.05910333489618041,0.16222928174572934,0.3533857538904028,0.981675774799712,-0.016675560818415057
235,2021-01-19,-0.4493845577308864,0.6610641753338751,-1.1595277995874074,-0.10807971529019592,-0.6429892700277894,-1.1249700993172531,-0.5507743445698616,0.44798603844706153,0.5575293978492395,0.1463885743549334,0.10503421038640588,-0.8755969070070354,-0.23654843463860148,-0.3121136013672065,-1.3119375650395242,-1.2910978017059296,0.8872834074005591,0.6149635398173631,-0.15614907911856776,0.14205497113876234,0.20635597584170054,0.2701391622865053,0.663901185057712,0.00034311202944259145
236,2021-01-20,-0.7594036244045269,0.40424097401280973,-1.1248354317564573,0.008531136197918971,-0.5337416529625751,-1.3290758204954414,-0.623318875736334,0.06613018215677116,-0.09008907417712442,-0.7286151900731458,-0.08963969965081187,-0.8138805798172204,-0.43980717173332207,-0.17450539068940057,-0.9059283728413224,-1.3831224833258426,0.3311632535768058,-0.2211724181600682,-0.0845760125063182,0.1910582849081056,0.23959050268344792,0.21902088069518558,0.4558024478898789,0.03538701158432264
237,2021-01-21,0.4526298121763835,1.3881397455689342,1.266680487702634,0.17127363944875099,-0.4006102933418455,-1.2715772665153138,-0.18807659406796834,0.9966531322063398,1.8154841734458023,1.5023683829777548,0.25793225275343007,-0.66428926198648,1.2189424463627794,-0.5611113201931069,0.05781513501748313,-1.3089148078940493,0.3413571677652279,-0.01416748749135135,0.7921940534937388,1.073421724551193,0.23637702456075643,0.4726652980049262,0.7268173850657259,-0.018042587671037943
238,2021-01-22,-0.46387995301428003,0.7338842202132025,-0.36419859527000703,0.2911891995728274,-0.277198773609039,-1.2214056284866763,-0.1112095446121489,0.41346626803258363,1.0466472042958488,0.3685790585771546,0.12974587118365352,-0.6018934889927421,0.8207362549082469,-0.6244348408006506,-0.13370000109816593,-1.1828154927297734,0.262950217059436,0.09489564511644848,0.11821434289505556,0.35886065093815994,0.26790715612696947,0.4665451726124212,0.57073130539333,-0.008804662365150108
239,2021-01-25,-0.4789873227674196,0.42424295241218885,-1.0944369408885897,0.3979278572714812,-0.17423262473542322,-1.5021192356839834,-0.5646939126078703,0.1326725926896621,0.612686486446083,-0.08962771185794405,0.04517216165761732,-0.5267014866917531,0.45788902966196476,-0.6190880626546237,-0.42487754493881713,-1.0813769150251553,0.03356556070753455,-0.20020873957264648,-0.060718323635568346,0.42513158953023716,0.2926764582291577,0.3799120822736727,0.33028421200814384,-0.039547297088254454
240,2021-01-26,-0.26609220429227914,-0.8193235571782562,-1.288058733002055,0.4525881195061128,-0.12821147356697907,-1.4939683720469419,-0.5768727872635697,-1.0984996761215997,-0.6824645571548851,-1.0683912856183735,0.20400318023209685,-0.5291927879728062,0.05168863206669193,0.08885147671738525,-1.216566333460038,-1.1118478834664327,-0.9152365840254019,-1.4105462652900624,-0.9881859784859688,-0.438603241223978,0.3605885219749171,0.00888129211138066,-0.27033296082316205,0.009508787969027136
241,2021-01-27,-0.681610869750354,-0.9632086115832502,-0.8364602930752594,0.34220731235181906,-0.1085920325611695,-1.2828785085638534,-0.31875929264846375,-0.8680721390482322,-1.2464137213241029,-0.9588368036255241,0.14771895864785967,-0.5076770041818643,-0.23279784067045234,0.14251097449342753,-0.8510929716759024,-1.1558688124905176,-1.2064038758723492,-1.3466348039712395,-0.6124273787716586,-0.13685344676160774,0.40250964599067107,-0.13391424864781196,-0.4231897019073695,-0.01198886009938741
242,2021-01-28,-0.7556477810902038,-1.4340351922870018,-1.2058502749745188,0.14707501505551263,-0.11655842457421663,-1.2338226744798675,-0.5357993067313576,-1.2430527838127052,-1.2308181907122018,-0.8087964257323583,-0.08784761335526424,-0.48910548554125965,-0.42772384186281587,-0.10643243689054287,-0.851092971675902,-1.2032094414834564,-1.4508803223592037,-1.1922595883503957,-0.8032888897376576,-0.20532147787526164,0.41716830057945276,-0.2985362717884043,-0.5768075167611052,-0.01753489193272839
243,2021-01-29,-0.6111858077319458,-1.4506269040973363,-1.288058733002055,-0.1172422902387564,-0.15638816105298545,-1.1056118315598131,-0.8457782779217639,-1.0077085007825635,-1.5969222185100973,-1.0979904842568753,0.036471014740517435,-0.5370064147179431,-0.6886615956637637,0.7062824782258538,0.18141945991912972,-1.1035531032146138,-1.1682900462124013,-0.5797791258662167,-0.8927552230029695,-0.8364622465729102,0.38323511851432385,-0.5099453668794671,-0.7668656962180602,0.02142939145589921
244,2021-02-01,-0.47455950748631676,-0.4869177588187652,0.41943651004298554,-0.33454697429399155,-0.19016985775003736,-0.5692618421936367,-0.66639388522099,-0.4789649623737476,-0.9329704439940599,-0.5293864386690551,0.1395209963630993,-0.5468583788748529,-0.6741305346388763,0.2565653302066343,-0.17763033496075803,-0.9873959192665018,-0.8090530950671387,-0.09001660219718503,-0.030896212547131038,-0.4669854092888321,0.3724094382338026,-0.4436316647281909,-0.5202347192204625,0.021671592641372105
245,2021-02-02,-0.41102215812740184,0.43618025272037175,1.266680487702634,-0.46256858203242335,-0.19428986038167917,-0.5666239928583533,-0.3456260972466872,0.06740336064869437,-0.2805838274408919,0.7976329077270145,0.1644397153258488,-0.5000898593713726,-0.42319748909161287,-0.10451243152011813,-0.8550298343624727,-0.9673181175491908,0.2802545988361874,1.1836830649210928,0.7057099313372707,0.013824156553625068,0.3713263826689207,-0.20693422937984515,-0.0783401345172787,-0.047080009061369284
246,2021-02-03,-0.5670996469114257,-1.1033010562892038,-0.613722810685873,-0.5634071392739796,-0.2251617026362388,-0.44893214291272787,-0.27102692999132977,-1.1046448161575122,-0.7978443931493808,-0.4680051304843492,0.21313532366370838,-0.5234174986394525,-0.674767823639911,-0.09154372277277996,-0.4932224310658368,-0.9471502192443643,0.3428644204974557,0.6898252716052242,-0.5796230565743777,-0.578109952232121,0.33957525910607633,-0.4084697702245009,-0.3539180741663944,-0.01791966034353947
247,2021-02-04,-0.42524156492443943,-1.4506269040973363,-1.1035999597597208,-0.6657801847779563,-0.28576677430027364,-0.8544295034455452,-0.6005877104120091,-0.98744180800303,-1.417273867512024,-1.6038774062321624,0.2161410188744228,-0.6417543094896536,-0.8828006223525713,0.9212490682180894,0.592653734439182,-0.7762714565518242,0.10019772660899531,-0.11408323631446765,-0.853986478588001,-1.210816500507549,0.30515897609522424,-0.6373569914691691,-0.6136443978512212,-0.025033999269457496
248,2021-02-05,-0.6970302264880699,-1.4506269040973363,-1.288058733002055,-0.7888597363358064,-0.3823632012206244,-1.1344196796857369,-0.6063220333883099,-1.488155786487299,-1.3240748731043857,-1.0824311486260028,0.13585875468597722,-0.7602043613071753,-1.0473002361826114,0.5140127167346358,0.5926537344391812,-0.542448682452699,-1.1117076525331133,-1.7456449431624914,-1.2685138227172799,-1.2913249631204209,0.23552550943478442,-0.9217121211524719,-0.9010509266082568,-0.0030314536288264617
249,2021-02-08,-0.7756749456001244,-1.4506269040973363,-1.288058733002055,-0.9645911626866354,-0.49533638561023413,-1.4177011567814322,-0.5897172903795718,-1.4118420254458206,-1.249063841095154,-0.84155627644233,0.006921518707988855,-0.8657449428501295,-1.181363746594781,0.505000939433646,0.8172233556015743,-0.26409975952779424,-1.3674857611803086,-1.520952895262721,-1.1223854783839369,-1.2248850413910817,0.17621918474201684,-1.0664892766565146,-0.9306087284890739,0.016933612529439673
250,2021-02-09,-0.8114094548335236,-0.8522147047980564,-0.34669410538843703,-1.1179019376901635,-0.5924441200342909,-1.5882575870389293,-0.648751721231183,-1.0881694740186867,-0.8555954092061104,-0.41540780609864686,-0.1717249321395049,-0.8855621121312618,-1.289290051600572,0.20443481438301,0.8172233556015743,0.014244225212311288,-1.4118931430678208,-0.993815060080316,-0.36490385673762893,-0.5542457930350538,0.14076659413658504,-0.976271429369893,-0.6169141899512294,0.0
251,2021-02-10,-0.7714151233107165,-0.7159593076750175,1.2065460226371552,-1.2018667745288762,-0.6706978848800933,-1.4121911853684257,-0.7867136826298813,-0.9826761979979907,-0.6983716183312175,-0.20732879343300595,-0.3434027259851573,-0.9110413297784372,-1.2171437753522047,-0.056307402154962966,0.46991503770789955,0.2211482641172651,-0.7979320550041338,-0.01002460975355372,0.019801376303212402,-0.6698187500397766,0.10860346003508291,-0.8704833794776955,-0.34360717194246265,0.08061659578110918
252,2021-02-18,0.6850001181887324,1.3881397455689342,1.266680487702634,-1.1417373493215672,-0.6480796166768816,-0.9077253652334668,-0.2915398352838279,1.091496108724713,0.8916908997550792,2.1353723324528806,0.4971165666386964,-0.8170513269021985,1.612037867910902,-0.615574208743842,0.34833292402030747,0.3576594167235774,0.1512153984366315,1.0956477858792353,2.2296198079564173,0.5039036267250174,0.10852631635935499,-0.14746416936680218,0.7610880970616444,0.03084467535109857
253,2021-02-19,0.37825691485314367,1.3881397455689342,1.266680487702634,-0.9484894481444812,-0.52843981208673,-0.39009823221416373,0.6900888103382811,1.8869765026890488,1.4604153011253846,1.333164299970027,0.5188226753195163,-0.65171951461388,1.156701106438994,-0.8706816973948444,0.40505830627938805,0.4550686932476387,1.1533276521231168,1.8766726405756027,2.6620404187387585,1.1617015219988147,0.10774104698388022,0.5520654949253178,1.6111245241194445,0.012933358856488584
254,2021-02-22,0.5732367807139573,1.3881397455689342,1.266680487702634,-0.6492257837985522,-0.3392520248936197,-0.25471539054562903,3.068318301891577,1.339074964877947,1.91683552523905,1.1963977375607893,0.5325924831182145,-0.510734510299524,1.952164400440295,-1.0874669598633127,1.0895018272081844,0.620580252367455,1.5970304500105836,1.716674370034206,2.322068352330573,1.0438687153194768,0.09826756042344352,1.065100858243046,2.0234367687377737,-0.028067328550659174
255,2021-02-23,-0.18282767790861332,0.7730450833884537,0.3474949411462617,-0.3035408024846479,-0.1472240509583037,-0.2594701310528675,1.582795076853559,0.7600607339916282,1.138188947741879,0.6134750851737161,0.34587897632952314,-0.44777253246917753,1.4743944472253103,-0.4170745746220209,0.049669941595566244,0.661473906910383,1.4091439746705645,0.8717251636729316,0.8637671201059886,0.37376146819907236,0.09683542686615053,1.1080516072607889,1.6784691913362215,0.010450120381744228
256,2021-02-24,-0.1437573078401285,0.9539972717512466,0.533776793533913,-0.015131196375594652,0.04757471485628781,-0.24724927195890045,1.8254286060237375,0.9737445572949116,1.0185390810454498,0.5097913173915851,0.3043605452772882,-0.29976658818093216,0.9922686052732431,-0.49624948135433933,-0.16652038826050852,0.6051246374341009,0.9053216116610072,0.06060863815744128,0.6520301313780834,1.1518880769973583,0.09325661299825687,1.178037877015066,1.4413052468464638,-0.010450120381744291
257,2021-02-25,-0.5401727702426051,0.7238501741494008,-1.288058733002055,0.1977535671620631,0.22151828924065453,-0.2078317593599201,1.0097972108264077,0.7600607339916282,0.7530791166519095,-0.20519627367284718,0.12734263459720904,-0.13851145071616183,0.6370468650023102,-0.6199491931671957,-0.27771978745098735,0.4881641022987003,0.2199493425739302,-0.625136184390764,-0.12036254581244298,1.256240944959755,0.10017716965041575,1.0925182945052931,1.0283418315003572,-0.0027146267094667175
258,2021-02-26,-0.5609919017133732,0.6627349582926649,-1.288058733002055,0.3257986700615587,0.36922593148686084,-0.11763435283084452,0.038609117554443746,0.7049165215262635,0.6135677702771933,-0.8077080833013448,-0.03943724796855426,0.0604529288664225,0.32849216475718374,-0.6670116253494928,-0.4754710106355473,0.32208952335542024,-0.4178277263220734,-1.0441224997109633,-0.26350867903694214,1.572737582801447,0.10172648936742999,0.9793788690222825,0.6583221736608151,0.033414401663498336
259,2021-03-01,-0.1739000503499669,1.2917644722647441,0.3144701561801862,0.4494188690418133,0.5279592921756735,-0.20985568745876496,-0.06654906040363182,1.3942191773433097,0.9077613466121439,0.7113823518048211,-0.06500877964244779,0.3222660453120348,0.75635190029776,-0.8839436927928309,0.16155056396226683,0.23386618854213362,0.10997541135376772,0.22946092198217852,0.6579945535957709,2.104981852744887,0.09058954997806812,1.1485051921520477,0.7675054800730219,0.042463761429820966
260,2021-03-02,1.3343050305891566,1.3881397455689342,1.266680487702634,0.6027618312372445,0.7305971490375797,0.6458666698799159,0.07839622780653732,1.7516718402884375,1.3099102990234177,1.9130540570296453,0.2129255641328894,0.6203162713002945,2.217345334984926,-1.1381879466286877,1.258620094438827,0.34644608286266343,0.8656089688726314,1.3360287142725635,1.7315905527795143,2.4895398722623274,0.05963787470332698,1.567904501881249,1.2141248055594336,-0.006319136351478434
261,2021-03-03,-0.0017792308590744111,1.2472653819982167,0.7615810061845856,0.7722770060764937,0.9377866215311097,0.5118833194689821,0.02131984579936613,1.6335056707198015,1.1011250566806845,0.9932995621586308,0.1296913117467927,0.9167811237460632,1.6737967425218718,-1.2928204987110503,1.2586200944388277,0.5522864088375458,1.733761813025298,2.0410569502494247,1.1828637087522678,2.3934391176872327,0.04201793842320347,1.706374638556238,1.1681399184969916,-0.009234263993891595
262,2021-03-04,-0.040969595921627036,1.0395092809950837,-0.0008435379633535749,0.9593842206431993,1.121212633413056,0.01657915172033413,-0.4333739206910253,1.4621647248452787,1.1316841673762568,0.7979865758900659,0.03793835581621437,1.0556145496813216,1.6933953896111567,-1.4252220972347323,1.4660316875981396,0.8179980424700545,1.3282005512609696,0.8185739671320695,0.6579945535957709,1.090711513563779,0.04048452739443231,1.644466993581468,0.8437050531152608,-0.009320331008219161
263,2021-03-05,-0.439796957704867,0.7552178824799624,-0.76192607385462,1.109635821136266,1.2646368620629143,-0.5300069670126852,-0.44413029330481296,1.2362539853852383,0.8453686375717461,0.27756239536075306,-0.08220003782569227,1.1415644438777865,1.2497709642496948,-1.0003367128967584,0.6346774540690681,0.975954974861284,0.7987077067424464,-0.11169648358887609,0.13908982065696168,0.545167562489766,0.056251507053754354,1.464173113322761,0.41421097266665924,-0.046258660120725575
264,2021-03-08,-0.11011071150350954,-0.24924322586073697,-1.288058733002055,1.1551739138107053,1.320350771418181,-0.5903837393745612,-0.4873157185152199,0.3426176020630547,0.17775008934996428,-1.0407194428938669,0.15603160783480752,1.1315992387535583,0.684607665376425,0.04859413244601429,-0.9750156383106486,0.8402557353644167,-0.25646102844023405,-1.219608006285815,-1.232727289411155,-0.21990770357637213,0.06835781263127023,0.9180999448579502,-0.454468948563653,-0.0312579114643601
265,2021-03-09,-0.2688880876540595,-1.4506269040973363,-1.288058733002055,1.0868045195209497,1.2833801856738634,-0.6249595387114515,-0.6873818326999847,-0.6776010484246259,-0.9378506152916477,-1.4439131293382066,0.3250464494874632,1.1231061662044983,0.22824855461132265,1.0457476503885088,-0.6283001738219164,0.6144417186883229,-1.0550673095210863,-1.7058535819214036,-1.84408056672412,-0.25987470981163724,0.06547398269427274,0.3083370897137551,-1.2408409088247423,-0.005598335125420975
266,2021-03-10,-0.735752611073758,-1.4506269040973363,-1.288058733002055,0.9224436322985275,1.1842070142669456,-0.5463577529679894,-0.9412804486019324,-1.3048304810049571,-1.1079774509076363,-0.9747546671812827,0.16905691198704967,1.0809805263611747,-0.05299411699586056,0.6505247377648781,-0.6283001738219159,0.361084572159652,-1.5974792986522826,-1.7237964280057763,-1.5011262892070907,-0.45898403382820274,0.08197822489177325,-0.1089598951161577,-1.593649253635891,0.020834086902842053
267,2021-03-11,-0.7678632714863087,-0.9215769312887756,-0.5291027858429679,0.707829071081046,1.0727591892977164,-0.5614738549259402,-0.8712999798066279,-0.7162867024349365,-0.853531098828508,-0.5748733866890724,0.17728321038713818,1.0677313331846456,-0.345572544034797,0.4687599735946893,-0.4370620396853826,0.14118118841841062,-1.2220384128397128,-0.6572503104124781,-0.508049989962128,-0.06786859358840176,0.11921752441475539,-0.18470966354390378,-1.3855969740423915,-0.0030975760441341693
268,2021-03-12,-0.6466203294801753,-0.9939413742010484,-0.47422172473944346,0.4944251249787754,0.9553948739405502,-0.580040417119949,-0.8628701494676915,-0.7948374511266055,-0.6934500279502777,-0.3744947273790058,0.061631558144661855,1.0243600427007924,-0.5657069155697603,0.13254615131234135,-0.43706203968538293,-0.04370265237077556,-0.9867817901633827,-0.2594159985031577,-0.2277221457308173,-0.0727305777657704,0.18206954428299782,-0.23852445972906847,-1.1876669886677682,-0.02938301624503146
269,2021-03-15,-0.7998419374053849,-1.4506269040973363,-1.2274666238536156,0.3058837326966173,0.8099868546423621,-0.5477457281819383,-0.8568220437562922,-1.3395551556270917,-0.9847137206502737,-1.1687727178091847,0.04101181926982699,0.8906224602949647,-0.7790245938004268,0.37739053458053934,0.07231891529269018,-0.12417810942884251,-0.901540755962605,-0.3848894926733879,-0.6183918009893462,-0.8453505341818454,0.24101499653959665,-0.4808732436868348,-1.2999679151298864,0.0105933194016648
270,2021-03-16,-0.9096733554756679,-1.1783139998363443,0.2421677676837766,0.14658982894669303,0.6661475727526501,-0.6243999484908105,-0.7294012231033663,-1.0487868945176875,-0.791787536767077,-0.9010215524087579,-0.10850190023046118,0.6829385262286776,-0.9367636237061762,0.14324643760956587,0.1310864213125052,-0.13657148843931013,-0.7318967398575298,-0.27512157724352865,-0.11738033470359924,-1.219290926332594,0.29357189986898835,-0.5161999986629732,-1.0926237293296468,-0.005989096640754175
271,2021-03-17,-1.0105771459873045,-1.3052982672648663,-0.2651068628962456,0.0007778140712995386,0.5253195027789125,-0.8728333223217668,-0.6687355866821506,-1.1729408565353163,-0.7239918417598158,-0.7370370289396747,-0.260468588144307,0.48793758050231884,-1.072214571932323,-0.10057831773934607,0.15313167638180955,-0.11012521427176644,-0.6955081255586734,-0.32634871224573664,-0.2336865679485048,-1.2154792747059795,0.348354158233027,-0.5527890327000928,-0.9285604115752438,-0.0049592733593503465
272,2021-03-18,-0.9575513581087313,-1.4133582818346226,-0.7581053927530437,-0.1366500557233637,0.3897099698531784,-0.8136742405568835,-0.6432141915510142,-1.2866757947451293,-0.6534167811270325,-0.643414085845943,-0.4539435213945287,0.3083374063315828,-1.181157507197041,-0.3180353503957515,0.15313167638180955,-0.06602167004748605,-0.5654188294402632,-0.22621222617504175,-0.320170690104973,-1.1659932612606398,0.3280613075735514,-0.5803663984997337,-0.7843732984827495,-0.02081165892468593
273,2021-03-19,-0.8283407484964941,-1.4506269040973363,-1.288058733002055,-0.2556551905548216,0.24513080888467226,-0.749340210855104,-0.8368727795188721,-1.5172048894668728,-0.7269531292283072,-1.3769104973133957,-0.5152514101998168,0.13156825634386532,-1.2977348006196203,-0.0801117627632641,0.6145123796607085,0.04820631541995093,-1.0750248324165248,-1.0095728128657346,-0.6690893898396896,-1.298534971481728,0.2837573287947344,-0.7210569925451769,-0.8314002721778868,0.018678703974544478
274,2021-03-22,-0.9798944260041609,-0.9385655382929513,1.266680487702634,-0.35593584173912113,0.12309801648970516,-0.5315799613130436,-0.6748279691216809,-1.0519417615191369,-0.6233310699961809,-0.6983399031455587,-0.5678928003900051,0.06702090497102978,-1.4017150263294618,-0.24920792615603202,0.6980509586667655,0.20060494657999425,-0.695359555793938,-0.3233254311100085,0.03769464295627479,-0.5291271763560578,0.25966745601410496,-0.6244984405551063,-0.5284451961515431,0.03565564698878518
275,2021-03-23,0.18465699142410996,0.07597480800683772,1.266680487702634,-0.3860896523209421,0.059508531664453114,-0.0741185930803527,0.05217566982539147,-0.2501472943121643,0.07221161578448444,1.8882174650642558,-0.016817853459207437,0.09250012261820127,0.5783195963086653,-0.6934903362838026,-0.22981583849077813,0.22988974221779782,-0.07656250568609411,0.5988763583327922,0.9472690311536129,0.31773323463089903,0.2562879963183913,-0.25268729676007606,0.10905034800119937,-0.03672383295469408
276,2021-03-24,-0.46630385189445017,-0.6986631692234102,0.00020222207137591842,-0.39293056203405957,-0.0008877966699078741,-0.4033287483796122,-0.4576012344357922,-1.0029633664635087,-0.33076785340238873,0.3281416547267944,-0.007367393429439535,0.07834500170310421,0.20009909728420675,-0.9239880195534002,-0.2298158384907778,0.19397076090443527,0.2016371145844527,0.5889287235149213,-0.09054043472400566,-0.08324592552803374,0.2340729455617589,-0.2943310159450255,0.025522732455484552,0.06382576273248547
277,2021-03-25,0.6535374307441479,1.3881397455689342,1.266680487702634,-0.3047890146966522,0.01170306965990667,-0.001301582333555118,0.22881433397217094,0.8027974986522868,1.0631480547194765,1.4189073205099128,0.6077613502611515,0.10416394225223922,1.4028065518394666,-1.2471069476332335,1.0695923530646936,0.3099791978962754,0.5421781744313158,0.7073897487908342,1.5645867306842651,0.4739173619139789,0.23510378859596348,0.20537203617047617,0.73581649327244,-0.0016725208782580984
278,2021-03-26,-0.07509617223451732,1.3325880598517386,1.2157366649041228,-0.12681376451603055,0.06743775242167087,-0.6533149039655408,-0.11912226674061292,1.3439205578049787,1.821915035130136,1.259714557935438,0.3484928037085564,0.1441380037164713,1.011098654199456,-1.3718019083691708,1.0695923530646936,0.4940315473302108,0.735157066834481,0.7301604614151732,1.2037391865141738,0.49279907337234446,0.23669715079097944,0.49310031353961153,0.9997567934722599,-0.0023462387166596856
279,2021-03-29,-0.11515050125435831,1.2499912367246648,1.0532551277252142,0.0774108881915586,0.14451418158959398,-1.1454319323971893,-0.278421277462463,0.7803621135807605,1.8237921832582493,1.1489725088441198,0.3567827152239165,0.22397288567760693,1.4792421898358414,-1.5164488538165892,1.528396045931846,0.7621299500020083,1.2750111393963355,1.2748573977494597,0.7385142535345518,0.8561767188678034,0.23815812032290856,0.6346203886918492,1.0010237662913626,-0.024113921004248574
280,2021-03-30,-0.4200217826824889,0.42975789635420913,-0.3894104665914339,0.28351862213950496,0.20510863323727574,-1.5669134337338475,-0.4804511923897998,0.07240107354598131,0.6216181186393335,-0.0553695689749149,0.19085084543025602,0.26394694714183903,1.052562607375651,-0.7006392152016884,0.12057990075183077,0.85375499346552,0.7128744193753863,0.19013417342071895,-0.15614907911856776,0.3914835231918213,0.26000016761933525,0.507338340533439,0.6161656584347892,0.0013740984642328763
281,2021-03-31,-0.7010620582887489,0.47512203972966216,-0.31229824429944925,0.4337605022725189,0.2538644868877227,-1.3226602460585344,-0.5898849642990687,0.11228620256202407,0.6743088438502033,-0.0103002779970848,0.09765122020085595,0.31048898471068037,0.989340231208405,-0.908255698449453,0.35214855267159173,0.8803441684983869,0.1905625417533974,-0.5352646887669912,-0.11738033470359924,0.488725557795212,0.28701848938198504,0.42734516002267386,0.37616343909197975,-0.014174826791319766
282,2021-04-01,-0.8326845672817494,-0.0019991184153356012,-1.288058733002055,0.4813044900405503,0.2780704931399091,-1.5926706948901341,-0.5602219867036466,-0.2965363698524257,0.20496461891547818,-1.032052067075569,-0.041619904609893454,0.34423479297226267,0.6263431987506523,-0.5894909987830714,-0.32424981644365514,0.776705695465685,-0.5783665217755463,-1.1807223242850675,-0.6392672787512522,0.36713286639074794,0.31325433399851194,0.25695522253861763,0.05439502114216021,0.02815153292321032
283,2021-04-02,-0.4508004986608868,0.9598546945203246,0.5535236866797288,0.4865255282372305,0.31554251597320215,-1.3397759009775576,-0.7081848768267734,0.5211087749764738,0.7189805533712629,-0.001067073191563697,-0.0236139552040318,0.45928761577016725,0.911166087486635,-0.8318453426265178,0.19720764852094777,0.6882274608741514,-0.6054371267481642,-0.7000871658690405,0.2553960539018672,1.0261985598935766,0.34420568682213987,0.3742368236352408,0.2099394564174103,0.001691189308884597
284,2021-04-06,-0.7136495331664641,1.0162170255139102,0.7851336843003621,0.5189916466292802,0.3606636466607559,-1.1057965825610665,-0.45721520631131707,0.5709651862465294,0.7374259850067814,0.34819361867492044,-0.19255823212316225,0.5441051002934151,0.5804580658377719,-0.9974105844133468,0.19720764852094844,0.6147067548417056,-0.11166226072164989,0.3138962463569934,0.3538090204937103,0.793874547363709,0.34401474930237985,0.4506295455115616,0.2756780696073464,0.02139834237924853
285,2021-04-07,-0.3189020011815303,1.3881397455689342,1.266680487702634,0.6008484486514623,0.4305011186250754,-1.1310893740133585,0.3356585250901459,1.2091272505032316,1.1023215462173162,1.6924294173024905,-0.09043843002528841,0.594610571718478,1.0902036675463325,-1.1994879193348045,0.8358907419368459,0.6444045066960272,0.9209031086854852,1.578165867463481,0.9293757645005505,0.6019124820884484,0.3364602538473147,0.6595546943228633,0.5185223347087053,-0.011980176563348209
286,2021-04-08,-0.7175253714748548,0.9420678128717094,0.34865747849817236,0.739023898614661,0.4977113704606185,-1.6870535803365514,0.6188680930609088,0.8501610893588376,0.8456678953384997,0.8674123493667626,-0.2532079702720832,0.6883740926600778,0.7420641553244779,-1.3257632413769835,0.8358907419368455,0.7243404307901835,1.2660311772608401,1.450266847744488,0.4313465093236474,0.9368211164971084,0.34053885039036746,0.6671891708886873,0.4238403154223799,-0.016200151797192468
287,2021-04-09,-0.8069936390518274,0.04862642745543684,-0.719879039035395,0.8456604581127073,0.5413419106081073,-1.608126039530486,-0.10313757683224112,0.37153954116631066,0.43307667053890186,0.08510379243858932,-0.2827613863827153,0.6675377546730509,0.37790800759289467,-0.9385253396828916,-0.051752649700852006,0.698876710609091,0.5689203320512901,-0.0832670516537687,-0.09650485694169314,-0.11706461864252976,0.34131470429890604,0.5201637686959738,0.12607685483871597,0.014860118095831017
288,2021-04-12,0.14147079305909865,0.6293305104345441,-0.1756096348575444,0.9595393249534084,0.5830069178672868,-1.1421521256229803,0.9479407183455745,0.7484138960140266,0.9681921858587871,0.8626869475862012,-0.2452877737899478,0.6633478388821883,0.4963768154552794,-1.1334740756500714,0.34589432107321505,0.6774925910413824,0.05244589578621428,-0.668017170901448,0.15996529841886778,0.09380146788717239,0.34110947090490934,0.5365577029068587,0.12245833625688513,0.02515855963615493
289,2021-04-13,0.6907838769028017,1.3881397455689342,1.266680487702634,1.0733343461463811,0.6471770196102312,-0.5380163497505892,1.4335413801185377,1.277475378334295,1.4670402359768047,1.5705928011498642,0.07589252710680508,0.6946023458627215,1.118233718767736,-1.3582823162597506,1.1032548531390545,0.7661673004862991,0.03296343535143128,-0.2079078924531305,0.7414964646433955,0.45242961529781867,0.34702701914557055,0.7381078861806046,0.38535961384811523,0.021026166808673138
290,2021-04-14,0.3674813643858527,1.3881397455689342,1.266680487702634,1.219548224140391,0.7429628606193284,0.18901365043319368,1.8934266856224522,1.7710204230155127,1.8475187311312882,1.5317140206182325,0.15308281052634415,0.7825905774709534,0.7993532017482222,-1.511415901281477,1.2018922179461067,0.9175911677842369,0.8483655527038646,1.1538107692529778,1.1053262199223308,1.0628037555897267,0.3377428475279448,1.0127633355939614,0.7006249420207459,-0.019066662589264816
291,2021-04-15,1.2830311696239736,0.45098444905175933,-0.0830834764359583,1.4164033753562433,0.8291233665592231,-0.21062059356132584,-0.15514116518599871,0.36444175650766497,1.745815238131475,1.1533232584866173,0.4736807357708994,0.8446466275627319,1.3206089587240768,-1.6730046170448314,1.7399813873351266,1.1641442708431349,0.829399073367723,0.8074213345860054,0.4522219870855535,0.7829927015700895,0.3517005425815636,0.9819911542928567,0.514388752599506,0.05026503344512613
292,2021-04-16,1.548580091496077,1.3881397455689342,1.266680487702634,1.6190904396193642,0.9583711159269352,0.6076955911434342,0.5319333767622351,1.7808059131303537,1.7489924590220651,1.1743824186692648,0.7625147882801577,0.9976351744130915,0.6827181228648542,-1.6491910239085998,1.4082324951807856,1.3925729007537064,1.2006854998777263,1.0095047993200372,1.6033554750992336,1.684863359023503,0.3407869015198567,1.3586663680162767,0.9502999922648679,-0.008725515003802618
293,2021-04-19,0.7101870674435695,1.0336118816657005,0.5082703614851931,1.7910074338012882,1.0928093210052694,-0.07931360211571191,0.07436619438614842,1.5298046701845627,1.4837066561342245,1.0975018803471077,0.497461108145461,1.085963128923285,0.3628239077124172,-1.7320098796420749,1.408232495180785,1.5931071153918204,1.110931239330316,0.7417858745800282,0.902535864520957,1.1616480138097298,0.3730587612558034,1.4587347962330242,0.9019535241798645,-0.027607655324097157
294,2021-04-20,0.4557976800197741,0.0020909286737244306,-1.288058733002055,1.896163107634914,1.1877835440722786,-0.29811150704813255,-0.34623595151965786,0.7499079510315613,0.9248872987732621,0.24362564299307707,0.4040557758542954,1.1388466606620864,0.03198183706482439,-1.2838407889290866,0.21936035897935818,1.5962812806754896,1.0303799725776106,0.5154416596674745,-0.1293091791389742,0.7594908284470413,0.41097377284299785,1.2266212792691216,0.38642145844807757,-0.004514680354526583
295,2021-04-21,-0.11440653229113777,-0.15596077371169645,-1.288058733002055,1.934821820272518,1.2446409058756005,-0.4192707409515662,-0.5968830057140269,0.6244073295586676,0.6362742005168093,-0.6254791279650095,0.3365216683132771,1.1561725286621596,-0.2596387965815149,-1.074302810169988,-0.46224970935177223,1.4028958670546534,0.1676704278292358,-0.6290816418350407,-0.3171884789961293,0.4134949491014684,0.42545762902540957,1.0026539375480532,-0.014310170527715568,0.055325232758287664
296,2021-04-22,1.4592318189131723,1.1695653787266431,0.7269509084038208,1.9612453944269759,1.3335295201510566,-0.030386348550599192,-0.5186752894836784,1.8951067107062298,1.2805961921575728,1.2962410079597244,0.6060515054166159,1.2585423631201378,0.5680000614758035,-1.3030969115548774,0.6827803799162607,1.285620044783663,0.34420924967517763,-0.001964333924877158,1.1172550643577055,1.3311107479169844,0.44886591081841176,1.3106522411041517,0.42875355543066324,0.013064138408596833
297,2021-04-23,1.6744068422756015,1.3881397455689342,1.061348124161163,2.0029769732970495,1.446986382498644,0.5822035443712253,0.03201951486464941,1.5287443730753505,1.6698929662478406,1.7159484730881682,0.7246082381584399,1.402018668715551,1.0503324701117736,-1.4746664184261538,1.2664630415645803,1.29861988078198,0.9210452329807539,1.0846811113376251,1.1202372754665495,1.7497618876772285,0.42447579418479353,1.5645916652705059,0.7056017602872554,-0.02320714837365163
298,2021-04-26,0.679996326936104,0.3461495501268595,-0.3074823052841965,2.0625100160121015,1.5366472372672624,0.23042931681143078,-0.4750257274040315,0.9338984166747778,1.3087560092463275,0.8901747916697254,0.5929636381565928,1.4785695626243858,0.6397471448725229,-1.5909112788049646,1.2664630415645808,1.3770256782647745,1.3007877951558304,1.3159512345397497,0.3895955537998352,1.2075548397462583,0.42589557157872365,1.4507670609190684,0.39914652652373933,0.012586505377530682
299,2021-04-27,0.30925979326414255,0.6965595348630463,0.1857544361880129,2.142416944482456,1.6157322044530809,0.6332394944680563,-0.09698459649484097,1.2548021563119294,1.0814675604317252,0.605574828908061,0.5883101742419165,1.5297544798533718,0.24173775346883325,-1.2234785095846674,0.29504933329220534,1.3461452998366323,0.9514570978868055,0.44054560140434457,0.6401012869427085,1.0329725593141788,0.4274652067301854,1.4381554972240547,0.29927600822947426,-0.04492333638780884
300,2021-04-28,0.39265631414128305,-1.0649167745709367,-1.288058733002055,2.143443000454036,1.628259864508113,0.19239103142767078,-0.08691783169773709,0.12772560734243002,0.3212219620235592,-0.5265357863144339,0.631323432007622,1.48400512905578,-0.11448086196701435,-0.75179879442851,-0.8003631065291684,1.108378646971186,0.07922201314321069,-0.7979990116613929,-0.7346980342342517,0.15226739087269522,0.460735792854724,0.9836840486820686,-0.41492052536016005,0.005409718841308456
301,2021-04-29,-0.305546558341781,-1.2573891477257961,-1.0855386407780854,2.049694069108312,1.601247993854909,0.12230836226270102,0.367284491895153,0.11298187341695781,0.0853352755505945,-0.9341852317464545,0.4032932605653061,1.4793622493956333,-0.3458743064029335,-0.9124199822957054,-0.8324604710285851,0.7799651336109473,-0.525680340476876,-1.157761187828155,-0.6631249676220021,0.4723724920338959,0.4969466000681736,0.7203879514040029,-0.7118410988800556,0.004749098683682706
302,2021-04-30,-0.08560773371485905,-1.0802386040492795,-0.8882317383610681,1.8903342549999154,1.552884079794371,0.5097115610478405,0.14067028497101186,0.23994180444186397,-0.19119007029872453,-0.754175131429126,0.3574821309578291,1.4175326812384919,-0.5885611083482042,-0.6358554485999406,-1.248984489534144,0.3736884265224405,-1.006481268687525,-1.240377760841567,-0.3678860678464727,-0.11669738505509306,0.5533411277650391,0.5787666676140483,-0.7747105392225245,0.015358396230762175
303,2021-05-06,0.1894327921880095,-0.5026117784109209,0.21997031555594446,1.7222511438216344,1.5072561628693557,0.4397068081701717,-0.07716218578043861,0.401453387928343,0.3057158019081001,-0.000683457693036257,0.38194957275312136,1.4040570061273219,-0.20079984892948066,-0.8785847752726186,-0.7112969686605716,0.03627019945305591,-0.4611513398427298,-0.03753515615819494,0.24048499835764856,0.19165653213472938,0.5865170274895689,0.6094613339074034,-0.5776425462101773,0.013286152490270767
304,2021-05-07,0.9129306094205717,-0.014102287562831602,0.9540381474174612,1.6294603688230616,1.4765918366073758,1.128002172191114,1.6681005995401252,0.7878476370858952,0.8869901563848739,1.003767107739959,0.5956578000710471,1.4637349959053658,0.3467364857620297,-1.1246768467727244,0.21403207126020193,-0.10867981529126543,0.3254922214258938,1.0425331252780898,0.6072969647454275,0.732547215498919,0.6207076470915829,0.7266212369675554,-0.2958652978200642,0.04030620774980326
305,2021-05-10,1.466095532573852,1.3139770120920413,1.266680487702634,1.6459487973979436,1.49817348847559,2.026450639538569,2.034018349928835,2.0766288066021863,1.6314200248474766,1.6499092514098508,0.5868704246275259,1.5825247706248529,0.44008948942459236,-1.2994237106757653,0.5854152173676704,-0.09150676554114891,1.2647896898021351,1.8280905165605983,1.668964119493796,1.3513485015360518,0.6196890157429734,1.1386008038189583,0.3527769701536763,-0.02992443511483321
306,2021-05-11,1.525661047629122,-0.2187257210098881,-0.32072532453581615,1.7524243297645423,1.5112185866316263,1.4308973427937095,0.8995499134744447,0.3859602514284051,1.4441623152376295,1.1343262850151674,0.7919501938841864,1.559876577160692,0.9712844366469734,-1.4783135041441915,1.2329611793452733,0.09780878438255151,1.216298545281665,1.06659819343582,0.4969551537182095,0.1976838186960994,0.6550521084617977,1.0736896403352214,0.1871030739182371,0.01387654242481992
307,2021-05-12,0.2708733946618444,0.24108434092208658,0.02256126292908447,1.8612558647198008,1.529367167715765,1.5840062893404887,1.0123563726671931,0.76906741171409,0.7501238809040127,0.4083522888361184,0.7978305268673945,1.5302074437226538,0.5209798504234677,-0.737214671708546,-0.21808599779008625,0.15596556122993896,1.0842033130464601,0.5230379420359286,0.6281724425073337,0.20822021639787816,0.7129756956385147,1.120826435245512,0.21541140150504415,0.01987311436183222
308,2021-05-13,0.56248522924548,0.8771645992837048,0.4085279514231914,1.962063733795186,1.5673215302088488,2.090338763042396,1.139189373499892,1.3270713190867125,1.177250140724205,0.8473563167069816,0.7593938435024761,1.5730125293699087,0.6589003675534589,-0.9621846939811198,0.20311533415067473,0.20153723360524786,0.7118300296966423,0.07203790375320573,0.8637671201059886,0.7793873108303896,0.7531564082477848,1.290776501416676,0.4143593646009642,-0.0020579163517354462
309,2021-05-14,0.48375651363757805,0.7634515518199735,0.14725235033532763,2.0267359836310264,1.6074907365428346,1.3898774259467748,0.12607232110805955,1.2420348392185923,1.3676109541735353,1.1431438033036372,0.509344668907146,1.6007565663634942,0.6144565253091406,-1.1175398608332723,0.4071539728128478,0.26558743442220034,0.9278294473459844,0.5783710690392628,0.5237950536978031,0.5824617345297818,0.7773798684098723,1.3260492538502844,0.3801853257467378,-0.03017405916014617
310,2021-05-17,0.2656296134210803,-0.7944436838622374,-1.288058733002055,2.0329350286049435,1.6077689139679192,0.901468282558244,-0.3576137499095595,0.3730246257573316,0.6243814627191888,-0.4843139331296204,0.3668265955661968,1.6792325567167838,0.28358939195191796,-0.6884310253292157,-0.48763308597595506,0.20832887283476723,0.5664117254764208,0.13304787912392949,-0.43349471224103475,0.7808077413370146,0.7980279656811348,1.0224965636224796,-0.13354569140991998,0.026931609746040558
311,2021-05-18,0.2584539127758242,0.19868483000145162,0.1952655945548075,2.0427161983496775,1.6092798700469184,0.9786920317502246,-0.4638177590347699,1.14739016250499,0.8425665024031913,0.3226792044104825,0.4541365690670451,1.78658499373687,0.2608754253349318,-0.9335131561670855,-0.16043229432604858,0.13974732460026013,0.6221138447213125,0.2697778275903575,0.3746844982556165,1.0755305705949763,0.8352698671741233,1.0474217466927376,-0.07299289501943011,-0.029361006628714603
312,2021-05-19,0.16332188147885013,-1.1994057316069404,-1.288058733002055,2.0047209032103606,1.5742252053561887,0.8034648366247693,-0.3399219273840863,0.3041921336019856,0.47569979080562697,-0.43126157692928196,0.42332233178092254,1.837769910965858,-0.06169404075803194,-1.1240539640427498,-0.16043229432604908,0.0709872360955728,-0.14546322990477495,-0.6865983451899488,-0.4931389344179094,0.6113407754632356,0.8407579857491975,0.7580286689425408,-0.4757618157086714,-0.06565397022143678
313,2021-05-20,1.0812235886007004,-1.4506269040973363,-1.288058733002055,1.8171407342322323,1.4463639221888904,0.4733995731554216,-0.6636823810106739,-1.4940567239564682,-0.9530651889058431,-1.9733987577765528,0.700657590212433,1.763257354468792,-0.42199173371749715,0.5458970293267883,-0.28321999067899284,-0.00947378663145532,-0.5959315421172817,-1.0339766934142751,-1.9961733332751501,-0.42968868691250417,0.8098700440249839,-0.010768582887862572,-1.4861727697001081,-0.017027261410280707
314,2021-05-21,0.030079440065933924,-1.4506269040973363,-1.288058733002055,1.5412808185344928,1.2505683501304359,0.0758917175916879,-0.8341738925579316,-1.501592070466106,-1.2648411837993765,-1.1519807730441056,0.5953735946755304,1.6249901333701362,-0.6467492490415363,0.6988143643441785,0.11920326112968221,-0.032890219980346885,-1.67038362539309,-2.0553213954764398,-1.9365291110982759,-0.7980468838900971,0.7817617335788973,-0.6081539346311929,-2.0484357723568505,0.009858771931668064
315,2021-05-24,-0.33523331987416166,-1.2465952192248806,-0.9377303577378232,1.183590292655184,1.0335560302239246,-0.03737549098588725,-0.7177691333051699,-0.9470772312799826,-1.276676360374264,-0.8397242567105647,0.40688910301324666,1.4141354522188687,-0.8236330526585327,0.8456845823001181,0.4614672070092667,0.022717190279686474,-1.5799168790698723,-1.3155636260529409,-1.1611542227989053,-1.1569624625995378,0.7701064363294219,-0.8524684749307191,-1.9914048309291181,0.009114646434098561
316,2021-05-25,-0.25240077546913997,-1.0531403534088304,-0.5942016029818346,0.8036572799324121,0.8245578986946348,-0.10580740406592823,-0.5259471963410028,-0.7533386293104148,-0.9475158676192343,-0.46750801923063173,0.2596965888293774,1.2707723875907782,-0.5706222717560265,0.476779759444554,-0.14446921905091684,0.029111368680170217,-1.2193471684795165,-0.4133469937777183,-0.5796230565743777,-0.6947755620651448,0.7390713491970503,-0.8780936513907223,-1.631846420864279,-0.012390116116569278
317,2021-05-26,-0.26566022231363495,-1.2686830012332977,-0.5834691917803524,0.5125154278361971,0.6197322026125132,0.10389719281468764,-0.7440233805781389,-1.016269589126255,-0.7982853761206827,-0.34621722777223013,0.07723115285505143,1.090945731485399,-0.6547193263982698,0.1719071081683911,-0.27756704635944307,-0.00879428757922828,-0.833677588515161,-0.05229349619626518,-0.4126192344791287,-1.0077301134737622,0.7002145418684511,-0.9500756054653167,-1.410745922881365,-0.0003281378208278852
318,2021-05-27,-0.3794994731857834,-1.27454134452797,0.240903154294721,0.29750416114090106,0.42918278470583704,-0.38066926836021703,-0.7268895134771551,-1.0231888249108831,-0.6959596635481003,-0.43622647490020316,-0.19816404517887085,0.8717112187523964,-0.7939211902255694,-0.034725653269248875,-0.2571145464531633,-0.06333877537654055,-0.4744886146590931,0.15294545131964832,-0.03387842365597476,-1.2428878412030138,0.6665994971540559,-0.9461939589916969,-1.124961565339083,-0.03201340404276958
319,2021-05-28,0.3875925253916207,-1.4506269040973363,-1.288058733002055,0.11953665710719182,0.22783199990447067,-0.34214271987228106,-0.7001227708451878,-1.446321023213502,-0.8604003670201338,-1.644003607083044,-0.1560394259511281,0.6034433671694974,-0.9772966655318733,0.7656218085945334,0.6413780522471647,0.004107903933341738,-0.7133141700196112,-0.4820457614678862,-0.7675023564315328,-1.5829629257606108,0.605341679679479,-1.1552300148613026,-1.201982382206844,0.01780063794108584
320,2021-05-31,-0.26646418877388944,-1.0379864367958216,1.0476784885848518,-0.042516305308508626,0.050210480019920914,0.0548512869735034,-0.44478699574941666,-0.8686848525200732,-0.7545688974448631,-0.9942555431870497,-0.14391020544467828,0.41976651817521715,-1.13380580833888,0.7177500632274039,0.8653560683156091,0.15970557199620447,-0.4407579455238677,-0.1471928221426079,-0.2068466679689112,-1.033360180822651,0.5770359502496499,-1.078172539469688,-0.8529051321938966,0.0019953448588961877
321,2021-06-01,-0.43708507083893405,-0.9909568466782263,1.266680487702634,-0.17914032937438365,-0.0989635980779603,0.4013684070967369,-0.45930447819889647,-0.8282457633788048,-0.5286142900365614,-0.22903510008124153,-0.2959853906075938,0.18592392065783145,-0.9541642791293412,0.39900256944043594,0.35956154078634284,0.2766307253237474,-0.3506965669580702,-0.03411979230235657,-0.06966495696209954,-1.3223219521647391,0.5497617012649586,-0.9595268408983251,-0.5139424726697931,-0.03001405535518043
322,2021-06-02,-0.3109823315730536,-1.4506269040973363,-0.6883828780682649,-0.30877902186835604,-0.2490392199202817,-0.15311031388983773,-0.6972764326360267,-1.4280922523075954,-0.7059625930182563,-0.8732692203038777,-0.2918177686294226,-0.034329760781055714,-1.1099679497231978,0.6740558718513201,0.7992925057609593,0.4259592954250299,-0.3296388463551358,-0.15017804790164482,-0.6840004453839081,-1.329793088848958,0.4971605193173121,-1.079559305809267,-0.5854003877410856,-0.003772942222202711
323,2021-06-03,-0.5580640238581183,-1.4506269040973363,-0.8955496816077213,-0.41399167581363844,-0.3919594137092697,-0.6495482121003198,-0.6827814743687811,-1.4935650632982167,-0.7778710506324588,-0.9906056728180473,-0.331624620798373,-0.1477972100364672,-1.240089771131867,0.5252470354794848,0.9358073794312415,0.5987784974526176,-0.918024536424018,-1.022061962280069,-0.5706764232478464,-0.5997249688026868,0.44352699620057445,-1.1262485022002064,-0.5372807557580924,-0.005859055189403193
324,2021-06-04,-0.6212773867330501,-1.4506269040973363,-1.2418918673560857,-0.5107858805659379,-0.5247998388908324,-0.4922135053568663,-0.669428239999721,-1.412062343098444,-0.9841629837956186,-1.3267207742855656,-0.47491755605820846,-0.23363386326561159,-1.3384873440408727,0.5965342500007094,1.1610705867331341,0.8010717428888298,-1.446437535766135,-1.5370924196540925,-0.487174512200222,-0.4630828161078512,0.39073257218264906,-1.1428896270468352,-0.45565034614328787,0.01645563357785995
325,2021-06-07,-0.5681196043610023,-0.7992422794047347,1.266680487702634,-0.6019379320785538,-0.6246451644060066,-0.6043768641053101,-0.31509949485481975,-1.0807888810135065,-0.7569447782852862,-0.4917972865785791,-0.5607912710984192,-0.3031638172005593,-1.2095582827524323,0.2789299107513158,0.7164888456586133,0.9395294312969447,-0.9979596790178882,-0.4579288841538025,0.013836954085524943,-0.3816508702562373,0.36988188779538844,-0.9637023939411491,-0.10922986601596855,0.0030555107798704967
326,2021-06-08,-0.6029661506382995,0.19262163113451894,1.266680487702634,-0.6594610208834149,-0.6919062138165943,-0.23832755389392185,-0.38383067786901326,-0.77596640038987,-0.4706886661646651,0.1919147325387444,-0.6582508762982464,-0.3963611333055505,-0.9413768418694225,0.005024847405068268,0.01895469798131161,0.936275125634396,-0.31821280085889797,0.5298785629888302,0.1987340428338363,-0.4564651940664181,0.3464115462101404,-0.7801952985129151,0.17410778070108682,-0.004757059599459346
327,2021-06-09,-0.8188371449663221,-0.10633959261008498,0.8295845063688373,-0.6900604531171644,-0.7361402227971299,-0.4865088430621583,-0.653283146102053,-0.6830057380930473,-0.4987275144846619,0.3488370546126108,-0.7362185604581071,-0.45343458083521676,-1.0741164412321902,-0.13662225173544537,0.12307899667969809,0.875589514651996,0.29141626308273055,0.9337816858020715,0.18084077618077393,-0.3621428207491974,0.33152676913162293,-0.6647516513032606,0.30307123860635365,0.024559686895639123
328,2021-06-10,-0.03697376261916836,1.3881397455689342,1.266680487702634,-0.6608510883452803,-0.7355489514487406,-0.47991068869474596,-0.16333977306495065,0.5104427722375532,0.200654302443968,1.8036550334251753,-0.6260289087800465,-0.4774416659072197,-0.3825576891152501,-0.44310944754549564,-1.2845558097216854,0.5931131656085689,0.9292471167784886,1.312600487659088,0.7713185757318328,-0.049552767139293276,0.35253336136171676,-0.35869772506295516,0.6798674839778712,-0.003662397967502175
329,2021-06-11,-0.2615563935165153,1.1679817501375798,1.036183048848709,-0.5791654066295768,-0.7073119401536324,-0.8421831227783217,-0.2508546901956924,0.3463661400660214,0.558838765379004,1.3510967696219158,-0.6349443243784442,-0.4528683759986102,-0.2366359077856104,-0.674627472977696,-1.0480743498299352,0.2537078244490923,1.1085440025441105,1.0635764355573032,0.5088839981535844,0.31614363885806623,0.38539713912712553,-0.17954840287880824,0.7991299760732895,-0.00837385566444533
330,2021-06-15,-0.6262811779856785,0.6582909056429105,-0.025328761443997625,-0.48445077787943563,-0.6684500575876096,-1.220988094041505,-0.24954145906004233,-0.026535296687462784,0.28500877160083365,0.5349521325133302,-0.6384815777112056,-0.4776681478418627,-0.4746405703078349,-0.4943860931522541,-1.22580847249376,-0.11196637584653137,0.923188961310421,0.4747319048610576,0.12119655400389928,-0.021844127873741626,0.4008711666270272,-0.12308364421441163,0.7184234316724569,-0.023826858973467722
331,2021-06-16,-0.5844989210512608,-0.6661619105822795,-1.288058733002055,-0.4200900524238637,-0.6453604922695539,-1.6408547929607575,-0.566315834645975,-0.9798596299488918,-0.5736627411728517,-0.8316319364426429,-0.5873851931880553,-0.5371196556852615,-0.7026358525422609,0.06163955421214456,-0.30631924723849474,-0.3322192365666678,-0.23770678182869856,-1.155008075165921,-0.519978834397503,-0.34672543772303277,0.45893906226262327,-0.2657449883574454,0.36800805444592677,0.0030954452919467724
332,2021-06-17,-0.7720870952774963,-0.41988049462442606,-0.9687669433132212,-0.42210704913195757,-0.6268416966237604,-1.315352732088979,-0.5944792448390793,-0.7366202596037705,-0.9053989723215234,-0.9531284870560256,-0.729857122013356,-0.5467451379075304,-0.8491260373787105,0.012641862436967926,-0.12571620569829564,-0.43496528634325754,-0.935120566733642,-1.5947513300038247,-0.36490385673762893,0.07136885657061934,0.5152638725508697,-0.3074412046985972,0.23261353672523463,0.023754086008107057
333,2021-06-18,-0.3724677665334087,1.3881397455689342,1.0688097410626474,-0.45742902017694237,-0.5851380432807783,-1.403106690708008,-0.30073501512867185,0.6404946679096337,0.040139395945507146,-0.16680094288400935,-0.6245348371702034,-0.5091491367570329,-0.17414489869851116,-0.32453219113209003,-1.3995344387790536,-0.6480445434122817,-0.7300511422458238,-0.5599433072112506,0.26434268722839843,0.42966478076943315,0.5208747271066297,-0.12023414992563942,0.4528938803984744,0.0030135633052642587
334,2021-06-21,-0.4930267370733555,1.3881397455689342,1.266680487702634,-0.4714422454820692,-0.525374040181254,-1.5470821721495276,-0.393299919100477,0.8175523014470715,0.6683699967658288,0.48143794895798725,-0.6229638296526975,-0.4572847737241239,-0.025668706795213443,-0.5817334669124485,-0.933791712051296,-0.834694266225489,0.24671360638737264,1.011125553561188,0.3836311315821477,0.5472698775104388,0.5213537457225101,0.03104456325685808,0.5775421871937951,0.0006684492227507881
335,2021-06-22,-0.4801152757116572,1.3881397455689342,1.266680487702634,-0.40690018593919475,-0.4543865393199478,-1.2226439741617066,0.3268890740479497,0.8568984422331677,1.0564950353681895,0.9539699579085301,-0.7079889231416677,-0.4244448932011016,-0.11441579774171226,-0.777643822542807,-0.7634164858897806,-0.9687250085415914,1.1326723970951065,1.782002284975314,0.413453242670585,0.3387340774805111,0.525935609196085,0.13490408935758721,0.6091894891155912,-0.014471058518833449
336,2021-06-23,-0.5052182284706468,0.46127898040139437,-0.10737381386983712,-0.30700084570077346,-0.39268730608521496,-1.1334050525018229,0.24168458083714117,0.01095641533207603,0.26906841419812766,0.27554828191651975,-0.7616286813490153,-0.42025497741023493,-0.3501930273656159,-0.48414175507597373,-1.3762351196653977,-1.1509255242955398,1.0150851891750876,0.8684176815332519,0.019801376303212402,0.11104619652870382,0.5364958343364046,0.08304428885246458,0.4109686235269653,-0.020202707317519466
337,2021-06-24,-0.49179078863445685,-0.681857555575838,-1.288058733002055,-0.26664291852567873,-0.3580216932081138,-1.4978334377651694,0.18379842146285744,-1.1497547378577937,-0.6833264186307518,-0.8353277429675899,-0.7649946173093636,-0.4402986286260042,-0.5768180017974103,-0.0010488633141475649,-0.5456254738708693,-1.2263228425718924,0.062223331892170254,-0.7799256214624624,-0.5587475788124715,-0.08632694723418077,0.5282879491875072,-0.10420550298216162,0.05803645650272959,0.006894201729277079
338,2021-06-25,-0.8050737191467422,-0.6457762031982491,-0.5920798011461043,-0.30412166178172667,-0.33263296552789706,-1.225839098467965,0.17367359189210255,-0.9181745949453396,-0.8467332859454846,-1.0076257592483906,-0.904300373624018,-0.48763335296608906,-0.7294717847103636,-0.22339844815112475,-0.54562547387087,-1.241073850439157,-0.8359610880611664,-1.6127348366812522,-0.35297501230225403,-0.308360619383613,0.5298957592979663,-0.15000840962970385,-0.021258990868239045,-0.01732545069551296
339,2021-06-28,-0.4129660770313006,-1.4506269040973363,-1.288058733002055,-0.4416948707050644,-0.3292368081842665,-1.0281002189279551,-0.4329096630363013,-1.4714440396617159,-1.322714494304027,-1.0111936299418958,-0.9330581583187243,-0.5427817040513048,-0.8974926895032534,0.06517752884175933,-0.0003858554374551238,-1.1472002447260594,-1.502272116960352,-1.8059709812972897,-0.6601427565131585,-0.477418664208325,0.5085556845446203,-0.29885454188694144,-0.23261629045514393,-0.02872028636542746
340,2021-06-29,-0.25768055520812444,-1.4506269040973363,-1.288058733002055,-0.6452925618394257,-0.36501038818828185,-0.9853495967623292,-0.7142970363309941,-1.5497025566092286,-1.7526377048978787,-1.3698214815173022,-0.7619301121927973,-0.613104344757498,-1.1031765852301973,0.9342870160351487,0.9369967960435812,-0.8740863704887869,-1.6070830960432567,-1.3248685626283598,-1.140278745036999,-0.7249301623078684,0.4567222219937882,-0.5878217009382909,-0.6028491158807383,0.015349221568806524
341,2021-06-30,-0.5445045895284537,-0.5427309831318585,0.134714429135269,-0.8361963445776098,-0.4051255956322568,-1.0239847747323838,-0.7233951591059066,-0.8552051561396512,-1.3447215156214436,-0.9207659693336829,-0.7184997330869451,-0.6309964175941777,-1.2533351064422324,0.6826973334123717,1.0525508339303395,-0.5156101137723049,-1.438272659861734,-0.7777657334703826,-0.40963702337028496,-0.24382810214337003,0.4346791345598544,-0.6112361743020568,-0.5178283332270694,-0.011758553438078084
342,2021-07-01,-0.8011498828407242,-0.9478442012698495,-0.08336721283716056,-1.014909022321762,-0.4542067389690333,-1.3268289440129848,-0.7065140699626361,-1.272233262908967,-1.2207021417785382,-0.7575203014833527,-0.7987979624728947,-0.651040068809957,-1.3593555370638197,0.34618933712840666,1.0525508339303402,-0.14284498899226594,-1.2682024396851939,-0.5643624956193987,-0.4812100899825345,-0.4284644957081337,0.4020681119884077,-0.6800015298605584,-0.5149139509540421,-0.0014347204756602941
343,2021-07-02,-0.9073094540925317,-0.9975185324644326,-0.16078903453063234,-1.1564153832779014,-0.5043339028691497,-1.2447081583790527,-0.6778574208522762,-1.297943459669039,-1.017687956379865,-0.5966538178414712,-0.8774168625654843,-0.7157006611501111,-1.451959976534252,0.05226358913347369,1.0525508339303402,0.20678056849121726,-1.080911224831054,-0.43716782185554254,-0.3440283789757228,-0.7353623273345832,0.3729659718597764,-0.6942134482863763,-0.43426972010830345,-0.012642393415176355
344,2021-07-05,-0.6671874714634011,-1.4335495660869866,-0.6448559367329904,-1.2545439525270932,-0.5612601818728951,-1.2054874420272468,-0.8159736439085217,-1.3110194567544438,-1.1139366577082666,-1.3200161990856303,-0.8612202414284954,-0.8111627966015184,-1.54961288631626,0.5921747826684999,1.583135416959396,0.5904822172075334,-1.3162146370250918,-0.9115482853880249,-0.43647692334987853,-0.9222537924833603,0.3361128176049183,-0.7592136506985736,-0.4426620957394809,0.010126668817929048
345,2021-07-06,-0.7860545125869914,-0.7691919691118071,1.266680487702634,-1.3257971582006594,-0.6059135713823999,-0.7702633767858184,-0.6530856498415408,-0.7991870736406814,-0.921162204486817,-0.9949479972737678,-0.8662383402486908,-0.8966597269286992,-1.63247508130271,0.5058622618687827,1.72452014755596,0.9800784812014004,-0.8567667605379566,-0.2462960756195107,0.007872531867837483,-0.8096972843251057,0.31038128405174353,-0.6805611426874224,-0.2431591966786887,0.0025157245972473705
346,2021-07-07,-0.8449240566766679,-0.601667380571511,1.266680487702634,-1.3646217578740005,-0.634534980011116,-0.8952750033585024,-0.30042580610572656,-0.7156571518079012,-0.6495784799694411,-0.30325939795181056,-0.9313691647861214,-0.9347086919484767,-1.518334468986657,0.18908588949193314,1.2938828014530952,1.2804747466498816,-0.17457755949797021,0.6227954907126699,0.07348117626239958,-0.6048555602652991,0.2897015379896285,-0.5757067457913256,-0.04594345786764739,0.01672934549076553
347,2021-07-08,-0.20757064568539943,0.48745515334337075,1.266680487702634,-1.3488333515893112,-0.6315725299046768,-0.8456743772781465,-0.20054870593393603,-0.15481339093066235,-0.1789158194166736,1.2449597985389256,-0.6994625718854409,-0.9131929081575288,-0.12693452036152994,-0.26330132365539255,-1.3845815961426287,1.1351417952034077,0.672002677677887,1.35445482521046,0.5565993758950841,-0.1473056071923784,0.28108876781469866,-0.35074136070517786,0.28425124414752473,-0.014578035948253304
348,2021-07-09,-0.7272809644925693,-0.16804280965553411,0.31284499135885957,-1.2955694801524191,-0.6204498883679247,-0.7644371897905512,-0.22742851522564558,-0.6440600759512296,-0.35610385637127456,0.42991512243030927,-0.7727829960738204,-0.9301790532556445,-0.3660423498970781,-0.5070194937521053,-1.3845815961426289,0.7742598923979946,0.6696164577081885,0.7369886246320236,0.11523213178621182,-0.4153786170935837,0.2724357677875133,-0.3026140763129523,0.2945518083261131,0.0124578938113272
349,2021-07-12,-0.6333008851386465,1.2876281546153006,1.2202095336964973,-1.1870165966346773,-0.5891559665192562,-0.37467879780523927,0.3449240344521511,-0.08598335182207618,0.0756549129577777,1.0990893583684662,-0.8134639396947375,-0.8983583414385128,0.10211114085357414,-0.7328615408560084,-0.5998451207842099,0.4429354474478982,0.7685674759346818,0.5369945784263351,0.4164354537794287,-0.04198946856886299,0.27296906716928904,-0.1566034819178793,0.44330602275915815,0.009855764396520354
350,2021-07-13,-0.6987461549032398,1.3881397455689342,1.266680487702634,-1.0247820764141575,-0.5340901852506265,0.04559669953830966,2.3433150831073393,0.5339524430649784,0.5393729132483318,1.1264859657430748,-0.9071250400727439,-0.8242987488107268,0.057981920785107416,-0.9085550984412573,-0.3890696747174983,0.18330281170872903,0.9203546816185958,0.7116110248457034,0.5267772648066468,0.4584607949027024,0.27591797999098966,0.023094665096311223,0.6106686578784418,-0.01731186142770436
351,2021-07-14,-0.6092658878268604,0.4795188916906802,-0.32180195512669163,-0.8717240515608399,-0.482165778429825,-0.40922438201085615,0.3296657444873002,0.05270171104415471,0.3893269236375426,0.5233011128877744,-0.8526310711206878,-0.7948560973073276,-0.2569928560996074,-0.747691410712665,-0.9703527243810326,-0.10009198365281714,0.8581655511341307,0.5234532671209757,-0.03984284587366223,0.03349836835935484,0.2677877058580106,0.005653543752226092,0.4615607712282965,-0.011109234481871302
352,2021-07-15,-0.7575916999941027,-0.04937668347236732,-1.288058733002055,-0.7571984930873867,-0.4434971668421154,-0.7625381575239419,-0.21601164053713828,-0.4195851252068919,-0.3885268340156484,-1.100929582759218,-0.8377965291267017,-0.7590719516339642,-0.5144893362271871,-0.173019429460472,-0.8041659440907898,-0.3491657442378126,0.09415409454106022,-0.5867084778491587,-0.3499928011934103,0.04181231957675304,0.2548669360376708,-0.08117339235489579,0.24266951457703215,0.002159828053429938
353,2021-07-16,-0.9215168613901625,0.10393166012683892,-1.0271258617206263,-0.6991347312300817,-0.41033889717418914,-0.5008531276958585,-0.40108804169960804,-0.1744025716082089,-0.2305830478125235,-0.6319025556674691,-0.9122107950344865,-0.7127563959997739,-0.7026108450192533,-0.418135701037163,-0.8041659440907906,-0.5603962209094666,-0.8035120675417776,-1.5169043893685474,-0.19491782353353626,0.08793510336096677,0.25548070432351466,-0.10540285005704014,0.15741664220803714,0.005021531355234802
354,2021-07-19,-0.9362762456605054,0.4672993484811652,-0.3807466671416296,-0.7179726427419912,-0.3748260464658455,-0.7165870910625752,0.04779872467491023,0.2233772981036435,-0.4467741672491335,-0.7612325740690143,-0.9321963371551847,-0.6354128153196854,-0.8869658252908188,-0.14099728758486205,-0.20959572636949456,-0.6516777464197048,-0.8650839133236518,-0.9359710880729718,-0.051771690309037145,0.3170113179299275,0.2675069037657112,-0.0689569026171647,0.1763152964902664,-0.02060437974080529
355,2021-07-20,-0.7633994577069856,-0.5690441480951215,-1.288058733002055,-0.808232798687782,-0.3580487354251978,-0.6005272977629231,-0.4720737437705626,-1.0493375932748719,-1.1056954791753473,-1.102609823015997,-0.9409946125598289,-0.5845676209926669,-1.052399113193544,-0.28487523459918024,-0.06346206538489729,-0.6538117239692802,-1.056209910647282,-0.8193579053754776,-0.5020855677444406,-0.07894212503861392,0.2776459457767992,-0.19070953418735237,-0.035663511572347664,0.001095090454391666
356,2021-07-21,-0.882710480308627,-0.483524285583512,-1.0520630900017192,-0.9059740663104969,-0.3501427223725165,-0.23243771914973194,-0.5205432506923522,-0.9823525989917896,-1.1079774509076352,-1.092707249501963,-1.0486954489703466,-0.5476510656460944,-1.1671206145630044,-0.24993282072854947,0.19289100459138514,-0.5743304958443284,-1.1034657657726086,-0.784288289411107,-0.26947310125462953,-0.0969536419809253,0.2846723769054563,-0.2393994282076739,-0.10036330270033322,-0.006221429033382854
357,2021-07-22,-0.8006699028644529,-0.7899859652955963,-1.288058733002055,-1.0185438709308148,-0.35181033355661107,-0.16623021717893113,-0.4805921893246366,-1.3409673854585293,-1.1263683507604083,-0.9462059852191986,-1.1348561180987624,-0.5398374389009637,-1.2719242263319548,-0.25342109075639935,0.4054993866980086,-0.42987544189237437,-1.5109706791037278,-1.2614653957722233,-0.30824184566959806,-0.3844171360953164,0.27550546731699377,-0.29623214278601817,-0.1638123434844588,-0.04697463262791269
358,2021-07-23,-0.028190129053403356,-1.4506269040973363,-1.288058733002055,-1.1787970338314593,-0.4022273123751144,-0.7166351398968454,-0.603000171666934,-1.54989093745927,-2.1339863370150534,-1.777590135507812,-0.8514668970976828,-0.5578427527049659,-1.455202674431616,1.6003667278236051,1.8008757266065187,-0.06833919023973165,-1.523933266640534,-1.0970115168775818,-1.3579801559825917,-0.7791249047682643,0.21795686564271863,-0.6494740997570626,-0.6400739223451909,-0.06559076109401774
359,2021-07-26,-0.13484167978088887,-1.4506269040973363,-1.288058733002055,-1.3835529911110418,-0.5369644261784953,-1.2110458950413494,-0.7875007132730661,-1.4749008683099407,-2.681939377369205,-1.6125297179439009,-0.4557868004368281,-0.6711969609930528,-1.6251723720132432,3.7918567814457567,2.5004672748008474,0.47256835787185303,-1.713814267042853,-1.1950736466294138,-2.5836689217173654,-1.6791405517676181,0.07251776850733023,-1.275221047144823,-1.4122704232089474,0.002462044739775125
360,2021-07-27,-0.6331808901445786,-1.3671053949695613,-1.112069985179317,-1.5976493789914075,-0.7099333595690837,-1.241432029943331,-0.7440460847471808,-1.4269072240543728,-1.83719176589103,-1.0123875329812835,-0.545486666601315,-0.8091244591897453,-1.698680907256678,3.0330692075922765,2.5004672748008474,1.0608361553513408,-1.7802795797301139,-1.2070383730803353,-1.900742577792151,-1.7608147358429553,-0.02689543993842544,-1.5726857795862617,-1.5587708858887097,-0.01652930195121047
361,2021-07-28,-0.731936770262401,-1.4506269040973363,-1.248346923502495,-1.8126256066850293,-0.9071438583383471,-1.5454985321320056,-0.7455642341994746,-1.0979872789038247,-1.5122040200590394,-0.8591853969948798,-0.41232704821333993,-0.9272347881053054,-1.7875006937430074,3.8568636504881257,2.720607742790545,1.6561236564570032,-1.5479294005720485,-0.7773881160668267,-1.7546142334588082,-1.7521987970220871,-0.12370312219982815,-1.7838790275884064,-1.5521265380148317,0.008298802814695064
362,2021-07-29,-0.7967340670590282,-1.1635978172589265,-0.4459359492255871,-1.9615650923638153,-1.096062526116383,-1.2750457698444997,-0.733332717664427,-0.9651581539872558,-1.0118209230177737,-0.5137585215530819,-0.5754302894497549,-1.0298311044979165,-1.833953326802159,3.192633334631956,2.720607742790545,2.2063977409551496,-1.2705550111782846,-0.4540471294269029,-0.9166129118737193,-1.5363458377550132,-0.19617011122020994,-1.7703214506182363,-1.2241760346684316,0.011503824481484713
363,2021-07-30,-0.7623555012585954,-0.7655037419486749,1.266680487702634,-2.016362074052865,-1.2536848187425655,-0.9482936089374236,-0.5789099352931879,-0.7791973791040577,-0.811740863750339,-0.4402278395280848,-0.605250666352083,-1.1468090237402735,-1.88515394295769,3.060643893823943,2.7854514091377136,2.6978808098919225,-0.6569095084531987,0.20395631995790273,-0.03686063476481849,-1.4309199561681418,-0.24921309353889798,-1.5997446671597417,-0.7364109171276056,0.010160623889199468
364,2021-08-02,-0.569019566816511,-0.2150336551008165,1.266680487702634,-2.007976071405746,-1.3682287823512864,-0.891718636021845,-0.07340085636129239,-0.6131609729583458,-0.5646821431947922,0.48418395039806444,-0.5320398309330995,-1.2662782442636797,-1.2024235386367206,2.2267972091002264,1.6130288547144664,2.9547966442605462,0.3336499511472447,1.2387184291947444,0.5267772648066468,-1.3725156490549228,-0.2890427581577788,-1.3499303210506017,-0.23245146304130837,0.004035517986750356
365,2021-08-03,-0.6730552266733179,-0.044901859407542724,1.266680487702634,-1.937540380964085,-1.4400750780953935,-0.4543942833093167,2.149884271400374,-0.44247421113145147,-0.34443859801998516,1.3354345980719386,-0.6100841701442886,-1.345546921388219,-0.8752711727135413,1.6678797261380298,0.9618125296407835,2.9797192381047783,1.1730545397948091,1.7744741782989943,0.5476527425685529,-1.088282796835442,-0.32159309489352517,-1.1040373655758433,0.16508685296823813,-0.005249355886143678
366,2021-08-04,-0.9001697519454959,-0.1482501886058393,1.0314276810573697,-1.838993713533409,-1.4803130702479954,-0.26996035093498194,0.43555446597737985,-0.5144683865234224,-0.31289325153911296,0.8885912413956176,-0.7803720158919579,-1.4292319962382636,-1.0045798172012779,1.2780294324913821,0.9618125296407831,2.8842434362656086,1.4361767365154934,1.4093115455371574,0.32696912051411675,-1.1621397945840422,-0.35256837868914326,-0.9339310709880067,0.37432399528925075,-0.025421623193311215
367,2021-08-05,-0.7381285119563009,-0.605572635200667,-0.23582165810888617,-1.74238294053534,-1.5161628575189074,-0.7082595211874345,0.4423565150354857,-0.9588840974486442,-0.4739719679753799,-0.5741778336199038,-0.7943696015275464,-1.535678505519786,-1.1597930795647844,1.895499240267026,1.4437795732986978,2.8027373027197817,0.5360454225284216,-0.29912584377519996,-0.4454235566764097,-1.3828195713596452,-0.38982198856433503,-0.9504895919692264,0.2737520344603718,0.006209914387814213
368,2021-08-06,-0.9180730050604159,-0.0434065633209859,-0.045323665279332744,-1.6614924773294975,-1.5353512018833329,-0.39374075246681356,0.3860562934120633,-0.8022708428255199,-0.49286517685561376,-0.8107687159486657,-0.9098249652687775,-1.564668193153901,-1.2682655193328247,1.7248838924385743,1.543566845199149,2.7490088513440236,-0.25632511932642077,-1.1572790534382444,-0.26947310125462953,-0.760996972343578,-0.419829511489706,-0.8695386024644705,0.33327163100619583,0.04558159474059077
369,2021-08-09,-0.30107074506305104,1.3881397455689342,1.266680487702634,-1.562049986492425,-1.4933153361112592,0.11216956273189428,0.6000884452759482,0.20120657842720446,0.1097010965219957,1.0982068145308876,-0.6175157876443365,-1.4599202983821924,0.8109177559696477,0.9247132673303334,-1.2127976177689697,2.3272151007803714,0.042412869044790975,-0.05738216908925013,0.923411342282863,0.6506949695494159,-0.4188313543409564,-0.46644659649798087,0.8433282133104832,-0.007520320421800627
370,2021-08-10,-0.8704469919148949,1.2048912800965863,0.9383365108104026,-1.4354419449965363,-1.4169015543010806,0.18802085615059766,-0.16369542186449576,0.07708637484606021,0.4161389423166434,1.034075752774289,-0.7575566767243387,-1.3611741748784865,0.49748588368931856,0.5812795306750665,-1.2127976177689697,1.7520650751668685,0.7983488186596489,1.2037275940619707,0.6043147536365838,0.5174263546048684,-0.4091940619127862,-0.24568840457934057,0.9896290576616068,-0.008378265645997578
371,2021-08-11,-0.930324493954741,1.0022143337455265,0.57279949537696,-1.27683995216841,-1.3258843851306883,-0.18711173452623722,-0.5263855391009402,-0.04107563482586083,0.5609217626918666,0.636841104133448,-0.9127303377398267,-1.248612653361641,0.24307146588201073,0.4368728881379138,-1.0978758874341081,1.1617426594998326,1.335799779949887,1.5356967313676921,0.323986909405273,0.6261462410512185,-0.4042085573266246,-0.15027980850153452,0.9267274793209327,0.014320053774748471
372,2021-08-12,-0.5774552148994793,1.3881397455689342,1.1722330393597857,-1.0656488926139802,-1.2113781516106539,-0.11041213624235453,-0.11974693509494742,1.4501543928563354,1.3722292122459523,0.9330065067183239,-0.8571153092543542,-1.1411469753742343,0.9511131143815743,0.03764457975066969,-0.7589214984203273,0.659412511605385,1.1888294513310207,0.8095048524837223,0.6311546536161774,0.707029719116736,-0.39423211867564073,0.02033348272943272,0.9843643018185074,-0.020347799572265814
373,2021-08-13,-0.7415243702884204,0.8972130802334995,0.07482393847170199,-0.8930673049288065,-1.1039405547290597,-0.6560103818477206,-0.11819281014459725,0.6987042877145774,0.5653340107593947,0.005826340565661363,-0.8449789987795913,-1.0738818407857007,0.5312650126695787,0.32502652284664274,-1.3565674812323856,0.15915364698070245,0.7112993485399103,-0.01874085107632121,-0.12632696803013044,0.284639961533227,-0.3823067479595027,-0.0079212981731206,0.7449940271312268,0.02192633186531549
374,2021-08-16,-0.6338528621113584,1.3881397455689342,0.9770935588539444,-0.7307982025419953,-0.9804865116703955,-0.22814874545836727,-0.026120128274678103,1.5224635109626041,0.9798562353675484,0.674475944815754,-0.7310126551670205,-0.9977839107461437,0.8319997738479072,-0.10355165473197422,-0.70908119579315,-0.20839082015040486,0.7468948265577705,0.282168681753696,0.3031114316433669,0.43910222973653124,-0.35087534927279845,0.13341261609371244,0.7969463149472962,-0.02596510956850642
375,2021-08-17,-0.7107696533088361,0.7563746025931823,-1.288058733002055,-0.5936656176300144,-0.875888351745593,-0.6603045863224484,-0.5550858813171844,0.20172558277982203,0.5533428952924986,-0.4590549413234427,-0.6865756091744094,-0.9513551141446268,0.3912355224305621,-0.43492884128394343,-0.7090811957931498,-0.4782202300189851,-0.2510968146031798,-0.9434416803089559,-0.3410461678668791,0.04881099179380605,-0.3307486039568806,0.044381713927897026,0.5078141051274669,0.10223950305206891
376,2021-08-18,1.5650914026798102,1.3881397455689342,1.266680487702634,-0.36944421806623956,-0.6784058207718922,-0.057553797359488554,0.45428252149566534,1.1819139593516605,3.0328855894053004,2.1353723324528855,0.42390269226090194,-0.7760580967320819,3.669557738100219,-1.094376756516962,1.6359026251865334,-0.3472471684428097,0.13265454129343796,-0.017305006298128013,2.3548726745278543,1.5030675719083746,-0.3294333115214606,0.7210451133574683,1.3756802767037786,-0.029664763280865647
377,2021-08-19,0.798443385580457,0.8946304987907308,0.25822431744401253,-0.06836148999235131,-0.46430236983994216,-0.44114801398499665,-0.20068533289625876,0.526898551769127,2.2204831785774255,1.1361430655005342,0.4243007843577077,-0.6034788625352311,2.7288546661193354,-1.3030568629323853,1.635902625186534,-0.022474728503079442,-0.10681157067086484,-0.10724273548490287,1.093397375486956,1.4426482634525624,-0.3117746385274515,0.8889036242226201,1.3395719885793804,-0.006797609256489477
378,2021-08-20,0.1264954177994337,0.7888819672514272,0.039543890227097395,0.22833782390290636,-0.2576109921969923,-0.6374239074434471,-0.5183115978658757,0.38601398314794017,1.3038462832920654,0.5399590142203029,0.33474227938621937,-0.4392794599201257,2.0259802352285985,-0.7984982013904804,0.7628573898651819,0.2522045477620674,0.42111842544875905,0.577046170389238,0.6729056091399896,1.2590198822165188,-0.31747489506922094,0.9106339834725716,1.1009150052355823,0.007926065272420723
379,2021-08-23,-0.014126715748653913,0.9010123946302863,0.23047579724518602,0.5441365287713429,-0.05772236269628407,-0.4405902299287038,-0.26995034355825626,0.5503793132059926,1.0944387385678325,0.44113059478967487,0.23792992138732902,-0.3307946132268284,1.4440416064528496,-1.0180040843176734,0.7628573898651826,0.47890328939608806,0.12764819632263266,0.04856181272605514,0.5655460092216152,0.7407031910160061,-0.31623940639078835,0.9492515241265501,0.9342313593673801,0.008982096315827586
380,2021-08-24,0.08194127650204919,1.0308111280060384,0.4603796986472897,0.7483524780975455,0.13658944016587485,-0.21971555946871965,-0.17849856886834198,0.7382254047009076,1.0475358982812337,0.5662869198822443,0.1065538477988568,-0.20351176595828338,1.1777613251711723,-1.1941601472187127,0.8756955608109747,0.6784434795582664,0.19386175669307903,0.04747227139082503,0.5536171647862405,0.9654533025602866,-0.3151833964196416,1.0045444036422928,0.824822278594,0.0048318250481574326
381,2021-08-25,-0.06211271387637833,1.08278408658166,-0.13545306761422854,0.8981767507469265,0.3211831799866226,0.27123635491194814,0.17923640135739766,0.8399753709273198,1.0549731911136218,1.1377694751543868,-0.07404367313702255,-0.0663769545328365,1.1312229682934707,-1.3320547338131488,1.0671494185967618,0.8746926934526282,0.29518800924646493,0.28122266567169335,0.2703071094460859,1.1480565025085234,-0.3002756354227037,1.0375423202204181,0.7052900772784327,0.0037009664745713067
382,2021-08-26,0.06299406693873914,1.016747982255565,1.266680487702634,1.0245557798038931,0.492186832169122,0.48835910132462923,-0.049636027945816064,0.8607175935961531,0.8358373649545917,0.54435119172532,-0.024387416004034136,0.05592329017359232,0.628658922298402,-0.7602792151717188,-0.1020685474744915,0.8892412362684742,0.6062980689652808,0.651329875268363,0.4373109315413348,1.0010788563967907,-0.28584284811708094,1.0474485263623188,0.5765156300047201,-0.014511882578786859
383,2021-08-27,-0.26887608815465275,0.5289439324334086,-1.288058733002055,1.1270920145097498,0.627578884712822,0.32838773237805924,0.29652411401201034,0.3404301580115773,0.72614326994221,0.4840624322657133,-0.1248704969899767,0.1973612583572304,0.27476604122150566,-0.9638646571276167,-0.1020685474744915,0.8098977189164372,0.45434591678292907,0.2720142475122276,-0.015985157002912368,1.0816599442686308,-0.2686203443244841,0.909580275490893,0.26136240973659863,-0.01586735217277278
384,2021-08-30,-0.2901032026052515,0.032235716683199585,-1.288058733002055,1.1768250953390957,0.7146269713950938,0.40539677829861,0.5175922533217122,-0.049518201564921115,0.40054451390249635,-1.0151375134106029,-0.10459474569192731,0.28965264672365554,-0.08104096216974895,-0.5177159352603005,-1.0755276434981702,0.5525841220123997,-0.14345724032691506,-0.6324075869692157,-0.4603346122206284,0.5680553054307768,-0.2524642623818959,0.6802916602890952,-0.12199622106944892,0.018487604467365276
385,2021-08-31,-0.4059103713801123,0.5651687994588783,-0.003553874809493956,1.1671974724937981,0.7853159828251826,1.109889450502909,0.41992085186869,0.40542155127432755,0.2798871730005652,-1.077083828826904,-0.17825112330241927,0.4411690609988425,-0.3510731027977909,-0.4405033104722251,-1.3216494315869982,0.1909521937334403,-0.3991315204498164,-0.6906965686715225,0.058570120718180914,1.174182670452144,-0.238334831583705,0.6535379397873824,-0.13793958413857524,0.028015101594467733
386,2021-09-01,0.26937345723599654,1.294924413942669,1.266680487702634,1.1742473919396155,0.8706353590425427,1.3373682926699617,0.46664756827592435,1.111042392412758,0.8608439890126655,0.9168397297132663,-0.1365140093040091,0.4716308812081282,0.36837074820413046,-0.723052756310051,-0.3655378915969623,-0.060272678512557916,0.40342564181048485,0.7805115472297589,0.7772829979495203,0.17691576743951237,-0.22601391983413566,0.8238678817785425,0.13222389664146322,-0.008762378078986126
387,2021-09-02,-0.344052951938147,0.9695270867336315,0.5224819946556021,1.207846649354105,0.947599992019241,1.1783119139985496,-0.21930774380243256,0.8790496114675003,1.1156143315973335,1.2965729941636837,-0.3008536711329307,0.5298367384109994,0.3216081813447294,-0.9047330902112785,-0.14997399431337388,-0.20442303139395357,1.3610329280903053,1.9071850716968912,0.4552041981943972,0.4503104336060096,-0.1837782128383871,0.8336181271611924,0.11783880020585381,0.004755816536527429
388,2021-09-03,-0.32074992409017483,1.1026014395513344,0.7749518763682175,1.288630694914374,1.0175015086077124,1.2940613353990702,-0.2842847996016986,0.98666898209148,1.2591233444381245,1.0744542546195672,-0.3676139759688385,0.6063876323198425,0.29133249520790666,-1.08652639879717,0.10552712996510401,-0.24633808994150266,1.6822244753248148,1.6517043606048794,0.535723898133178,0.6038948560282672,-0.13976311264898403,0.8466035187789376,0.11097485055598703,0.005459522204898974
389,2021-09-06,-0.46635184989207734,1.1315903320215548,1.0818863312954845,1.41324712906972,1.0820923061898127,1.3660432530411417,0.3105485084968702,1.1008867093598262,1.5079406148742633,0.8877089160295527,-0.510899198486495,0.6721806343332056,0.026895612592477934,-1.2247594746360189,0.10552712996510367,-0.23267064660055495,1.4456984823822476,0.8054608295987471,0.5387061092420218,0.5709569505666613,-0.12751798381108706,0.8664176154260103,0.1152864553796679,-0.00400073274123895
390,2021-09-07,-0.17575997275801825,0.9526675091404113,0.014191686296235967,1.5206452137093636,1.1320937388221093,0.7048377028310296,0.25019811295209055,0.9847733997879865,1.3825810513823902,0.8915352660470565,-0.5356503978516889,0.7102295993529851,0.21396014647352019,-1.3705290513711996,0.5421054353149976,-0.13052350170260826,1.234282184157334,0.4742074581270305,0.20171625394268003,0.39891879965231625,-0.1049170691582404,0.8187136190433096,0.02181194979984193,-0.009152544213305105
391,2021-09-08,-0.3336733849512799,0.10695753205813162,-1.288058733002055,1.5716607783689804,1.157133184463481,0.22765161712162404,-0.30371681547104523,0.5711918062977592,0.5365818115962799,-0.6189141704337573,-0.6561135734306477,0.734463166359627,-0.040984238688263876,-0.9920589240444673,-0.3591195920068614,-0.11798321619479267,0.4042909725588689,-0.5127876384062064,-0.1501846569008803,0.21609069949028517,-0.069233112585569,0.6941895798080872,-0.16324460894399048,-0.012211067549287873
392,2021-09-09,-0.43502115694096744,-0.9692016817674676,-1.288058733002055,1.5357050170493254,1.14940632932542,0.11321977575931512,-0.6690019138387217,0.02526410289065629,-0.3200839539473457,-1.6260478563873686,-0.6985579267044548,0.7343499253923066,-0.29613492399732927,-0.44440856709874244,-1.3950545716562035,-0.29749062979567553,-0.48723007776312033,-1.3478944990467479,-0.3947259678260663,0.011146852836675228,-0.0415097844274496,0.5069326952455098,-0.40134431124961023,0.009633271977103303
393,2021-09-10,-0.2387093466460008,-0.2112585773357457,-0.3678245282150143,1.4569333877585735,1.1299118597306799,0.5363837811518392,-0.37370398210214223,0.45538896012049523,0.16819053272626852,-0.47873164884987246,-0.6498265889664846,0.7676427697846109,0.1334385450328321,-0.7076523159139696,-0.6035832533761255,-0.44931156354714286,-0.840450592422711,-1.1529719503237377,-0.08159380139747446,0.3234187786032042,0.01321202382820722,0.4505948342098714,-0.40388677657924427,-0.020865138463961787
394,2021-09-13,-0.4138180414891822,-1.4506269040973363,-1.288058733002055,1.305128125162847,1.079595918400019,0.16619242878255697,-0.6539273489552887,-0.47103380929761735,-0.5206400465096455,-0.8749872863218836,-0.6324119936518515,0.7953868067781984,-0.17338553946051366,-0.7107341923779095,-0.9244153391635564,-0.6196149560099913,-1.0323591821511156,-0.9227714262456873,-0.5438365232682529,0.2581615938599619,0.047117469302890624,0.2526487293115914,-0.6092026692147903,-0.014028666088612468
395,2021-09-14,-0.4978145373366618,-1.4506269040973363,-1.288058733002055,1.0953737637792877,0.9968199454787592,-0.2462954392537419,-0.8106347886712526,-1.0831345676631494,-0.9963533853762738,-1.1029589217853961,-0.5465787344810001,0.7817978906997038,-0.46994212991276374,-0.3422603133109102,-1.0503844829663496,-0.8031150154652831,-1.2335215921835272,-0.9866178322075201,-0.7108403453635018,-0.15853887350176984,0.12309147889510157,0.029535893409430566,-0.8095828097244244,-0.027483827815657984
396,2021-09-15,-0.36076825461179546,-1.4506269040973363,-1.288058733002055,0.8321672320199963,0.8696508364115395,-0.34199578901386846,-0.8059757684377546,-1.4034942662119332,-1.8652486278520644,-1.6260478563873593,-0.5462186309175059,0.69380965909147,-0.6985724706713252,0.5273831905992031,0.06892853895176085,-0.8213671694176986,-1.6823145018694259,-1.4597051360255335,-1.1492253783635304,-0.8392019772087593,0.07907996661961642,-0.2915315627364746,-1.1105030527280126,-0.01184380208776151
397,2021-09-16,-0.4955106334505595,-1.4506269040973363,-1.288058733002055,0.5056008320027471,0.7103971321630728,-0.4188490602660706,-0.8016190104555979,-1.3626568329851592,-1.6626429019058389,-1.1202951499188532,-0.520764994045011,0.6111437529473097,-0.9053530569725158,0.6674989214721272,0.4687934717347792,-0.6977318333124264,-1.6394147176912963,-1.1383007322589005,-1.1253676894927804,-0.8758983332219877,0.03270791230802814,-0.5460837477176645,-1.2557550317519222,0.0161516215554963
398,2021-09-17,-0.8044857436758098,-0.8554025055328505,-0.20744852968168134,0.1830069774900675,0.5569020835941461,-0.45669097040450907,-0.6735824199452298,-0.8797434383855663,-1.2170160663120126,-0.6473061140630203,-0.6082544589257322,0.5350458229077567,-1.0552453564615338,0.31890157069807124,0.4687934717347792,-0.511797601145499,-1.373036349564831,-0.6007347824949475,-0.42156586780565986,-0.7396208478013602,0.011858739884149814,-0.5559767806444457,-1.0207427243842266,-0.01694621833945766
399,2021-09-22,-0.9367202271385563,-1.2740301490238315,-0.2002410200722118,-0.10906184551102721,0.39906370036380984,-0.4231744410640062,-0.8588519101453159,-1.3310727815440475,-1.1523797860075105,-0.724737317624685,-0.667460793392438,0.43494080779619876,-1.1919543591516806,0.1928237099449079,0.6206095241574618,-0.2879619271988404,-1.320475017799817,-0.6510735878143975,-0.5498009454859404,-1.0060945533885453,-0.02498240882623216,-0.6462197379243491,-0.948077059582226,0.013815100321480362
400,2021-09-23,-0.8695710284581998,-0.7680137153895223,1.266680487702634,-0.30962307073867124,0.26218353704434694,-0.46294666839307497,-0.7385463757832251,-0.9253940210504468,-0.7416656918707911,-0.25166282939749735,-0.7759422064470756,0.3600885283971733,-0.9892279347193911,-0.07840494489662468,0.0248129545756635,-0.14663094708598648,-0.7494685549109824,0.02361990989593987,0.06155233182702465,-0.7946964109133984,-0.04733898820475701,-0.5687359638097372,-0.6491689123842119,-0.011829790953891549
401,2021-09-24,-0.8150093046555583,-1.0756300211869505,0.5756251356376796,-0.44178034582738995,0.1351690295952137,-0.4449711533043079,-0.7182936548698442,-1.2731186729021038,-0.6470712589109995,-0.13991488417958678,-0.8159913079933415,0.2802536464360317,-0.8993434144971458,-0.3483767970566784,-0.405108188654071,-0.11923464130741493,-0.7323313332760445,-0.20277488719103506,-0.09948706805053684,-0.8267048959267748,-0.0763304944304612,-0.5702207282566271,-0.523403564356221,-0.018011293383433127
402,2021-09-27,-0.786630488558517,-1.4506269040973363,-0.29442329523493577,-0.5536204308604517,0.005197892138888438,-1.045700162193915,-0.6837536701039931,-1.4570892735910603,-0.7910227524143764,-1.428675317784005,-0.7545585314354649,0.1952096799781348,-1.0818514664613985,0.22383084152762062,0.4435154335106111,-0.03317185927684933,-0.7347204847199066,-0.4423930222217093,-0.4901567233090657,-0.8957576879624339,-0.11603942848212172,-0.6601998407493668,-0.5498269762447938,0.004834820054583311
403,2021-09-28,-0.8633912862637066,-1.2551917577433316,-0.3410314582140571,-0.6525139105022353,-0.11251569819950052,-0.5976001687028754,-0.35946539847131276,-0.8753228390247894,-0.8890888510153606,-1.3964822690799683,-0.7126024684810779,0.10155940000385962,-1.2371031315963967,0.7531859904496495,1.0630340639674298,0.16269452250056143,-0.7488592101121033,-0.4681958556799868,-0.29034857901653566,-0.9525822139897626,-0.14683129910765513,-0.6445501980559051,-0.41933317635598066,-0.03893136595069672
404,2021-09-29,-0.7665433265515627,-1.4506269040973363,-1.288058733002055,-0.7715557211423051,-0.2512841309229809,-0.42397930906353726,-0.669411776307578,-1.552779443826503,-1.1350252992752576,-1.38330929269041,-0.6323015892201256,-0.0018296031599989526,-1.3808630002422073,0.640230666227383,1.266056141218317,0.427071104519826,-1.1146085001142574,-0.9757856125492449,-1.1015100006220306,-1.1640979272422032,-0.20533976395610634,-0.8570107034974515,-0.642395547852193,0.03288417961304288
405,2021-09-30,-0.8307526478772574,-0.3248313148917126,1.266680487702634,-0.8816589839164503,-0.3606528934121248,-0.5884780162797173,-0.41750186779089954,-0.7439976610011676,-0.7945800889649157,-0.45543610499734427,-0.582441202395191,-0.05448665296415553,-1.2902286350829917,0.20976771787697068,0.8228785105217771,0.6426574572048278,-0.6188855445498459,-0.1262165627485186,-0.057736112526724614,-0.6068290087050414,-0.23205414547032502,-0.7216350168483938,-0.32151851905753415,0.023972382480258948
406,2021-10-08,-0.8515837788474323,0.3934334907076449,1.266680487702634,-0.9230938129289549,-0.4191146631837139,-0.7765245363781252,-0.41219012868381333,-0.13741132388216865,-0.10353868450445956,0.8587405909939586,-0.5785036843948167,-0.03942560431049444,-0.28361551037213895,-0.1385393118928811,-1.065927650302209,0.550817100482749,-0.04425797887342386,0.6294762853248849,0.6997455091195832,0.0352367315773903,-0.2367996251352779,-0.4364210773830303,0.15027939319709627,-0.0019758947349270265
407,2021-10-11,-0.9513116184172042,0.958492550140878,1.1888159572155048,-0.8882470557463815,-0.4421239113130375,-1.1315649462408293,-0.37284494839490856,-0.10708200702621594,0.16634991360372264,1.0869415852738096,-0.7191568358328084,-0.011568326349584332,-0.3478152236200406,-0.36954903523259364,-1.2413709983133043,0.28501485760738976,1.076714657015528,1.7755565173777748,0.62519023139849,0.16218798013896196,-0.24193379807433316,-0.25011839058031526,0.38572832436698395,-0.007145723140918509
408,2021-10-12,-0.9964297361867075,1.0218433771650208,0.8836696139793171,-0.8023867043735423,-0.44637185038934,-1.4801446163695902,-0.29937046286192065,-0.22081694523602857,-0.13928751707549672,0.46231588268988183,-0.7741580906478858,-0.029233917251625035,-0.5665155296666645,0.186860160732036,-0.3877574905395481,0.07188744804924982,1.4312781258411464,1.5929310615446757,0.33889796494949165,-0.1355335434244329,-0.24452167478457135,-0.16717355071742068,0.42571488139194247,0.0027849630094862075
409,2021-10-13,-1.0388719655884984,1.1650063871990284,1.0236565954308576,-0.6950843576538832,-0.433234559124938,-1.2431905010720374,-0.36224077222394063,0.49566170171284785,0.07077650877253401,0.4043237835581465,-0.8361344902297329,-0.03806671270264237,-0.754364663234254,-0.10633501378831715,-0.3877574905395483,-0.09696689066882809,1.2016517828807194,0.6773582138336145,0.3657378649290853,0.11616444021434125,-0.2373715416247336,-0.08229137487662974,0.46048521776799706,-0.007977704855542719
410,2021-10-14,-1.1230604534264865,0.8174122131742204,-0.5942595360749516,-0.6197703352041971,-0.41546698773420054,-1.1110441001665168,-0.19925454882296567,0.3574594893402915,0.009967294814557976,-0.055831922121321036,-0.9180713222088259,-0.07509650901653735,-0.9110633244794695,-0.35091049017381704,-0.3877574905395483,-0.22944890028743922,0.4277553322879273,-0.4608972449086757,-0.07861159028863073,-0.16154692777760582,-0.22882299419620103,-0.0734658410239692,0.3791204122459713,0.0035978451762403592
411,2021-10-15,-0.890390159928968,1.0226795023346085,-0.36623491648272605,-0.5748864172537067,-0.3895999738196972,-1.217125602325976,-0.22663537504283288,0.6920295588305486,0.16588429792321557,-0.3815900903697733,-0.9584552337704005,-0.09559312410159465,-0.9503096578701101,-0.584563725212468,-0.5951544657950164,-0.36164943751050616,-0.051615330442169115,-0.7317553447909438,-0.03686063476481849,0.034424809501355826,-0.21724136120777146,-0.0320558848329271,0.3608042622828224,-0.027920081830807294
412,2021-10-18,-0.6995741203623078,-0.14523579421076457,-1.288058733002055,-0.5916317718269989,-0.3855032879085841,-1.6842109403795547,-0.6632537025601714,-0.6727896996871985,-0.8773934399827449,-1.9641655643153493,-0.8541493554732847,-0.11960020917359558,-1.1386735263417405,0.3355165772666263,0.6269294053780928,-0.3114979513639928,-0.8049203615802825,-1.2874313037246614,-0.6720716009485334,-0.09179004879013847,-0.22185149936367232,-0.18509541395350018,0.06701459355209291,0.04532558452726553
413,2021-10-19,-0.3783235222439187,1.3881397455689342,1.266680487702634,-0.570296220790467,-0.3467168721959961,-1.3043158959138643,-0.16386423737430028,1.4166125848664832,0.6735901782049575,1.126370695182845,-0.5585949832241122,-0.09604608797087666,-0.014846099504011057,-0.1909719969371531,-1.382817879766227,-0.45430246664321294,-0.036210884516935236,0.2885133810444431,0.6311546536161774,0.4319485554555117,-0.1912008448576186,0.04648833620598221,0.38411850193869757,0.0031323439863162024
414,2021-10-20,0.12927930166180734,1.3881397455689342,1.266680487702634,-0.4472662458054116,-0.28333155443207125,-1.2028336108007753,1.019793580888868,0.6181937866698557,1.9656750009734854,1.9229828494053027,-0.4264087806575345,-0.012247772153509362,0.9892258580956047,-0.5538330941036712,-0.10090488532928309,-0.5040878975542755,0.25791072359021916,0.6958487320433963,0.6311546536161774,0.9989641587749913,-0.17213914704192412,0.21453757643384622,0.5465963651937515,-0.011797226872039886
415,2021-10-21,-0.6228973191529658,0.9712794238267055,0.5782962871045494,-0.31092198094305556,-0.2186926409985108,-1.537779702583232,0.041707230880610194,0.22402215966112257,0.7954076474314339,0.43109870866042505,-0.5255793299238365,0.01379765033026465,0.6089065688291291,0.030115804121050724,-1.019351732827477,-0.6311771488242536,0.6383330718451379,0.8037650915863229,0.2524138427930235,0.3974443207577599,-0.15953737980556693,0.23336057545129496,0.4623609234421202,-0.013139747081129128
416,2021-10-22,-0.8612313763704857,0.5321127162517035,-0.10125108149095877,-0.14133761211709292,-0.16864472079349013,-1.443837452848966,-0.07779662558582694,-0.20956663004849055,0.1803493510634601,-0.2287438955531035,-0.6588419565262366,-0.010549157643699807,0.30562918210390233,0.1316648953957203,-1.3847514945459332,-0.8385855707125099,-0.04590283631014868,-0.42920989869863413,-0.1352736013566616,-0.08214173963252328,-0.16110769235929942,0.1529982306834868,0.2525897072396526,-0.006030169026591076
417,2021-10-25,-0.8900661734449847,0.33580429842152043,-0.3956952968578691,-0.06316183471398666,-0.13483102958484133,-1.3593366993059475,-0.3741130781613938,-0.4066524435528571,-0.32804504824620606,-0.5565070003400281,-0.7906176118298575,-0.04588033944777719,0.04689362622662563,0.2831277815549457,-1.033700779414782,-1.0208014628946644,-0.5819260281085636,-1.0607945149136866,-0.26350867903694214,-0.133463318276287,-0.1652141258888633,0.0652187606604647,0.07412527884435745,-0.008503796942835363
418,2021-10-26,-0.8594314514594683,-0.653090288496347,-1.288058733002055,-0.1324844916665543,-0.11981609518466903,-1.2891623763704738,-0.33855183645534714,-0.8517190277654014,-0.7902355082802361,-0.9326980185131758,-0.878062740342969,-0.07883346093811998,-0.19816456254321715,0.17724022312950055,-0.8597159624576592,-1.1508851426775857,-1.1805041584458644,-1.4121899810559093,-0.5557653677036278,-0.1506082085574345,-0.17077659069771567,-0.03951769895129847,-0.09298841594791292,-0.011863505881598353
419,2021-10-27,-0.7240770981509583,-1.222315998188725,-1.288058733002055,-0.2819987271620077,-0.12732745804668713,-1.6804955366575747,-0.661287075477196,-1.181216914104355,-1.4808227725645104,-1.0263817296336812,-0.8006205981692104,-0.11608973918664994,-0.49082781384071245,0.7661584311134021,-0.03760944037820732,-1.1284382751923188,-1.384640285913624,-1.2434245580153165,-0.6661071787308459,-0.33406409224224215,-0.18588887229428908,-0.17167582135179915,-0.2660438050903619,-0.030925991563116925
420,2021-10-28,-0.644376423091107,-1.4506269040973363,-1.288058733002055,-0.4885888412773639,-0.1766630967816757,-1.650407772297147,-0.9412804486019324,-1.472184717103371,-1.9378997632462247,-1.4759412597912962,-0.7530472010140322,-0.17769282540915038,-0.7339525449624305,1.293756419389034,0.5947818793680999,-0.9412992422608912,-1.5819560875127738,-1.1983900555925375,-1.167118645016593,-0.616117462639043,-0.22613831609094423,-0.4370924524447348,-0.5957837981667587,0.022246457843394112
421,2021-10-29,-0.8525437387999749,-0.3808873659733469,0.5575031411850531,-0.6877649845331065,-0.2247984824062938,-1.3627497458333782,-0.8351235671804501,-0.8712674111723969,-1.2422582630059489,-0.7516724012126114,-0.7725097496252059,-0.22276273040281716,-0.9223203712920973,0.8269242228848065,0.5947818793681009,-0.6854102500554167,-1.057090561891424,-0.2991854146159285,-0.28736636790769193,-0.38740456483087216,-0.24131203567791995,-0.425677635151461,-0.46217782403325,0.005794718201654317
422,2021-11-01,-0.8751627951817605,-0.11296248887024542,1.266680487702634,-0.8487390634043602,-0.261395668468156,-0.9937200678842494,-0.6873351217986714,-0.7125345379076112,-0.7137657065681696,-0.15710425265856992,-0.845601054849461,-0.2183463326773055,-0.6834292208225841,0.46231372463514736,-0.0008732885120930066,-0.4988836757362495,-0.5919755662708668,0.22317019032523558,0.031730220738587334,0.03706793818529706,-0.25015931458236834,-0.3536104320508692,-0.26822513733819237,-0.020851464380762144
423,2021-11-02,-0.7523479187533386,-0.7777441198416385,0.15590754820940697,-0.9755198173712423,-0.30708944390193227,-0.9328580683452821,-0.6998122420337887,-1.279437656710415,-0.9389762646061623,-0.601128178391371,-0.8034118829420629,-0.30633456428554146,-0.8968095644922427,0.7673423390074743,0.5198346599517342,-0.28993524825854416,-0.3992674138848842,0.09643209530048344,-0.3678860678464727,-0.7828038807309523,-0.2735203197056384,-0.42226684863961655,-0.3150750098237083,0.0029455102297567446
424,2021-11-03,-1.007397278644507,-0.6332234069041304,0.4412416029680506,-1.0444669661989512,-0.35028637347202385,-0.991674113284371,-0.5209214191569628,-1.2000712200780226,-0.848510082903329,-0.6437547799662021,-0.927844027838263,-0.3894534342989837,-1.028543375754592,0.45304451635659976,0.5198346599517342,-0.0866041142695609,-0.4726277386151757,-0.270959155511831,-0.11738033470359924,-0.785042622128522,-0.2774866404542471,-0.41779891360270144,-0.2475832040543298,0.010033528989577784
425,2021-11-04,-0.9351482927162678,-0.13236027551561202,1.266680487702634,-1.0771019370705894,-0.37686651705171903,-0.707269098155586,-0.11932490371945324,-0.927957723052678,-0.5614890994920638,0.24533763094734368,-1.0237946646092666,-0.4520756892273687,-0.8937951311766225,0.16366123540128047,0.07805501779559215,0.035296032340822577,-0.3826573250317606,-0.1924066882682048,0.2345205761399611,-0.5206033833841899,-0.2885438500562899,-0.3230557764827978,-0.06399761182921267,0.013223333174689433
426,2021-11-05,-0.5179976953388705,0.5077052013716994,1.266680487702634,-1.0662643326189039,-0.3757665674109819,-0.5994316385268255,1.6086542282325957,-0.5651397270188832,-0.11873943549159487,1.3608830210258052,-0.9495618498958637,-0.45139624342344364,0.08649518507702572,-0.20119324347811374,-1.2652888983395147,-0.08272644347141261,0.38119305293510386,0.8748644483974369,0.46415083152092845,-0.1934718658643657,-0.2915345432631688,-0.15613850429776924,0.18647850778431468,-0.008244069775082066
427,2021-11-08,-0.9274326145977064,0.18093464333780515,0.5072998523321179,-1.0145861613771439,-0.36351548022392915,-0.5657407525291218,0.23320749499359575,-0.7919009745400041,-0.22920488832416155,0.5360991130675113,-1.0375738431093893,-0.4603422798417815,-0.15209776723384866,-0.4283438741578538,-1.2652888983395147,-0.31352393269827067,0.6692546115500203,0.9368852479419966,0.20171625394268003,-0.22127641284066105,-0.2970193351802603,-0.0944852911416103,0.23575040387283017,0.01070409561594456
428,2021-11-09,-0.7035219556671394,1.136547468166344,1.266680487702634,-0.9028200105699583,-0.3317768328003983,-0.09939266411201428,0.3155735537739337,-0.028742605640442145,0.15325032644199615,1.027886863388342,-1.0576523296368079,-0.447659291501857,0.09515439021750212,-0.6618367716286231,-0.7033327389526268,-0.5041958696659269,0.9533570945768347,0.9137659363720105,0.4850263092828345,0.02201914532005494,-0.298763744517577,0.02605297221922127,0.35969877685968205,0.020268225236693665
429,2021-11-10,-0.04980122748501918,1.3881397455689342,1.266680487702634,-0.6939296570354577,-0.2666869029293963,0.1742978864527081,3.563021358329814,1.1954823379451163,1.297908766073499,1.7549305648390519,-0.9083414781447097,-0.3935301091225319,1.3046450397317435,-0.9445740977860067,0.5891889628703558,-0.4775339790910251,0.959598488437269,0.692701077614791,0.8518382756706135,0.4396079533228995,-0.2972738588117671,0.2422129156057409,0.5961246160214069,-0.0012045775397518325
430,2021-11-11,-0.6096498718078776,1.3339031903422995,1.1330195667390384,-0.4602207576556823,-0.18424058855310507,0.10945164457144152,0.5942790412564553,1.1380162639022613,1.1996728894422357,1.0123240131476559,-0.9830270708327229,-0.29614287722667204,0.9173342371553943,-1.1044931675288971,0.5891889628703562,-0.3421639634903206,1.1396094211192247,0.8291573321382228,0.5894036980923651,0.8380019045241898,-0.2970197761383757,0.3623937883965746,0.6474851041213372,0.004009628467360337
431,2021-11-12,-0.7141415126421421,1.3881397455689342,1.266680487702634,-0.1828430548549673,-0.09015830953717675,0.1479227701949554,0.6891616192967733,1.3295698440450998,1.4019392000474695,0.9076967599884926,-1.0248001492533456,-0.22276273040281314,0.9690117258323873,-1.2547794633586808,0.8540184254927217,-0.12523472398881813,1.0833852415696876,0.6752902382382642,0.5148484203712719,0.5921483551736414,-0.2966012128687855,0.4546698485933574,0.6485154885346485,0.013118852429114503
432,2021-11-15,-0.5478164513647258,1.3881397455689342,1.266680487702634,0.1115631470719422,0.02065741152808519,0.2481385085319842,0.6763598380811047,1.85380117255847,1.5065078466396264,0.9768076066246892,-1.0186727413843142,-0.14122923393186193,0.8957216808638023,-1.4013087222220888,1.0570212177835694,0.14407219793789178,1.3538090773510814,1.0057699594674747,0.7176387757726456,0.6903477323619055,-0.2968016964539532,0.5886323802237564,0.7091816932275214,-0.026817696787276444
433,2021-11-16,-0.45996811620766886,0.36452695893629206,-1.288058733002055,0.31792862331058375,0.10770425161117167,0.05242192875167519,0.2613226757876663,0.6096802158143947,0.8136104058376606,-0.023891754004013263,-0.9634397070456885,-0.0661504725981955,0.45340832541632947,-0.999091967951462,0.1013943996662269,0.28407645783367597,0.492178674488863,-0.29169299688902167,-0.18597119020700506,0.610300348404716,-0.29118663729677463,0.46969240352240005,0.3946672371550344,0.05100927839959872
434,2021-11-17,0.5335784351745402,1.3881397455689342,0.9759012147859036,0.5367113405198392,0.2301121550895401,0.8801627285941799,0.6561672701969135,1.4365756370904155,1.596793466560346,1.8250572299194012,-0.5309847318114027,0.058641073389288416,1.920412484338061,-1.3256698693628859,1.4037914925245492,0.5293627828646262,0.502017711093056,-0.0403702484831415,1.0456819977454561,1.2689391537536847,-0.3005078771474408,0.7366573576690941,0.697031156237419,-0.027356141215285554
435,2021-11-18,-0.12790596912376842,0.4757295698979886,-0.6368757188296267,0.7269716448793649,0.33717873592377073,0.20047606311380906,-0.2728722740316924,0.5580712867801346,1.1074161822189164,0.7657819690430778,-0.5732892993873582,0.14368503984718528,1.368514547062703,-1.4689644305327725,1.4037914925245498,0.8083410737783384,-0.3009673530238925,-0.8271683834159691,0.1510186650923366,0.7538499126549689,-0.30005873810539946,0.6834305931303631,0.47927964863100486,0.006712759659060339
436,2021-11-19,-0.4295373857120677,0.6547642975537995,-0.3626758227908614,0.8714733781615388,0.43535220054593304,0.617061396749604,0.22626116315503753,0.7714223432840612,0.8618808785343249,0.30263546933926005,-0.6538689823455677,0.22691715082795005,0.9306205985242595,-1.169638437212003,0.6970354881092499,0.9826017304594353,0.23591925412258272,0.2462821177568458,0.24943163168417976,0.6661108996779652,-0.30396948121476375,0.6758429732411568,0.37059449383934695,-0.04014991292720398
437,2021-11-22,0.5087754699007202,-0.5359708136424695,-1.288058733002055,0.9311982595054509,0.4793774864156665,-0.185299127913891,-0.4095610460939484,-0.5376728716853365,-0.2733821068416898,-1.358857941365348,-0.4666771884951269,0.2734591883967834,0.3602881308952614,0.1693838488051675,-1.3690876009093411,0.7994033183294844,-0.6153767810727772,-0.8437139329277058,-0.82118215639072,0.24429848453638972,-0.30657749277289215,0.3776882498846549,-0.133469450221289,0.04877065597111106
438,2021-11-23,1.3059502134909287,0.6018717900688525,0.21717755985064602,0.9331495940252541,0.5388356220913159,0.7419652595656486,-0.1564076035755626,0.9794211674016404,0.7508710642122739,0.28902582988143055,0.006633369721378797,0.36201362484162386,1.927850942329276,-0.4403296944472097,0.31850699839964547,0.685494557537367,-0.16410153481256898,-0.08293955168468758,0.5625637981127716,0.7491205760047904,-0.3122508993237053,0.5213260959465271,0.09748288062448068,-0.008620743043906975
439,2021-11-24,0.26892947575794557,0.2045525697330906,-0.08657754141800966,0.9322206281467795,0.5938954893780317,-0.05201428684342942,-0.27111974503821157,0.586432450845272,0.9606183754903893,0.5768729534003224,-0.21150132193432145,0.4139912288418574,1.4748735186279505,-0.6542945346661093,0.31850699839964547,0.616236334023094,0.1217612757619292,0.4796618193041309,0.15400087620118036,0.3642554880776925,-0.3094696924965553,0.5336864792239907,0.09379290091382593,0.0
440,2021-11-25,0.036139187266359236,0.2045525697330898,0.751136799057267,0.9301783849729415,0.6419039500054172,-0.40741073975468045,-0.48353120766582897,0.5316905438990999,0.7260159616924277,0.4953409946038953,-0.2709665425882489,0.46642179671137096,0.9769321960911735,-0.4084083537158656,-0.27763291567631665,0.4917947057116411,0.8523511174467232,1.2107317094713919,0.25837826501071093,0.38008197711499164,-0.2852521345156988,0.5260460438977339,0.062129277880028394,0.165721195428845
441,2021-11-26,7.702979343242093,1.3881397455689342,1.266680487702634,1.1371567806337395,0.8742358787025518,1.8267923882588404,0.8595751898709658,1.9082938422342324,3.81770187934049,2.135372332452874,1.2381305510881035,0.7178167441634729,4.981490002822816,-1.1426782240975395,1.9457033610327434,0.6612147527074271,1.263641786326149,1.3806780641411147,4.58854879505181,2.6875770314752527,-0.44365807658958406,1.7533710230249901,1.8096198917826387,-0.06901668923355561
442,2021-11-29,5.0273429650170725,0.1021237297436348,0.009484568463079292,1.3791307376061648,1.1164483617410623,0.177305547554462,-0.2658226810488957,0.7473630534897336,2.124475467403772,0.998479360884542,1.5789941518534854,0.8561972062294514,3.445601500274599,-1.4110723828388148,1.9457033610327434,0.9667340179623529,1.257254638846805,0.9130011604050868,1.7793059305210142,1.46898174044173,-0.45616041339114277,1.8820190105064216,1.6304360643652756,0.014893892338734416
443,2021-11-30,3.8958141699562674,0.24871590139896085,-0.418049002299745,1.6294844784366413,1.363003115483233,1.1114932083456583,0.22992918139900578,0.9911585191260792,1.7049040391158679,0.8464982881560005,1.6036245713947388,1.0544821400081146,3.2145427400600326,-1.58128288788804,2.1123366224405404,1.3401242543086769,1.2712848630034639,0.770076142137705,1.466173764092422,2.075322228379266,-0.45502093465086185,1.9997227775044055,1.4713783199445234,0.030846320156925025
444,2021-12-01,3.4755557022325134,0.5455207889905883,-0.011998007137068625,1.9027940055703112,1.6286174792191652,2.049914214564024,0.3712319300511038,1.4267148739746862,1.586272729035521,0.9716195037981177,1.6484944610494423,1.213698940061112,3.1222954640294707,-1.7213241240030956,2.2838697715787797,1.7417219306450407,1.0401910459753667,0.4420971168154951,1.734572763888358,1.7790648449439397,-0.4621148752579525,2.2335764215777907,1.5108679684435493,-0.051472940485222246
445,2021-12-02,2.139651433275384,-0.270556853625716,-1.287038565327793,2.03097774462156,1.8211577573871935,1.2855559899508915,0.14387587174449254,0.5959553253117053,0.9093435722842768,0.30730999286122107,1.483065940599599,1.3417744741008986,2.3591254162668327,-1.26164819674258,1.4691724521156615,2.010653527902598,0.8635226394236751,0.2809034120747503,-0.27245531236347326,1.4324696467201767,-0.4359083896802801,1.884937629168016,0.7062782767507051,-0.006127249301187234
446,2021-12-03,1.1856312329391177,-0.35841305097278303,-1.288058733002055,2.080239255919632,1.9439592264299477,0.9039816574295637,-0.05173720704708001,0.49988109179285856,0.6335307803439021,-0.9808184944033395,1.163779008649945,1.444484031460834,1.814929764280936,-1.1041481857935946,1.0537797750477162,2.1316793769075844,0.13559098324120156,-0.5787404346033161,-0.8390754230437822,1.2513207933170314,-0.4100045653427808,1.5534396657883263,0.08721258125688043,-0.05041838705289326
447,2021-12-06,1.241416905681251,-1.0185632418390425,-1.288058733002055,2.0225454709212114,1.9545552187509385,0.38257688976217696,-0.5531663008690115,-0.268712776357925,0.07738485223035506,-1.5898128433229326,1.012606758322984,1.5388137572390341,1.278200554030297,-0.1825683121087306,-0.3167298731012274,1.9751278580983904,-0.9868323650862589,-1.793442767465899,-1.656201266866965,1.1081161311329146,-0.37501197284275817,0.9229439762345532,-0.8372581499108118,0.01696553415829667
448,2021-12-07,0.6547613796836398,-0.8204264190618537,-0.8707654964488392,1.8688619554900274,1.909982867096496,0.5526436328319381,-0.13382713667049387,-0.014398628808033814,0.033569951408205574,-0.9514109717291791,0.7262953173473818,1.5890927467294562,0.8873458068380222,-0.20988984936369773,-0.5579528094071238,1.6558996283340293,-1.4934175341535596,-1.762388348687861,-0.9613460785063753,0.6737774195731995,-0.3416867818869086,0.6321480610563477,-1.0891878253053762,-0.004871660375049928
449,2021-12-08,0.11330796795137943,-0.8843241318542803,-0.9849032006781414,1.6709767555464299,1.8243817708985828,0.42316547389255194,-0.5510189070648087,-0.08786716032244608,-0.015240417422457023,-0.6150873738301168,0.2959217323932929,1.6410703507296858,0.6240794110824058,-0.39530608227857933,-0.5579528094071238,1.2797325239814685,-1.4494808171982831,-1.0462374517821724,-0.7883778341934389,0.7242605352459833,-0.3184988098235546,0.40156611836460754,-1.2042930107291332,0.004123717183861935
450,2021-12-09,0.7174947625823003,-0.8308911736008038,-0.3659624818770213,1.4562496618145635,1.7190119667477508,0.6082669676907174,-0.7043054542007947,-0.025701479810250647,-0.01968536720804851,-0.3594934467272318,0.22844395866873085,1.7019939911482591,0.7835908553607622,-0.647495892895331,-0.1319612438761263,0.9649745268139839,-1.0667209116065741,-0.3222448724749344,-0.2068466679689112,0.78000729331119,-0.29226057667712846,0.2828429056953652,-1.1358013562117395,0.00633975645696565
451,2021-12-10,0.20475615293047114,-1.1273497595634054,0.30555816669789404,1.278314748189255,1.610611437877186,0.7305923136447228,-0.4412117748400128,0.07037275370859633,-0.07623245475435511,-0.04554311745614176,0.016278257266961058,1.5078989731604644,0.4721552274453996,-0.829105254304736,-0.13196124387612612,0.7072422371627616,-0.32256112118897323,0.5526090850560562,0.1510186650923366,-1.2157786930799737,-0.26552458235617143,0.25327777044969796,-0.9530195433619457,0.022423288328689943
452,2021-12-13,1.0501688841359467,-0.7653690738788171,1.266680487702634,1.1621033778335408,1.5273491280956566,0.8988752956791792,0.21049367095348948,0.1311409908241568,0.103899707618281,1.984946612622288,-0.05638716691360741,1.4495798749902686,0.7169766945829719,-1.0165952609661137,0.32490987585329834,0.5637274459361806,0.7753075937309807,1.643482109626803,0.857802697888301,-0.1097898354209259,-0.2430658373015794,0.39867098449971067,-0.5556373224041884,0.03254354773247142
453,2021-12-14,2.572905358856684,-0.27207326151215716,1.266680487702634,1.1521808114366157,1.4965103111897518,1.4257638051651405,3.694554674310341,0.7333157909459284,0.6821895900845859,1.832981743869991,0.21263269602404736,1.4100587773953206,1.8842461679794862,-1.2467711252234706,1.277942422320765,0.6238802251182688,1.4686626361627457,1.8783635350505459,1.4602093418747346,0.11557893187297243,-0.20307201212038664,0.7250800949587021,0.022120974498768438,-0.026382991919485826
454,2021-12-15,1.396918418493749,-0.8169877512976965,-0.16832125482150231,1.2087658224212656,1.4651743613171375,0.8730342352018845,0.4232093326099585,0.19224283970166445,0.48266788332936905,1.0143434357276806,0.28404542053588133,1.275868231120213,1.293721600274735,-1.4127817071991953,1.2779424223207652,0.7830345990654263,1.2352953286932227,0.8307183618982217,0.4730974648474596,-0.6009521585280136,-0.18713081888315505,0.6974016412507116,-0.023973303661925884,0.012208410159392101
455,2021-12-16,0.5646211401398873,-0.17972714152899028,0.2443585508555261,1.3093049651894044,1.4448878183198792,0.9333613216542875,1.5828341177126937,0.05282359031041841,0.4824627788447893,0.6753719004504491,0.1110905348040833,1.2493698447671528,0.9037657171546322,-1.522407634115741,1.2779424223207658,0.9797077969582596,0.7319080976172154,-0.06180265417673937,0.5864214869835214,0.1989630205129649,-0.15261321674281383,0.7509167542570836,0.0557065230896697,0.012061160755065749
456,2021-12-17,2.0186364817579796,0.11593208274217803,0.6772807059484539,1.4335773757392127,1.4418268486273498,1.4143080645792305,1.8490020733527424,0.33598975226070693,0.7674652028956148,0.8997840419537937,0.3645902531279865,1.2546921702312306,1.4357693364216437,-1.66868126717049,1.774484218541749,1.249116114103483,0.5052879129790214,-0.08446517388034866,0.6550123424869272,0.4369410186235709,-0.11934996509722327,0.8511525894311884,0.18651906541201133,0.010871578231351755
457,2021-12-20,1.4779510379877534,0.38546812199317027,1.1480590542818112,1.5214555355835104,1.457301050779934,1.6363316753274124,2.109453087022305,0.5941706646271483,0.8218268829724458,1.021211788151463,0.45234749511647815,1.3504940285846012,0.893579077413059,-1.7772912259736822,1.774484218541749,1.5336416702839901,0.6606602855856666,0.42722841364182673,0.6639589758134584,1.2714902131811356,-0.043320397508436574,0.9670539779757793,0.3136573646842123,0.009027839092765205
458,2021-12-21,1.2349611750004017,1.3881397455689342,1.266680487702634,1.6057095402200285,1.4887710686708804,1.816898287650838,2.147255107780347,1.4700424694831857,1.1354243344044006,1.43457726332496,0.39672551859876665,1.430555392480382,0.6516916139915176,-1.8586856662909566,1.8502551152628313,1.8132815906324034,0.8223297005420148,0.6831496849307147,0.6848344535753645,1.1605023620044814,-0.005553787243066994,1.0737185333134691,0.40210831567398453,-0.01637952632633735
459,2021-12-22,1.0639443094549332,0.5007620736576016,-0.7063069948029904,1.6827854163367013,1.5049613832463484,1.5447026144940874,0.2624417485975094,0.9119830393337077,0.9891137553538937,0.8622531150788619,0.3773934914062972,1.497480804166954,0.3898350728770409,-1.9314206021244282,1.910171623562796,2.076005326172215,0.5892360096737312,0.2280725256423713,0.18382298728961766,1.0011514575368046,0.05124889874598382,0.9713991445642588,0.17286777483202395,0.006304749430738527
460,2021-12-23,0.32446315901253636,0.7455055749246674,-0.6376568692591784,1.7220441271380995,1.5135323974137633,1.5246746434833753,2.0360436005657343,1.0991582519304277,0.7305510966609796,0.031183501396006275,0.16779359577063097,1.5640664929515646,0.10966361949814209,-1.8001306692791421,1.4148255577942772,2.2391714226073423,0.45090414107398646,0.06227472842884957,0.20171625394268003,1.031211820395148,0.1189530551560216,0.9242042917442052,0.06860789276161733,-0.059708491312835
461,2021-12-24,1.125057759933678,-1.4506269040973363,-1.288058733002055,1.6662724784213798,1.4482363192580001,1.3229643521990695,0.29936415421445894,-0.6270131531282142,-0.13015461299204645,-1.973398757776551,0.34524127727399423,1.546853865918808,-0.2542910434627553,-0.6550641918053126,-1.095803470049194,1.9860678116991153,-0.510493992645956,-1.1402103106786976,-1.3609623670914355,0.1493435976084459,0.12722594885757102,0.4115361006388036,-0.6829977922578833,0.021632374256095478
462,2021-12-27,0.08654908427425378,-0.7232765161799715,-0.5448127210294257,1.5273701462263476,1.3618752456356888,1.370276546917731,0.07821941342604496,-0.043786041413796654,-0.17457220720359093,-0.9130707344915354,0.22475864482180452,1.5140139853957857,-0.4885776865974986,-0.8627297311707846,-1.095803470049194,1.5412432163020935,-0.7801088349088113,-1.0775132880005942,-0.6034807454451274,0.1391323494470521,0.12381749234656932,0.2525433578289019,-0.7765730264879221,0.03807611705673941
463,2021-12-28,1.323109497642628,0.4509068780225701,0.4734064542579639,1.4003207686210777,1.3060362802834622,1.9684076319396004,0.06049640961809216,1.0849920120076484,0.7341051436164959,0.4640821701282376,0.45911982028812154,1.490912828062349,0.7534402845556684,-1.1149299157416193,0.49926998076685747,1.258648208720862,-0.6078743684142914,-0.34085682597839884,0.5327416870243342,0.21073128607387812,0.12250078200265127,0.44495959278317754,-0.34697747113215915,-0.0024471258497631835
464,2021-12-29,0.004100523850249161,0.3546143482032407,0.9211746684108939,1.2945023894898031,1.265875178927165,1.4518396674661402,-0.4006309696012529,0.9133651347853697,0.6501262566522713,0.5206534576940203,0.2008189465624736,1.5074460092911826,0.44965773107519186,-1.2461976449959622,0.49926998076685813,1.081892379215542,0.27480495827945295,0.9392734304350211,0.5237950536978031,0.525098797346115,0.13276173442772718,0.530989564091549,-0.15602097722064645,0.01700544189945515
465,2021-12-30,0.44070230976604136,0.8765497261256032,1.266680487702634,1.2914914344823178,1.2530536417441533,1.9330541000565908,0.2096845997401494,1.4284954600914737,1.0403660543674411,0.9419155412775883,0.13438633427428862,1.5235262266507301,0.6076115640969126,-1.3885963655590408,0.8612841782666975,1.024343377600001,1.1143444113778802,1.6958707041163392,0.9323579756093944,0.5890119765995591,0.12714381411540024,0.7013757407640133,0.11783950836585848,-0.0013774106860950602
466,2021-12-31,0.3154395354586357,0.814549455371589,1.1902505476779726,1.3731498181671467,1.25253758201037,1.6761148621068995,-0.31895083056511,1.3104144860308178,1.223962537237311,0.9345982762625706,-0.03380228822689188,1.5148066721670332,0.40184258694479935,-1.4973564594999327,0.930634444152161,1.0420395322150844,1.3404026602718804,1.3218792223118236,0.8220161645821762,0.4107341631937783,0.12592850492538635,0.7709860771755991,0.19226183943244263,0.02080211412943205
467,2022-01-04,1.5478001240346362,1.3881397455689342,1.266680487702634,1.4773862953270942,1.2792052327541799,1.087734355260215,0.7214151758687444,1.4907002085181982,1.8344953479615427,1.3677647101697041,-0.0281450995355029,1.5144669492650717,0.8307132017239246,-1.6141043311722416,1.4145382020565813,1.1645566215114878,1.5473032957314712,1.1847195495278562,0.9860377755685814,0.5422426063138557,0.1524428575051142,0.9535641012722632,0.4139674416023594,-0.01119984556245214
468,2022-01-05,1.0887712737275668,0.8537255109732766,-0.3787555386621952,1.5873927418624147,1.3043734834855427,1.7854687735796735,-0.1671280777811741,1.086056623050056,1.3736187903596444,0.9336672393965273,0.03390191775292582,1.4820800326113275,0.4104132693525923,-1.5460382623993338,1.034693369035012,1.277273156736332,1.1357209157928256,0.4321300982176658,0.3418801760583354,0.2757428924095643,0.17669754336738844,0.9405172760217454,0.3105079122283156,0.006124551298114147
469,2022-01-06,1.367363651454843,1.0556305465218068,0.16047386258682533,1.682641838452001,1.3301593744631708,1.5043244014153554,-0.16264913697447272,1.1455893124195347,1.2727597489545694,0.785378651508381,0.17341651023259924,1.4811741048727614,0.19800910673774957,-1.6741601811263171,1.1686736775065993,1.3945809105044435,0.8049275276047438,0.049268931617922826,0.38064892047330395,0.5725729405667952,0.20981279806278139,0.9486358129445327,0.2581236573140927,-0.022989518224698833
470,2022-01-07,2.4991204370043767,-0.03427690109135452,-1.288058733002055,1.753702242105881,1.3256934576245538,0.3747935657965543,-0.3983929422455774,0.14398151910641083,1.0222730940865565,0.47461333071509015,0.5402788035793041,1.4313480792516275,0.35582604565631604,-1.806081691199166,1.5789654116854046,1.5622048653056744,-0.24728251325761488,-1.131882250195568,-0.3440283789757228,0.18748387771657615,0.2509358268304751,0.7378119522893094,-0.09808063934370004,0.03713593130020372
471,2022-01-10,1.5563437676122656,1.2040191689181303,0.6786605683705982,1.7798673874749629,1.3406212916915492,1.2251937007390263,-0.31966590473071976,1.1283672870365016,0.9053098675301353,0.33889666096728216,0.7367015013158221,1.530886889526583,-0.06728998185773073,-1.5093648270519762,0.5855079626483407,1.6024686896817144,-0.16517693657770569,-0.46088842618412124,0.6222080202896463,1.5047564726644898,0.2810685036968959,0.8830153830883775,0.12804136254937118,-0.030562650410166696
472,2022-01-11,0.8360378172219075,-0.12526192132911562,-1.2401427817391082,1.76242756913171,1.3287863115267946,1.289090800860878,-0.3566022594702188,0.3155716988373454,0.49663368954228615,-1.94026350704888,0.6098284069744117,1.557838239748925,-0.3384181588564337,-1.6215231005500275,0.5855079626483407,1.5744660128713484,-0.6032201292227631,-0.6870659787311175,-0.28736636790769193,0.7789760692773402,0.3045484196326028,0.6953213361551487,-0.16894309078323197,0.0
473,2022-01-12,0.46876913887850635,-0.12526192132911562,-1.2258166225476612,1.7040067191216643,1.2980612388242048,1.7492294479828128,-0.5360375372819941,0.3155716988373454,0.4106004259876857,-1.0491893223136357,0.40407263626852324,1.5185436240886199,-0.5504007379260846,-1.7092144661000932,0.5855079626483407,1.513919421317744,-0.2977297021115313,-0.1145772970154012,-0.18298897909816134,0.2729142272794925,0.30856622823892293,0.5596640536935905,-0.3318306704313839,-0.018796237324767685
474,2022-01-13,1.0728239390159524,-0.8946068421163874,-1.288058733002055,1.5820230320153668,1.2344960967627274,1.0244246927754113,-0.5353714784694896,-0.17210565408214842,-0.03334897201477139,-1.346357386576886,0.3832711855421037,1.4595450801145011,-0.7726527250084554,-1.3321336785751796,-0.6614602117128127,1.2668044201855952,-1.0688936941959795,-1.145556565196812,-0.5945341121185963,0.061465338200495385,0.32604218930217344,0.3144275710464072,-0.6194442190243524,-0.019514545113475557
475,2022-01-14,0.7554011812083271,-1.4506269040973363,-1.288058733002055,1.3594781471753927,1.1318605851201629,0.918672928403698,-0.7478569466164472,-0.8046562947130663,-1.041091076725608,-1.5502070636592085,0.22642193826863458,1.3506072695519218,-0.9381384728588911,-0.8702578662777153,-1.017112998317989,0.8947881963975255,-1.359291510328971,-1.3667819558659278,-0.898719645220657,-0.3985589748416425,0.3232258343307128,0.011019435429708771,-0.9330418157278657,0.08216266496709274
476,2022-01-17,4.2158048206369445,1.0757572500143577,1.2605107208124224,1.214990176962989,1.0978927774456055,1.285744609201932,-0.23831981336813965,1.3553828569789856,1.117245178652638,1.1483899531272972,0.7624371033059956,1.355816354048673,0.7048378864366379,-1.174641199909463,0.5608344288978414,0.7107475402301977,-0.4911780221132157,0.28018388090791735,1.3051343642148605,0.679040732184129,0.3142165358550368,0.48608417637416196,-0.06640401274235076,-0.018654771483314535
477,2022-01-18,2.810231458124034,0.39239167239357337,0.6375345837272449,1.1504164073981389,1.0839419959824237,0.499032668182446,-0.626173980312438,0.6961219704003209,1.4303454431511902,1.320513077334909,0.5980611762529368,1.2988561474863272,0.44926107442977065,-1.3222729750470505,0.632943831149344,0.6477509937292881,0.35978002192996966,1.2445271592377776,0.7593897312964579,0.15885332182188303,0.3145719247293387,0.607755497192897,0.11960177384325821,-0.0023565067292784883
478,2022-01-19,0.9119106519709952,0.3064945118303476,0.5557109649097207,1.1598679522365152,1.0776390808135288,0.020915025457507033,-0.6281191693222737,0.6162579385539357,0.7722537972449681,0.6064650059484722,0.3623031393777279,1.2603542185972658,0.16220877634909034,-1.0754030612524852,-0.026248579685769345,0.559192090599026,1.1788357460625205,1.7055309628821418,0.5715104314393028,0.273663104782399,0.31424087651414045,0.6438716894343077,0.1455900305584078,-0.015967725028494428
479,2022-01-20,1.3725594346979801,-0.276587069992525,-0.01269203045246893,1.2385329292602605,1.0564450008317077,-0.545450644564102,-0.7086380235069987,0.08002801044246487,-0.14235591904902295,-0.014911551717157306,0.41816209180265584,1.1960333491590733,-0.1739915353850962,-0.39312267490822905,-1.3325341414006382,0.28159331767475226,0.6170457324803091,0.24482685396967968,0.05558790960933718,-0.011263854748691885,0.3214069160875844,0.517807546896326,-0.06643299836947487,-0.022862097225545754
480,2022-01-21,0.5573254445005634,-1.04819401741702,-0.7091804936131479,1.2116868260254665,1.0010052535382203,-0.48052663539289286,-0.6998434284097118,-0.6729757183949158,-0.6063773471174015,-0.3936375154288552,0.32264116705026347,1.139412865498691,-0.4244870543477998,-0.6384517184231785,-1.332534141400638,-0.06979324408938233,-0.1457085249188306,-0.9309199107077107,-0.6303206454247211,-0.009638472007462791,0.3199299617961129,0.24754386244391285,-0.44305321037330064,0.022862097225545764
481,2022-01-24,1.0730279305058679,-0.24054485837668285,-0.22850736463226073,1.0962876941002375,0.950334793421638,-0.4405968222299518,-0.5252775170807299,0.08002801044246487,-0.3693051120789246,-0.6626950812817284,0.47990457173557244,1.0521040796943781,-0.699812142329437,-0.39379324345727784,-0.7799536741340809,-0.35263389523189087,-0.43513033082855623,-0.8057621303862315,-0.17404234577163014,-0.1904337626399916,0.3809391015824043,0.261322429556324,-0.33660013607749456,-0.08913068215236657
482,2022-01-25,1.5664713451115901,-1.4506269040973363,-1.288058733002055,0.8457639567520219,0.813074752344789,-0.913199743651457,-0.839896154703839,-1.5543256442936653,-2.0667781280690867,-1.7355427282768112,0.8753462314306143,0.9067026776545123,-0.9786840180152608,0.4607352969780075,0.44349289882184617,-0.4058054354208451,-1.1121634428267422,-1.334981661817352,-2.136337255390806,-0.9058323396407413,0.3382582055422804,-0.4112896376501017,-1.2367673612948096,0.005972395505530417
483,2022-01-26,0.09328080344145893,-1.3187325946384802,-1.0755241974248388,0.5314611331832152,0.6368079109201208,-1.013139117546586,-0.7097381237503552,-1.0561208838351837,-1.9134208712441088,-1.1780846168532408,0.7566949825258187,0.7609615527126851,-1.1370388711550008,0.5573402275952227,0.772887541952903,-0.29125553084091044,-1.0335877153096669,-0.8362794528481664,-1.5011262892070907,-0.8347840576376363,0.28413279499486754,-0.747833532970145,-1.474467481581012,-0.05744304901620934
484,2022-01-27,0.17878923621419318,-1.4506269040973363,-1.288058733002055,0.18445211834962882,0.3928809138210633,-1.289556043712222,-0.6917911466331608,-1.5494344359908787,-1.829778960736702,-1.1188169007435518,0.7552460411968703,0.5924589933393865,-1.2880239242215292,0.949516269519297,1.2538397752450812,-0.033023338152280445,-1.6412591209999379,-1.4502393194275278,-2.386842988533679,-1.2871083515866946,0.16918457708044815,-1.3183333788992846,-2.0004767743325145,0.02067559509430146
485,2022-01-28,-0.12539807374775083,-1.0773471647047157,-0.5799988470449379,-0.1754101561498582,0.1425454140350292,-1.0606896593317099,-0.4702559150981156,-1.1928827627859961,-1.2751619721902983,-0.7696117300071509,0.5455722976681907,0.4711779173388442,-1.3937800261762814,0.5713140544262767,1.2538397752450812,0.2774359653927338,-1.4684286290594604,-0.994707153415593,-1.2476383449553736,-0.8163553526384894,0.09750362286929495,-1.4525736507288003,-1.7950234656239021,0.0145652249109178
486,2022-02-07,-0.33468134290144963,-0.8137070063401267,-0.07701157674542813,-0.431725382968916,-0.08162165283427979,-1.1094241023751454,-0.12742506038128895,-0.9372419404881536,-0.8191240671440051,-0.3374991570370546,0.36704806540737633,0.23371160886719633,-1.0029520330242598,0.23683634716397778,0.3173981638630834,0.4578474343696417,-1.3592998694163945,-0.6665995284114606,-0.42156586780565986,-1.5974539511449821,0.04876013305674768,-1.3580712571328124,-1.3022954140003942,0.02480397736580819
487,2022-02-08,-0.12493009327088629,-0.3697640838846903,1.266680487702634,-0.5965679518594512,-0.25061851498229226,-0.8459000139073581,-0.2776640339682547,-0.493234196497166,-0.5915067127732023,0.1761444304534778,0.30332042080978405,0.046524289885968455,-1.1543126410505082,0.13757481143620948,0.5078060397438922,0.5838882076901434,-0.31622061473044943,0.686664824625888,0.7444786757522391,-1.1013614402088874,0.02452860225516928,-1.053253187042732,-0.6061999382917278,0.09988900404546708
488,2022-02-09,3.8457762574299834,1.1045618208237769,1.266680487702634,-0.5907769388698904,-0.2704085922507968,-0.5467685534223884,2.8469125286244887,1.410617190615704,0.5998127347403188,2.0734580077662224,1.0324704798044364,0.0053045777812088255,1.523678274906032,-0.40912231244800923,0.06953537957604303,0.6104254161083061,0.7817199368796777,1.7674804554128403,3.3061980182490047,0.15444862697380982,0.022110757843360068,-0.044025953896189914,0.9618721430885947,-0.011826459854393533
489,2022-02-10,1.5515319683501456,0.9039432478428905,1.0392242323878034,-0.46172942332133593,-0.20839493661708824,-0.9646636876515546,0.19661214651340478,1.1751585384992724,0.6841676868254097,1.1939440708034508,0.7673518485542447,-0.027648543709135984,1.1073071835689123,-0.6304657641250337,0.0695353795760432,0.5840291968482825,1.578182610642059,2.0272214351637143,2.4085524744870415,0.2080684651887671,0.022353268887795118,0.48095629818523433,1.5211848999852073,0.004409028678815684
490,2022-02-11,2.168114245868273,1.2322339442041788,1.0535640325381497,-0.24989975321205285,-0.09343144176686342,-0.5983367824972106,1.5145082213928867,1.2626146092853754,0.8122264040444005,0.8975211510044471,0.6019929724515357,-0.017343615682944062,1.0939075545580625,-0.8393542995026144,0.3252415477463389,0.5686477425500134,1.7150178728251908,1.4586189500348594,1.746501608323733,0.566767153928617,0.021689616874842013,0.8208472687517269,1.702932275468559,-0.016721085709970426
491,2022-02-14,0.767724667099093,0.898065661894239,0.47652914855042594,0.003229249175486389,0.03034289194010449,-0.8862841383468285,0.32395759779443817,1.1759772877966908,0.6413249287756078,0.5190587270287513,0.3942092095042657,-0.014739073434566461,0.7311971642032297,-0.6545369967463205,-0.16190058682031816,0.4918123289221723,1.4701690688401923,0.7394626224931309,0.6520301313780834,0.049304752835935876,0.025201633706238874,0.8651599373060418,1.4240206638217088,0.01231205703115475
492,2022-02-15,1.5108416658617452,1.1055091724703838,0.5483030999114733,0.21387276844260678,0.16609897690609385,-0.5507312423570154,0.5299140317478434,1.3937651456538518,0.8486684197421098,0.6943676143795553,0.3753804441306974,0.12250897895820093,0.9801301325675659,-0.8803244790265514,0.30807618786162105,0.45581678695838174,1.3169814268836,0.5674762126195418,0.4760796759563034,1.4175990986777236,0.02458981893149308,0.960256360437856,1.2737926327404356,-0.018179200695147602
493,2022-02-16,1.0975069092957048,0.7287742271422123,-1.288058733002055,0.3708581008026908,0.28176327213984936,-0.9359067149217726,-0.05168466312829062,1.008746272991491,0.6606540167387985,-0.3730210679357982,0.4286239356050312,0.2314467895207782,0.5379103088754457,-0.6868713829557349,-0.2709343271130164,0.3623809704482749,0.3298106121044946,-0.6605545251037676,-0.39770817893491,1.0791352269859786,0.024423115351160644,0.8396000417606142,0.8438921400277797,-0.02275610185310268
494,2022-02-17,0.7318221648739989,0.28778935091536456,-1.288058733002055,0.4494087224085952,0.35424287005165495,-0.9147061494146704,-0.5565649578862896,0.5365533159527464,0.32299740980617386,-1.7234548925732793,0.28427461319471964,0.4059511201620856,0.2226082022750774,-0.35243758715542484,-0.9613271106873059,0.15042783005724578,-0.6182776975840982,-1.5354438257741485,-0.8062711008465012,1.5678230272141735,0.02269855690194101,0.5611821888849955,0.2735014023389458,0.0052975578598385715
495,2022-02-18,0.196200509853435,0.3916130431989603,-0.9930768495881437,0.4647099012633105,0.40144545586902824,-0.9976075818083616,-0.2525790003747709,0.6455209214232269,0.20008191229115357,-1.16846858363882,0.10767880978519757,0.5405946303064714,-0.03927295688488886,-0.09625750507023922,-1.3031257286339,-0.15263368166034502,-1.2318345058205316,-1.6206810665731586,-0.4812100899825345,1.3490762263173732,0.0275315633447264,0.41741943797647774,0.010489336006883763,0.0
496,2022-02-21,0.8899995660542097,0.3916130431989583,-0.9338766115114877,0.4305338750252792,0.4301883144851529,-0.7353037479453217,-0.5274055160160019,0.6455209214232269,0.31647553650261323,-0.48000361575341816,-0.04078799123433477,0.6517972602154688,0.17010600251191252,-0.34335512373313515,-1.0229035079229911,-0.43813375567708196,-1.0397029039681913,-0.7232340948816799,-0.2843841567988482,1.1449703726536138,0.034227502030667864,0.32052950577946027,-0.13263329801941331,-0.042084973261559834
497,2022-02-22,0.9004151315392972,-0.41963390822247143,-1.288058733002055,0.31626314166636643,0.40270410628835257,-1.1037659674212592,-0.5340742454953344,-0.20442640124651204,-0.26574040599431065,-1.298442587303038,0.059738395853432505,0.657232826646865,-0.16143672694908315,0.5009905039844463,-0.6260222956447365,-0.6356989354228498,-1.0222672723865227,-0.5294325159312087,-1.1939585449961865,0.24488807892133785,0.022262933646953635,-0.062256526339361115,-0.6575418914780794,0.006591016170704553
498,2022-02-23,0.06721789072992669,-0.555901687158781,-0.841083909587683,0.17195989484723007,0.349425258671339,-0.8533219129946219,-0.6360162443449082,-0.2106266811331539,-0.41265185603540433,-0.9804803648899715,-0.16182714273676385,0.5156816174959065,-0.3601154551450825,0.22151745315101967,-0.6260222956447371,-0.7722716034184687,-1.140664050528024,-0.780077495663917,-0.6601427565131585,-0.914136122515938,0.016299317964676534,-0.2335287714859426,-0.773835816439184,-0.08013395271215076
499,2022-02-24,2.272701882697792,-1.4506269040973363,-1.288058733002055,-0.02565807791039696,0.20646241606376614,-1.0907941923506925,-0.6741390906063737,-1.2421403256208357,-1.3018154243271154,-1.5367177723415457,0.3979116513123169,0.2969000686321838,-0.7264590071392363,1.909969420475573,0.8772106277110763,-0.6557247312213568,-1.3611188218443282,-1.0494718006784853,-2.3152699219214297,-1.6967063390576196,-0.04531156839451861,-0.8927935521767476,-1.5673955660400853,0.011401735468822779
500,2022-02-25,0.4195951903095104,-1.20763981237964,-0.7857042549509453,-0.2671534758232195,0.029333968775681493,-0.8005385809756294,-0.4437248679112992,-1.0523093496159694,-1.2611962296336476,-0.9889717429981485,0.20937367771714752,0.08513945974235047,-0.8901824225787258,1.438927343986006,0.8772106277110766,-0.4195492668603707,-1.1885742963427577,-0.6707633294110245,-1.5458594558397467,-1.6190275570706043,-0.0909691365230852,-1.1647182074491744,-1.646207626668121,0.04733708170283585
501,2022-02-28,1.7902740085474964,-0.2508582455402582,0.995858525512505,-0.43905130587892804,-0.11076351028366592,-0.38119940301724464,-0.31555737368611403,-0.24061827980205364,-0.5504537822487391,0.14465576084378343,0.5474740626911998,-0.04078449591834248,0.4811459430817785,0.7715283246308761,-1.0520933933912906,-0.4122337490940981,-0.5456118957682309,0.2524620981325173,0.1122499206773681,-0.8815760503144061,-0.10003102465114473,-0.9319847541876358,-0.9848088487532753,-0.008988824568433218
502,2022-03-01,0.5506897213286125,-0.3302088832498057,1.0036852282033106,-0.568751703442783,-0.22688669237885856,-0.9713972581267769,-0.46412384993374106,-0.39771977718539303,-0.5879342992782794,0.15050073931787417,0.339808844258125,-0.1910552595529999,0.18382558339950095,0.5236931219748199,-0.9693231192333921,-0.5106708591414029,0.1340694041808471,0.88047557963972,0.18084077618077393,-1.1320572419858628,-0.10233561607871283,-0.8073377652474487,-0.6108504543207124,-0.0067950431328288015
503,2022-03-02,0.03039142705051028,-0.44527396489904675,0.7912219093489199,-0.6280936781660378,-0.3258554042138603,-0.7815817206962434,-0.4063951389817192,-0.5155459002228968,-0.6029304330536503,0.03718325759158281,0.08379969086273319,-0.309165588468558,-0.05354644542375033,0.4031860525509759,-0.8244230774964543,-0.6347031932549296,0.626622031580768,1.0416751754821532,0.1331253984392742,-0.9988526532991441,-0.11061232721936848,-0.7371641988325794,-0.3898816009762039,0.011299555253933466
504,2022-03-03,0.3805968172374663,-0.12475995764547995,1.266680487702634,-0.6424133586694215,-0.3947882530779485,-0.4302656766797608,-0.3810535125353329,-0.3191690284937229,-0.5292137301470347,0.23155551209252082,-0.052701128080391665,-0.3852635185081151,-0.29156996616369296,0.39737025433818673,-0.5596035630460796,-0.7245241137218544,0.5151249187921739,0.41402475380372783,0.6072969647454275,-0.5911971361241571,-0.0779576848013759,-0.5723382824781965,-0.07723087336233138,-0.031193095773504063
505,2022-03-04,-0.1060188822057966,-0.6998617794735148,-0.04506135727127258,-0.6858662580511982,-0.4689513524521031,-0.2878101960488911,-0.10414239891958864,-0.855932477886796,-0.6690844663300834,-0.5779670667552366,-0.12595099177531985,-0.5031473654890362,-0.515757824419753,0.18269858996696442,-0.46000599274005743,-0.7755877814441932,-0.27778229643548935,-0.8538426141870772,-0.43647692334987853,-1.027471865950613,-0.07849672110948783,-0.6624242624592279,-0.1930422342092019,-0.02069173959550757
506,2022-03-07,-0.2772397392411804,-0.9729646134860498,-1.288058733002055,-0.758865698038539,-0.5586627392510379,-0.20070828660072917,-0.4490685916464031,-1.1880324909259177,-0.8980960295262378,-1.425692554572343,-0.2384770699206209,-0.6411881046530451,-0.7018945959914679,0.5792155879041946,0.11115482196551671,-0.7225945668481157,-0.9358740616479155,-1.4157917095984702,-0.9941504007036563,-1.2678760783466423,-0.1037142734910708,-0.8236773908026115,-0.38785341593912936,-0.007125920889967661
507,2022-03-08,-0.3594843081752697,-1.0463216776483144,-1.288058733002055,-0.8495128037901795,-0.6560378307932875,-0.5472196726354095,-0.7909994085539058,-1.24825798517626,-0.9789176033883951,-1.144563226453337,-0.31411761585303294,-0.7176257575945697,-0.8728439133219726,0.6613395273124205,0.4156461597900586,-0.5781273711089401,-1.5000891023028173,-1.6261851267971874,-0.8957374341118133,-0.858787649238336,-0.14441926196474894,-0.9255823732709977,-0.45850672062520464,-0.02902259322634356
508,2022-03-09,-0.04220554436052566,-1.4506269040973363,-1.288058733002055,-0.9723428612067367,-0.775783770247527,-0.39141643748445204,-0.777237454460335,-0.8482202225607048,-1.3387806781754825,-1.2729579919553697,0.09632531552143843,-0.8339242310329937,-1.1177436585226148,1.7143025262544187,1.3161767635865167,-0.272469399320423,-1.0974530040134234,-0.5690903660327661,-1.334122467111842,-1.2754000911915673,-0.19821045309519983,-1.1341312067248797,-0.6681190873509837,0.009768087436207266
509,2022-03-10,-0.1949591718088707,-1.103392971191572,-0.6122076752323351,-1.082176039925398,-0.8892555869375406,-0.4197892350660971,-0.5832599844220666,-0.6894048906604561,-0.8746493810243324,-0.570948740734072,-0.04268062835342739,-0.8252046765492929,-1.2410730386228688,1.2559012845692348,1.3161767635865174,0.09047709316359404,-0.5976483208682793,0.19852202196632743,-0.731715823125408,-0.19446984411335583,-0.23676567539664728,-1.136647334379756,-0.5400442501495818,0.0024271856576111375
510,2022-03-11,-0.02413429825391077,-0.8026943169356335,0.2433850964467514,-1.1722326582927327,-0.9856684108777483,-0.09558838202741335,-0.6303483583797371,-0.461456130290475,-1.0355259383637347,-0.7710169847941344,0.011488257260712755,-0.8281489416996319,-1.3756845884861488,1.8278331463591002,1.7443631871657572,0.5130840357700792,-0.0787297560297018,0.5655878575721823,-0.2843841567988482,-0.30679297172157555,-0.2600072441557883,-1.0635252510602158,-0.3290039731963188,-0.032439715767450694
511,2022-03-14,-0.5474684658819291,-1.4506269040973363,-1.288058733002055,-1.2454024996996282,-1.0913790114562074,-0.3337959868003463,-0.6002261443194384,-1.0748629357933484,-1.06107731202067,-0.8692471727395789,-0.09616995837817943,-0.955884752837459,-1.4728953770067224,1.3438132430133067,1.7443631871657572,0.931631457614029,-0.16850893584310805,0.030137692219210872,-0.8569686896968447,-1.2621698058337034,-0.30465316859489566,-1.1792797136871136,-0.43130841660382563,-0.042196756546241776
512,2022-03-15,-0.17258010541522079,-1.4506269040973363,-1.288058733002055,-1.3035980904256108,-1.2296079921785537,-0.5716772706177871,-0.6078835386730759,-1.555322650576031,-1.3520603632801278,-1.5781104821582796,0.03340821786814207,-1.1081938538838896,-1.5836606499913346,1.8591604126890338,2.09284944455496,1.3628212519231502,-0.7690963080129865,-0.9866510080967072,-1.5995392557989339,-1.6379296882778012,-0.3627140336634687,-1.4585440553101516,-0.7478741972077502,0.02153399316192516
513,2022-03-16,-0.06183672539002233,-0.6804696416850414,0.9337206562255286,-1.3719728606871,-1.3554889165842545,-0.5655888597685326,-0.2814697106366685,-0.8161489193997022,-1.218805765042097,-1.1410799441546826,0.0615740968000974,-1.2155462909039778,-1.6704786383949235,1.9547706964336518,2.2644432555383185,1.7893308072984666,-0.9831059857023918,-1.0102178465112375,-0.6452317009689397,-1.3181613133680445,-0.396365383128711,-1.4187660368027055,-0.5431341096973865,0.017318278661469094
514,2022-03-17,0.18430900594131325,-0.07332476382415253,1.266680487702634,-1.410747567645819,-1.4450163810113092,-0.9189146955401851,0.5815301631900207,-0.5403259269204524,-0.618662629979363,-0.068206062706483,-0.04531604930880055,-1.3221060411528185,-0.8978962918483578,1.4485520257976934,0.8923539178779503,1.9861782125252943,-0.5207298749215419,-0.03290922002131091,-0.021949579220599837,-1.2490494266487213,-0.4177820817046558,-1.2124075274413988,-0.14021187922963246,-0.0004188481736625661
515,2022-03-18,-0.1769119247010694,-0.07846363088263575,1.2503234919893842,-1.4237934858253487,-1.5013379085016672,-0.7685630841473287,-0.1915297129114976,-0.42741975034773644,-0.588770310105276,0.020440871882549894,-0.2782264111801656,-1.3771411512707117,-1.0227156054594984,1.0864472613190386,0.8923539178779506,2.049781875412948,0.3702376637475165,1.1199864047027075,0.13610760954811793,-0.889099755451834,-0.42545620485410857,-1.0287670548482333,0.14951363614570307,-0.010105349151922377
516,2022-03-21,-0.3427090080045873,-0.30127290242075316,0.8263517541234913,-1.400392139769742,-1.537112986849942,-1.223485000791994,-0.5555133661020131,-0.5195059454917758,-0.5595111818527059,0.10779538991864294,-0.3818678803202404,-1.4134915017806795,-1.1536473957984108,0.8539807244861637,0.9757674017392992,2.051911957850183,0.7086580723348943,1.0521499275645516,0.07049896515355585,-0.7626935239631356,-0.42526766604510846,-0.9295374805686828,0.2601202449903763,0.015536739149129208
517,2022-03-22,-0.1670003381910668,0.30744157734927313,1.266680487702634,-1.3391963960012707,-1.5372901600397921,-0.9119430672016814,-0.2564365262918799,-0.18758747480975102,-0.3870342027948547,0.7521079438492679,-0.36771391869145437,-1.4159828030617387,-1.055587183812828,0.44402841784247804,0.5588111394258146,1.9640193934247872,1.0572236694447794,1.0483705621837205,0.5297594759154906,-0.4875503987149817,-0.4312231688939936,-0.7196396307666211,0.5074724098608682,-0.0033389012655145986
518,2022-03-23,-0.39469083943477046,0.8050172994170265,0.993910641396629,-1.2721844490814256,-1.5122782870292681,-1.308780468206207,-0.21199965792567443,-0.17809699283526792,-0.2735397461848451,0.7631978362819279,-0.5289545483943757,-1.385068018983163,-1.1696382240228331,0.16650665497083814,0.558811139425815,1.8373718103491008,1.0036650681181294,0.6971049448837496,0.22855615392227363,-0.1680979993781795,-0.42638806622093695,-0.5745747652799766,0.6122848881913522,-0.037049159639773524
519,2022-03-24,-0.3015627245387291,-0.14776049972080643,-1.288058733002055,-1.2295834496906477,-1.501636239666399,-1.2020256685900255,-0.5709127864025829,-0.8633718245595425,-0.8106809694721592,-1.81245611138507,-0.4925734114426769,-1.4051116701989401,-1.304200422777809,0.7350575558364728,1.1732097987258865,1.7874689374261934,0.1965870080367241,-0.55612012306621,-0.7794312008669076,-0.7443244727877437,-0.4628930310730386,-0.690116388882379,0.3220282078653361,0.002166848085090293
520,2022-03-25,-0.44806461279614035,-0.0008798662213935817,-1.024715869849121,-1.2012741652931835,-1.4924333626741377,-0.8900889098645981,-0.6514278277067123,-0.7392674005740898,-0.7547020288627858,-0.9312226222483383,-0.5461553222383354,-1.4338748758984163,-1.408866146912386,0.37855203355298195,1.1732097987258865,1.7807952327790226,-0.8538433056421492,-1.6872633231518672,-0.5557653677036278,-0.7474538776754863,-0.4933848069398514,-0.7076562440211829,0.23050667656417495,-0.009569451016150785
521,2022-03-28,-0.7901583413841112,-0.3506437366639668,-1.288058733002055,-1.2099056365596834,-1.4874799870599875,-1.1460504770399682,-0.6064739309979505,-0.9543524406097981,-1.2074495697696812,-1.1650401958989272,-0.5854257717289054,-1.4155298391924527,-1.5029869746368965,0.7629123741180754,1.5668647782152965,1.8519383370090388,-1.4262002010578052,-1.7458078237364267,-0.6303206454247211,-0.46940877851753554,-0.5081100895965297,-0.73868975311917,0.1379189981171821,-0.015415412067443986
522,2022-03-29,-0.5389008233054862,-0.8969416816734193,-1.288058733002055,-1.2570338003229866,-1.4936462629098142,-1.2599467377324203,-0.5889943302608905,-1.3487999206580508,-1.2493472092626956,-1.1280100157603277,-0.6635781602188053,-1.3671759461464852,-1.580766320979077,0.5895601040588506,1.6487632565103838,1.968463847470147,-1.4201072237798562,-1.0853628481899928,-0.8480220563703135,-0.1356277473001005,-0.5277484069031695,-0.8119018485823326,0.0033005157925836462,0.020211584330936904
523,2022-03-30,-0.5077021248478508,0.5838991233278026,0.8024315362719981,-1.2906719545537426,-1.481440678662975,-0.9164073305832006,-0.6417168291042178,-0.677601048424629,-0.860672551108447,-0.5219775235969769,-0.7009345169890243,-1.3262959569436892,-1.5409208341725666,0.24969640890446287,1.381996381757101,2.0612130993288753,-0.9992122517230837,-0.26613122823187146,-0.04282505698250596,-0.15231982538310565,-0.5281147746074953,-0.6868989581027858,0.18014794223514416,0.029149084750802436
524,2022-03-31,0.5553095286002239,1.3881397455689342,1.266680487702634,-1.2786723149498547,-1.424414071016117,-0.8524906749395539,-0.09547309627913902,0.43199304738414585,0.10974180466400749,1.0105481183271454,-0.5259000910856353,-1.2839438351657204,-0.4562240527620825,-0.1539946544911851,-0.8627111121985063,1.819404615871933,-0.11975268870892623,0.7988318383587258,0.890607020085582,-0.002198159993203706,-0.49371862043558407,-0.3877044175326323,0.5716820395654192,-0.006782560973914382
525,2022-04-01,-0.2181902026604022,1.155759754443334,0.963606229974895,-1.208005744215618,-1.3435841664510233,-0.529379452444203,-0.12074670257849457,0.48879986532010117,0.278781737002868,0.926184444037004,-0.5979822199744028,-1.2545011836623212,-0.6548335321325633,-0.4063888756424175,-0.8627111121985055,1.4266428783524598,0.7994953905658156,1.5689020096149071,0.5834392758746777,-0.08316831544040444,-0.4742701299493806,-0.2250363167221643,0.6889224447811834,0.030578298649135346
526,2022-04-06,0.4839365061286798,1.3881397455689342,1.266680487702634,-1.0339369663677245,-1.2165437187780948,-0.5197878507420772,0.07350020394053189,1.4917062672374315,1.3380883803242272,1.4766245748373596,-0.49386936151733996,-1.1513386624331017,0.23951855757516846,-0.6926336092310224,-0.5226194497076263,1.036629575822055,1.4313213532802946,1.7346781000133062,1.2693478309087358,0.44347428281597917,-0.4582043995909891,0.09023171511945693,1.0017755113404654,-0.04471432328950806
527,2022-04-07,-0.01809855005229902,0.18490724574204137,-0.004766398476534321,-0.8422079706878174,-1.10756782195735,-1.162786792760427,-0.1464396402476448,-0.3049912819940753,0.18406160488450438,0.36155823208801974,-0.42136431218956205,-1.1234813844721956,-0.107239621171487,-0.2182709765097032,-1.3572629366351587,0.5627844458191109,0.7673480593663514,0.1780867800351762,-0.1501846569008803,-0.32893509150094385,-0.450198888339999,-0.003381867203512324,0.665098918526004,-0.0125897039471303
528,2022-04-08,-0.4215217201083368,-0.10390605486423475,-1.1971798900813027,-0.7295151602509157,-1.0235532288367175,-1.0561329379141564,-0.1717951255395023,-0.7913784831862675,-0.8105966439052056,-0.9206592219638777,-0.4568323305222281,-1.1050231067989074,-0.3681441832038166,0.5337435809315841,-0.35882526315246766,0.2248958388021919,0.0507484182962605,-0.8165103301052135,-0.5975163232274401,-0.44346158551371906,-0.459442789263096,-0.13040575967113027,0.3477963687076621,-0.07152368785394964
529,2022-04-11,0.032167352962714134,-1.4050523354204005,-1.288058733002055,-0.7364478760374705,-1.022329651374598,-1.0563380044477741,-0.4980730719300809,-1.4348123355471045,-1.9169667353627233,-1.586065438734593,-0.16164962205220748,-1.1141956251518903,-0.7029108170649666,1.7079661895460965,0.7592000715917526,0.1407762319112752,-1.0830305558339712,-1.8559784936214088,-2.2794833886153048,-0.861051501377126,-0.5237590478003353,-0.6231890524261412,-0.4311017784495932,0.01905704895520891
530,2022-04-12,-0.5917706176917712,-0.8082759013268619,-0.7744550686215733,-0.8800979408666192,-1.0501887723574423,-1.1977013223859116,-0.6274077340795418,-0.8430959581377417,-1.6083367309213945,-1.0402415916425392,-0.2634408949961743,-1.1151015528904562,-0.8830470398382565,1.4672359679880984,0.8808893939813793,0.21006635778956492,-1.288554147658874,-1.4016339047445223,-1.3520157337649041,-0.6582590647711567,-0.5525097370731452,-0.7736786755587015,-0.5628497898122978,-0.041359278180568525
531,2022-04-13,-0.6020781876821976,-1.4421378393832562,-1.2141897010274951,-1.082610459117151,-1.1273267397405293,-1.1427491647790016,-0.6021667572532216,-1.543632506996929,-1.5719799246744541,-0.8354949868921696,-0.29454280530794563,-1.135937890877481,-1.0551265581284814,1.2319453885843592,1.0144851953777627,0.3707093365488705,-1.565339051648982,-1.2527806881190138,-1.9603867999690254,-1.0371226090066208,-0.6225318309034642,-1.0618224043649123,-0.865853862140193,0.0019175461292718545
532,2022-04-14,-0.8426201527905656,-1.3820459442192516,-1.0190600773090572,-1.2708095451258876,-1.2237148601937577,-0.9040840118469945,-0.7637657817469123,-1.505119088767152,-1.2653335331692168,-0.7223247556488565,-0.5063684491471407,-1.1633422049691051,-1.1649228416585615,0.8909470074122671,1.0144851953777627,0.5648472011650784,-1.5803827461186235,-1.0801867586461902,-1.1909763338873427,-0.8320464282628511,-0.676970191320773,-1.1700655788980412,-0.8500056993856185,-0.04907756178600995
533,2022-04-15,0.039775035586614424,-1.4506269040973363,-1.288058733002055,-1.4138303594392805,-1.3644751161763045,-0.9571109711759447,-0.7658921045330931,-1.393780297884702,-1.4102386034684573,-1.2684456018414805,-0.37024723681212873,-1.260276472995681,-1.3267755926900757,2.0580193908039615,1.740379180514178,0.8620443826113723,-1.7554185053981861,-1.209051698776388,-1.856009411159495,-1.6309733102840618,-0.766453489177664,-1.4479172395826723,-1.0808040871619697,-0.009603308577393728
534,2022-04-18,-0.674423169605691,-1.4506269040973363,-1.288058733002055,-1.5312367563425247,-1.5272695374619465,-0.8719628155742964,-0.756204512670036,-1.2022764212007035,-1.2931121892375355,-1.199439517154488,-0.4303189868041102,-1.4213051285258123,-1.4351058848897735,2.2321428662780662,1.951052125818308,1.2171120565076914,-1.4712933141190692,-0.7332274160374641,-1.4116599559417788,-2.054245498865895,-0.8455723430188324,-1.5955768398999859,-1.0785490733544834,0.0045604335435319235
535,2022-04-19,-0.8578715165365866,-1.3293448789472027,-0.8283307980776046,-1.6137103117311207,-1.684440598059812,-0.9793809912763691,-0.5577223726065494,-1.1421742887155182,-0.9690029598247816,-0.6606923391728982,-0.6257746317819443,-1.5631960605787325,-1.5083162043848206,1.8027460830882023,1.951052125818308,1.5727203756216706,-1.1456791992974167,-0.319248384513847,-0.9285417563090943,-1.9320452178364362,-0.9075697323264984,-1.5818398329819672,-0.8450564870859798,-0.008631685986311277
536,2022-04-20,-0.6388566533639869,-1.4219539229450464,-0.9101811462272559,-1.6683702843065273,-1.830228601674617,-1.301638946428801,-0.7640232680279606,-1.2557005389653138,-0.7917288996679647,-0.4429643647929044,-0.6778818525314498,-1.7498171747233537,-1.1389247971898804,1.318397885297231,1.1824136606898952,1.7917616179201101,-0.935944176429249,-0.2693033353799086,-0.675053812057377,-2.348641516073649,-0.9667534974357758,-1.5419336335965048,-0.6206959349748802,-0.04058829753919396
537,2022-04-21,-0.5856748719931255,-1.4506269040973363,-1.288058733002055,-1.6975766386836835,-1.9885487215173905,-1.2974811517155231,-0.7647642449429175,-1.4766738991608954,-0.9461189900395478,-1.193879369465257,-0.6045250964604231,-1.9042778541488838,-1.2898943778218985,2.116710530197473,1.703777235618417,1.9963743254265947,-1.129595285610669,-0.756620500262168,-1.3579801559825917,-2.3055685507458183,-1.039432530642638,-1.6540125989225622,-0.6593857243539358,-0.022557347424074402
538,2022-04-22,-0.5943625095636362,-1.4506269040973363,-1.288058733002055,-1.7101906567675929,-2.157415277798492,-1.25033203447295,-0.8696868725885817,-1.5628892161118175,-0.9826844705920263,-1.3129349117229818,-0.6932379365878483,-2.029295882071009,-1.39207436726166,2.0581579458695565,1.8387110368895243,2.1958490508746675,-1.4901066780795849,-1.2699462341842582,-1.4027133226152477,-2.4093209937955247,-1.113933123773932,-1.755028882227113,-0.6744568190832941,-0.06392310308639931
539,2022-04-25,0.04512681232203956,-1.4506269040973363,-1.288058733002055,-1.7366881140922572,-2.3674634955294107,-1.609164445138224,-0.8697670165957448,-1.5480542241714066,-1.1785032055246785,-1.4667568601625542,-0.5413133016404378,-2.120454860764225,-1.5211960824472963,3.139601118887112,2.266589823761916,2.4364354530824914,-1.791091331261006,-1.470510028236167,-2.54788238841124,-2.3303008000350665,-1.2245178385066626,-2.0409092521159624,-0.9518903813052756,-0.00989242864997295
540,2022-04-26,-0.2961989483038972,-1.4506269040973363,-1.288058733002055,-1.7770294767959836,-2.591480993109555,-1.925754916572673,-0.87500988561338,-1.552680189400136,-1.1491312721595084,-1.0187535935780336,-0.5707669178127153,-2.2410564909608444,-1.6084208109945086,2.69807587248764,2.31289295358318,2.684852238401467,-1.8808408613040781,-1.3309693763631445,-2.187034844241149,-2.6280907805592495,-1.322281567161736,-2.161911602706789,-0.9371510080511137,0.03730705241281061
541,2022-04-27,-0.367643967771882,-0.46690019648240083,1.266680487702634,-1.8050262940434665,-2.7734820486666734,-1.679893642781633,-0.8197519547550587,-1.0038234676150428,-1.0141253664295653,-0.6308220110020446,-0.4972626738096911,-2.287938251431643,-1.6969787450138265,2.4652723371366845,2.4086131923406295,2.9304114688267893,-1.3914767379746267,-0.4859836553544113,-0.6064629565539712,-1.798333766972458,-1.3851575942932886,-1.954732102820921,-0.4542468469618534,-0.027414623762837577
542,2022-04-28,-0.3296415531506009,-0.5071057639003934,0.7189832546805754,-1.816883390794291,-2.932457306079392,-1.6809706115459462,-0.8266240779176682,-1.2469377350080977,-0.9161655605050568,-0.5824211553388337,-0.5067657823804601,-2.3547504221508926,-1.7653991050929945,1.8348276130180536,2.408613192340629,3.154467111618588,-1.0719410265232008,-0.19725544771998743,-0.7704845675403764,-2.115380001658887,-1.4544545774887088,-1.8659040832835052,-0.23781981471721467,0.03638832391403321
543,2022-04-29,0.03367928988796876,0.6251772123247418,1.266680487702634,-1.7881526315109466,-3.0285466477157854,-1.651531055224179,-0.6185206941227557,-0.7218850515006133,-0.5969548994702316,0.16161966709522632,-0.4999879526532456,-2.3419541928436436,-1.238966301852375,1.2729741811593245,1.3201967887137775,3.196593715434751,-0.032489829218760695,0.939234386884214,0.5655460092216152,-1.16504420552028,-1.4927793567059358,-1.547637441213522,0.2646862783134033,0.03941396854087663
544,2022-05-05,0.16198993704469725,1.3881397455689342,1.266680487702634,-1.7073991413809708,-3.03525906832988,-1.3076504025411886,-0.29648894794249175,-0.16077981391871812,-0.15611878439003107,1.9697391675671763,-0.3759280770548848,-2.293147335928396,-0.10033119209168596,0.7021834252742317,-0.5388031965349624,2.8817064113893855,0.7190824197272152,1.4500061635218977,1.7166794972352954,-0.5822067836564999,-1.4970731002500515,-1.0829121134748234,0.8769359948867131,0.004819286435948922
545,2022-05-06,0.19807243176089312,1.3881397455689342,1.266680487702634,-1.5808947380746678,-2.9703894669950843,-0.8999764288470358,0.5497096647565561,0.04110418539748575,0.08914211653843096,1.2990534407662513,-0.2551097017004517,-2.243661033209222,0.1366918357627772,0.21423945792571675,-1.1870042981084006,2.319453814184533,1.4815309146244344,1.8025191391553859,1.4423160752216722,-0.5790524475484785,-1.4916742561676763,-0.7215870610910831,1.218302273259841,0.005858871619615034
546,2022-05-09,-0.3177380497390723,1.3881397455689342,1.266680487702634,-1.413429344562634,-2.8481158242799096,-0.8782499800674605,2.673095235919796,0.3536164768616312,0.26649020400911194,0.9355006596096994,-0.3597794335905127,-2.17956664570567,-0.14166833965916625,-0.09409951757148308,-1.187004298108401,1.6768926059558482,1.5718850339645334,1.3213667871604005,1.1291839087930806,-0.4011644545773161,-1.4503759117804085,-0.43319491720017334,1.386698413260559,0.001061571224958825
547,2022-05-10,-0.03805371756577882,1.3881397455689342,1.266680487702634,-1.224307420298919,-2.685278288007616,-0.5355497633683586,2.844812418744557,0.6524695803227957,0.3690592893867648,0.7422102399354116,-0.45070537739447597,-2.0836515463849747,-0.3860908419349836,-0.3648458045572122,-1.1870042981084012,1.0458115927744882,1.4530719770445462,0.8117469537680861,0.8518382756706135,0.12472383977146967,-1.4189722631339123,-0.22605850526657797,1.4047708363320546,-0.0026560440581162963
548,2022-05-11,0.4688651348737606,1.3418353110248156,1.0474535219758772,-1.0276575361288054,-2.498795561238898,-0.6980268509354934,1.265830268498432,0.5997229423124468,0.6155077119070436,0.9699255827215116,-0.469519945248288,-1.9641823258615687,0.001838159705600932,-0.6272470767954172,-0.8451240497144216,0.5200587354373924,1.2288114463715625,0.5078775465762788,0.3538090204937103,0.38384497078696106,-1.3780122123285286,-0.09619223937279103,1.3083056869383702,0.005305052229693098
549,2022-05-12,-0.40779429278697726,1.3881397455689342,1.266680487702634,-0.8450903295028934,-2.293751039118893,-0.6817280045527842,1.1317462624600978,0.7052162183331405,0.5824488734803849,0.6253111625394889,-0.5960190530560125,-1.7995299593771712,-0.2359870799748338,-0.6619002177252032,-1.0646577414382055,0.0601702715513322,0.9316152682789632,0.22784514882156984,0.246449420575336,1.3264675523070741,-1.3653277688982888,0.02209525743652224,1.2145119756937988,0.013140793561058328
550,2022-05-13,-0.47589145192046967,1.3881397455689342,1.266680487702634,-0.6598126869671809,-2.0673886794896528,-0.8499569213905109,0.9380094334260455,1.4491256992377024,0.946706602873092,1.491150275675574,-0.7223838933238929,-1.6106440258861339,-0.02735255647451358,-0.8404709020893726,-0.5781482782558952,-0.26033137038736803,0.7939514911169142,0.24376604013005007,0.5059017870447406,1.6548401896151845,-1.3316392893480669,0.16901652152268887,1.180581444128812,-0.01419955490930037
551,2022-05-16,-0.3857032143790901,1.129978077588474,-1.288058733002055,-0.48748799361264816,-1.8466649333036207,-0.8259067308287228,-0.05305267337518984,1.2663711446111128,0.7867833079910291,0.3886483907128252,-0.8198806863922394,-1.4567495512972082,-0.257324840013325,-0.8050553316855054,-0.8877120937380438,-0.5269750942459962,0.5540139500790823,0.08110788359122387,0.03769464295627479,0.9308533096420005,-1.3144547203844357,0.18523706508592874,0.9658131013903853,-0.0031830265601209893
552,2022-05-17,-0.7221931767440934,1.0720119338410923,-1.288058733002055,-0.3607520853086829,-1.6381780974999862,-1.230918075222862,-0.4042123968825152,1.1866736696611728,0.535065497478097,-0.8891397200771115,-0.905068279138831,-1.281112810982704,-0.46238758757730053,-0.4577390908014405,-1.1972059393414138,-0.7877848462375604,0.19927293754006845,-0.2659603853971966,-0.05475390141788088,1.2668149704283804,-1.2883829956138915,0.17891360150295765,0.7616359817617677,0.0031830265601208913
553,2022-05-18,-0.12013029350817317,1.1627034364827238,-0.7965653474133624,-0.2231455209559393,-1.4398055873330144,-0.8232229347056872,-0.417117878961422,1.1010878932974004,0.8804426315427497,1.070856599755201,-0.8294151874978143,-1.141033734406916,0.5591078994802188,-0.725951449214319,-0.20239775459438178,-0.884789954570047,-0.29623370767961127,-0.723738996994647,0.031730220738587334,0.8084876303461768,-1.2811814601678304,0.19190769339857572,0.6260250852515123,-0.010114539249882995
554,2022-05-19,-0.562335845646933,0.8347224516736205,-1.288058733002055,-0.15704774524261575,-1.2634391716151099,-0.8016554472831185,-0.21446187149674326,0.8634561323641865,0.21861038866340224,-1.0970370782956742,-0.8983155634394622,-1.0469304905633585,0.2568333802350145,-0.10199527711397806,-1.2011717018187815,-1.0303962768896726,-0.6017720466149429,-0.8117667978968777,-0.23965099016619223,0.1525196300651383,-1.2760316240836855,0.14795377066354692,0.4357861714466286,0.014342875359404282
555,2022-05-20,-0.5843429275589725,1.3881397455689342,0.3419757572193656,-0.09896745345324465,-1.0914864276132812,-0.3834200402500158,-0.252954660543029,1.1468249321862003,0.601157041093666,0.08802235427349568,-0.9893866556523537,-0.954978825098895,0.635622501034804,-0.33445931092158165,-0.6175251868279965,-1.107047279103824,-0.45800134502240186,-0.28784869720078976,0.17189414285424273,0.27614236464489655,-1.2669323555199268,0.1967289748965766,0.41670985413316686,0.010493275715838723
556,2022-05-23,-0.6339608576060195,1.3881397455689342,1.266680487702634,-0.007198995227181883,-0.9170036816368061,-0.3915309759362454,-0.28741843476356327,1.3516252164201144,0.9005478345995815,0.7862602938548138,-1.0838140042984101,-0.8661979067194114,0.546002389027422,-0.5347182897401843,-0.4566065199177936,-1.119688390260482,-0.09095540639443765,0.2931859393410635,0.4820440981739908,0.3367273100343204,-1.2609096186801745,0.28035064926228426,0.45147171684099674,-0.0708212643170663
557,2022-05-24,-0.05658094464985146,-1.4506269040973363,-1.288058733002055,-0.029147579772571864,-0.8171092052313113,-0.49668953556585793,-0.35924084362679887,-1.2843546735571705,-1.5540641758673925,-1.3131702193615147,-0.7782774937437845,-0.8399260023009945,0.02344998057750424,0.9571112775263172,-0.48765444033993616,-1.1029944267384841,-0.3869020863671085,-0.32809997954974723,-1.3251758337853106,-0.572110361193463,-1.2715528043015842,-0.029678140894490498,-0.08581317027360637,0.020516383606164108
558,2022-05-25,-0.5586280003302371,-0.29060533516453124,-0.45384676047169875,-0.08481670318833812,-0.745381298423852,-0.4441464719356138,0.0530805841393212,-0.7259946975198281,-1.6831954913262273,-0.9573954489725424,-0.7639333506413489,-0.8022167601831784,-0.27365095691909447,0.5487991471906307,-0.45998325812366697,-1.0688150412501274,-0.5817544519817031,-0.630615494394422,-0.5796230565743777,-0.28623841227855545,-1.2735916038430355,-0.10668850430885757,-0.18113772071052608,0.009287146784417482
559,2022-05-26,-0.6022701796727061,0.22633667966244786,-0.0973945248143021,-0.1891327445113244,-0.6823714042729438,0.04279009372743384,-0.0702865282850857,-0.3951294227276428,-1.0892686673070702,-0.5058010105631057,-0.83154977737046,-0.7597513974378913,-0.49555336749288365,0.21327424037771345,-0.4599832581236668,-1.0285046760228815,-0.8295435874453461,-0.7818417821556111,-0.18000676798931758,-0.2364419287444196,-1.2470632701901954,-0.09392031703765959,-0.12851816805725355,-0.011484949866896957
560,2022-05-27,-0.6376567034233086,-0.21538139692611785,-0.44315520880274273,-0.35079511258063967,-0.6362845437951087,0.03369258172642624,-0.04043070160311684,-0.8038453504121048,-0.8553332561148692,-0.3687059011086095,-0.8568822855860925,-0.7402739510587165,-0.4509685713390401,-0.10493590365103986,-0.8190734252194816,-1.0387249605258033,-0.46489173809412215,-0.0913452669009025,-0.3827971233906914,-0.5412345387021558,-1.2116660513656965,-0.1308910902541022,-0.15782395800828075,0.0032948958968524846
561,2022-05-30,-0.8040177631989454,-0.016193843734709445,-0.2872463740496365,-0.4654003448739682,-0.5966829119921341,0.04476219012310627,-0.09856653278603306,-0.6870693710736898,-0.7996649435758388,-0.427928935933835,-0.9885957456832734,-0.7117372272938874,-0.6185380091457849,-0.32188684115113914,-0.8190734252194815,-1.0738918798295922,-0.44461808155618837,-0.10978540937230809,-0.0935226458328494,-0.3254792649310543,-1.1991054690814813,-0.1228023089388389,-0.11658455374032428,-0.0010970928143730994
562,2022-05-31,0.04551079630305661,-0.06303885206918826,0.7681421029464091,-0.5488719124476314,-0.5612282990430533,-0.1162409182473716,-0.5672578991652181,-0.7259946975198281,-0.8093142881534775,-1.18118472403952,-1.0292550891337875,-0.6919200580127511,-0.7997009970173615,-0.12339911870196416,-0.3338132895983879,-1.050850518845471,-0.3432497988665167,-0.1218913384483633,0.13014318733043048,-0.29950112907372567,-1.1624267992904764,-0.10961201499564109,-0.07626969055759338,0.001097092814373149
563,2022-06-01,-0.34723281928094446,0.012497305981498378,0.10844037061958564,-0.6042017219595993,-0.5261688841680334,0.3177632378605526,-0.06346946082626585,-0.6870693710736898,-0.45490828319313714,0.5859367698074466,-1.094138276207814,-0.6689321416466367,-0.62766320753655,-0.36298167132943404,-0.8524760690771831,-1.0727426169038914,-0.046747571999228785,0.24611514872613352,0.05558790960933718,-0.3254792649310543,-1.1522115694885462,-0.08302981576471143,-0.024793409184497895,0.0
564,2022-06-02,-0.11103467295783181,0.012497305981498378,0.07262547138348567,-0.6572381020488977,-0.4903871453904417,0.5096515291101091,-0.3040110603927057,-0.6870693710736898,-0.6271905175782012,-0.9610928369953824,-1.1029038761155476,-0.6305434537248977,-0.8164592728639677,-0.024936662017106793,-0.21246408413804496,-1.0260010656537784,0.21522226699998354,0.45460861722183726,0.05260569850049346,-0.19900599720475376,-1.1583778596751708,-0.05496623947123852,0.01851416706562395,0.02490653921435566
565,2022-06-06,0.4398263463093462,1.3881397455689342,1.266680487702634,-0.6355886333238888,-0.42808647367453406,1.4532513103533904,-0.09975284984413367,0.2082131371875101,0.2564836433489778,1.9130827970303454,-1.1242966726255634,-0.5867191993717584,-0.18421108825468727,-0.2984386154611322,-1.3581724149709735,-1.1087616437144734,0.9248002458276884,1.2279073227448465,0.7176387757726456,-0.06554400860823549,-1.1584488867371863,0.09797532694426167,0.23242548093337795,-0.02655263012102428
566,2022-06-07,0.6506815498853336,0.15078997637006053,-1.0546774196113395,-0.5759998605360096,-0.3775682512216249,1.09160968156162,-0.3545420977364944,-0.7454573607428939,-0.09819394864321498,0.5722528959525507,-1.0479388520386865,-0.5791320545612667,-0.47337744431509304,-0.2409702260573624,-0.9325312805953703,-1.1911358899884201,0.7977278628845669,0.6589748986977928,-0.09054043472400566,-0.5274520319373555,-1.1652307675928169,0.06107118823401741,0.13102661656426132,-0.00661159433231293
567,2022-06-08,0.5292586153880984,-0.12887095683304847,-1.288058733002055,-0.5465252065824754,-0.34139560337554425,0.288505707578622,-0.6004480772573088,-0.684384865801539,-0.5909265343435238,-0.5750354875724303,-0.9437116458176987,-0.49861772679620203,-0.7401269976950329,0.12543964495967475,-0.19339177744422945,-1.1629126288653735,0.5481899830831469,0.07414025113813309,-0.2456154123838797,0.28418906863711135,-1.1739828903479483,0.011764691010768696,0.03210365160162184,-0.01953732252577047
568,2022-06-09,-0.073788226799178,-0.9080251627405203,-1.288058733002055,-0.5589717567800037,-0.333129314366436,0.22666765092700383,-0.5937942681225681,-1.3501901108882721,-1.2943301440764163,-1.3412801285104896,-0.9897527300953699,-0.4558126411489533,-0.9131847552598255,0.018576564775041715,-0.015976087159942916,-1.0556806594388983,-0.7599015952774917,-1.6136993658177288,-0.6899648676015957,-0.2282074003028101,-1.1924059124819597,-0.10547852668765809,-0.1445594592202395,0.008978735965275963
569,2022-06-10,-0.037273750104337935,-0.3308411880088906,-0.6739331675837412,-0.6633538248414598,-0.3311065553538754,0.21342907371879022,-0.5642983567821362,-0.8215059151885987,-1.3431564258942446,-0.9605723177025179,-1.0517511515392077,-0.4252375799723471,-1.0580148262874376,-0.07739617656767259,0.14842518630506477,-0.893831883602108,-0.9439185823204184,-1.2467155547462867,-0.3350817456491917,-0.23207373524948163,-1.2025483621347206,-0.11980217718253791,-0.13814652069936917,0.01000564211732117
570,2022-06-13,-0.1263220352020731,0.3087492761807795,-0.031901474159242375,-0.783087070383823,-0.32055821515379224,0.15963517982706618,-0.4484185377081156,-0.41711502377593257,-0.7053854684350206,-0.29548828885979167,-1.0833744929644915,-0.37405266274335913,-0.7838440502383371,-0.3485925867627755,-0.596658353998151,-0.8218392511948236,-0.8240772945938833,-0.4788389509884174,0.004890320758993748,0.040212857072911196,-1.2025531378652317,-0.06584789933252694,-0.03500161921552867,-0.008331067346988815
571,2022-06-14,0.2247473189421713,-0.4207198054012491,0.40141131014097736,-0.9072748820801669,-0.3113946583489255,-0.463490212440479,-0.7182881329093402,0.033802561594969624,-1.4157300297800606,-0.8711458526899878,-0.9756552377043005,-0.3355507338542996,-1.0067598345701128,0.31265441887387446,0.3819493060768211,-0.6643033831654435,-0.20955817674152688,0.41093022602988816,-0.030896212547131038,-0.10781484212532405,-1.2082817815219615,-0.06282738293748137,-0.02560229461848028,0.04418498919323458
572,2022-06-15,2.762893432964276,1.3881397455689342,1.266680487702634,-0.8767279697470003,-0.2559555902908303,0.0514817874731676,-0.1373469520924566,1.449822924912548,1.3951380403644509,1.7595700985904321,-0.7816274591174295,-0.26318975573632925,0.9065197401553714,-0.1760102288446828,-0.5791320300203227,-0.6107898910521783,0.5844384288355987,1.2322633124928912,1.159006019881518,0.47857092642950827,-1.2074706265576682,0.1705970208475939,0.3126672923978848,0.0010666667678026682
573,2022-06-16,0.9928592749691519,1.3881397455689342,1.266680487702634,-0.716641502798921,-0.17232180202921113,0.22381376826458724,0.8506194533969127,1.490262014053821,1.6745026364179223,1.299428664695984,-0.8708706181730252,-0.1858461750562467,0.5530467507546873,-0.42725793576399923,-0.5791320300203224,-0.6147174880482186,1.1865220742853428,1.5129641440047599,1.0009488311128,0.47816793878707653,-1.205997939431906,0.31797086730853613,0.45975538999416476,-0.012335903280810263
574,2022-06-17,0.7315221773888293,0.8198570730737229,0.38464602158747374,-0.5198775038888438,-0.08766465157492065,0.16889516335895263,0.47559727718734307,1.025212488929253,0.7332137324904672,0.49668356919422013,-0.8739586416443149,-0.11122037759186228,0.18508570622049655,0.2188898170169058,-1.230917831772942,-0.7390543799403044,1.4701161470265072,1.3508765832564766,0.40748882045289747,0.3157871681727982,-1.205329325968158,0.3388058725189176,0.3957764248650973,0.0005395198404405094
575,2022-06-20,0.14798652123698172,0.845855819124826,0.32444211203260737,-0.25083516007123485,-0.005495358042442074,0.26030619479946376,0.5035952795327066,1.0454320334998826,0.8071364891219466,0.47442989058833734,-0.9591158807783637,-0.0639988942190979,-0.03795974344130173,-0.06926004997790096,-1.276899433478374,-0.9211242799360302,1.3124321517314628,0.7733997180365383,0.24943163168417976,0.000864368823353312,-1.2005211450862259,0.3475757336073417,0.3272734583785904,0.014989574019524596
576,2022-06-21,1.4285730979288422,1.3881397455689342,1.195509671110195,-0.008219074094739761,0.08709952024574072,0.5735395134942515,0.7385833709837203,1.294132431718676,1.3487984410644986,1.0638916934848446,-0.9157942185609281,0.03191620510158938,0.7522544622322856,-0.4003049661480245,-0.45140917741645625,-1.0019989214646423,1.082249086419183,0.3991929646484475,0.4999373648270532,0.5424177329904463,-1.1917990747408802,0.42216446090761256,0.3669555950970114,-0.028019074309858352
577,2022-06-22,0.3392705412805063,0.15922887368093927,-1.288058733002055,0.14886162684360632,0.1518893530752794,0.41352550868750354,0.6900310114638785,0.3478577458130358,0.4978927062081481,-0.5347839463434291,-0.9314679968303802,0.0990680987228025,0.37210564902561566,-0.1491533498203372,-1.044594837515632,-1.1078449605163643,0.29913175757334565,-0.5460317046002765,-0.43349471224103475,0.26053625920107604,-1.183215315658116,0.3154878638566441,0.13849072473539983,0.015722741885977345
578,2022-06-23,0.16514580538868112,0.8556146489759642,-0.15200798751405833,0.27052311625731185,0.21280619847253252,0.8381591753623621,0.30878569486891694,0.8755878591065648,0.39577228459832015,-0.5338293247034678,-1.0087184440731738,0.19588912578205983,0.08671188810105107,-0.17985230523296317,-1.2879871515557293,-1.2519306257102425,-0.12766160491328857,-0.7390405056582576,0.07049896515355585,0.7280628789471606,-1.1821374283362236,0.32443380678264205,0.12169766783900651,0.0021493828801443507
579,2022-06-24,0.6170469530481214,0.9504135855639233,0.043929770771091795,0.3977983004191321,0.27032651493367216,0.9593948874810491,0.2536314966203416,0.9483782195608433,0.8936252933435429,0.7383901617748738,-1.0777089601593228,0.26757065809610514,0.6296278976233705,-0.421799189861097,-0.5229389918162243,-1.2964541403993188,-0.4989090990140956,-0.7749750636428238,0.16891193174539898,0.6362180296312684,-1.18252706518991,0.3348159850042419,0.11032497141948658,0.012800174766961816
580,2022-06-27,0.4874283604560536,1.3881397455689342,0.9565905298627266,0.503090483970255,0.3360352661573708,1.5329232830971022,2.3408991872437555,1.3851203822865275,0.9737937071830878,0.8486397490358356,-1.1544718479039855,0.34457451587422616,0.3343257818863235,-0.6266332661033462,-0.5229389918162243,-1.2865460668970405,0.18543259504314727,0.5077577327462919,0.46415083152092845,0.673724619057448,-1.183093278716944,0.40005169114315886,0.1799703265967453,0.013161548242796297
581,2022-06-28,0.7995713385246945,1.3881397455689342,1.266680487702634,0.6596450977542409,0.41675363057079234,1.7735501984960833,2.5531653039948314,1.840060135125778,1.2184946688364506,1.220853527492335,-1.1835264457861001,0.4314303378092571,0.5536264391363699,-0.8304309493078444,-0.06473044997576219,-1.1854046236070546,0.9419142293252386,1.4455701499913642,0.7057099313372707,0.9657158186449789,-1.1878266625312481,0.49829521652934444,0.28307010128151705,-0.01954115520683542
582,2022-06-29,0.7191746924992498,0.48377222999891856,-0.445687036628535,0.8453278849110734,0.48031794621915486,1.039427792051959,0.21473804739468147,1.0367665143981835,1.0203065093885992,0.8348710971676032,-1.1348685411726456,0.4561168686851811,0.5880687549246859,-1.04713621614332,0.2783047374883948,-0.997855892532617,1.037940396921962,1.0017960951944156,0.1331253984392742,0.11791786201059551,-1.1850446322501076,0.4434004434488842,0.1457163396951038,0.016398145809636187
583,2022-06-30,0.29084056167473094,1.1068309988316702,0.10462123201058848,1.0073010918633654,0.5464920266743903,1.6892143433976983,1.634369388221091,1.5740286987035814,0.9543872016714824,0.7012249053739831,-1.1714388795469863,0.4823887731036021,0.26625802392122616,-1.130279751479804,0.15621047098072505,-0.7986575572699932,1.019059512144249,0.6327953755033086,0.4253820871059599,0.31697638490390817,-1.1851326612316702,0.48346474550916185,0.1721492865087779,0.00104876779408443
584,2022-07-01,1.5185333449814928,1.150350706777992,0.19059947714003866,1.1699665804995045,0.6104443880900591,2.033093069267457,1.997894492924844,1.2122432762076094,1.4776292671357862,1.7612991935479787,-1.13238864647327,0.5204377381233797,1.2006039403111313,-1.304228916374509,1.0580992275482868,-0.48327251467522025,0.29055563046642063,-0.42244179763497824,0.323986909405273,0.49327100020838677,-1.183861383821706,0.5002201689644883,0.1598352077924229,-0.013189323351079403
585,2022-07-04,0.3085998207967695,0.013610645747138503,-1.288058733002055,1.2537018215348021,0.6539258816171012,1.3972046647702174,0.37618801873004787,0.3515393391886085,0.4320918576109157,-0.6496967312851425,-1.1335041723279125,0.5476155702803627,0.7670716498065033,-0.40946323069769575,-0.4296458080508224,-0.34303395956362526,-0.11628826814473052,-0.6942215458722871,-0.12036254581244298,0.31247420746658044,-1.1840475125307597,0.4286548318326364,0.02319744333374593,-0.022557347424074402
586,2022-07-05,0.39961602379721706,-1.4506269040973363,-1.288058733002055,1.231920761252196,0.6575215354958583,1.1469160059284649,-0.24057139727857377,-0.8730459307607981,-0.6823986422293177,-1.7095327244590597,-1.0624950100924815,0.5379900880580958,0.3212597479361972,0.3086901381749847,-1.2814246816401231,-0.4230793215950202,-0.8022763866683437,-1.2026211345321325,-0.6631249676220021,-0.16949447596628928,-1.1807664490185399,0.2605789861946891,-0.2246558429161344,-0.02474693237093288
587,2022-07-06,0.20975994418309957,-1.4506269040973363,-1.288058733002055,1.0833821872950156,0.6104357976408135,0.7161448338893562,-0.5728730632997456,-1.2844561433358812,-1.517649088226624,-1.4211067533535937,-1.0452335509096664,0.5285910877704699,-0.02467761388278163,0.8348301387556618,-0.523052320587994,-0.5026064393171495,-1.3119532382030816,-1.4802127557379876,-1.0806345228601246,-0.12820792251180765,-1.1843276741992743,0.03339428773146942,-0.5077906018877436,-0.002229655327269092
588,2022-07-07,-0.15239694741301213,-1.4506269040973363,-1.288058733002055,0.8060792298754325,0.5326615496301258,0.7539077829260602,-0.5238419943125481,-1.3640084498432898,-1.426358571999125,-0.9462059852192004,-1.1392767579421312,0.49620417111673365,-0.24892320719551805,0.5049771288862863,-0.5230523205879937,-0.5753771370674385,-1.5126696063703504,-1.2821098356438692,-0.931523967417938,-0.35307030404967615,-1.1779930478668474,-0.10792364311333004,-0.611034671435983,0.0022296553272690683
589,2022-07-08,0.04839067616068448,-1.3332299192190031,-1.1267748524521783,0.4971701047498149,0.4429787786974768,0.8057996646438613,-0.5453711393307658,-1.2844561433358812,-1.073917671834337,-0.6055530954666285,-1.2145113235681029,0.45045482031914386,-0.3278090351994884,0.20516814740879016,-0.6803050181752054,-0.6608173872597027,-1.5665370159765393,-1.0724781982816773,-0.5796230565743777,-0.35207381129481186,-1.1760628929703585,-0.16935556662590637,-0.5789517096320568,-0.02138517061702279
590,2022-07-11,-0.31983796213525933,-1.4506269040973363,-1.288058733002055,0.19923988528160638,0.33018952934748613,0.6326327850826975,-0.8280646201891702,-1.3478267874969008,-1.3416074683573147,-0.9662814139988182,-1.1956072348578208,0.3719788299658543,-0.5763153926066368,0.9519773959542147,0.19304423211681904,-0.6232459760050607,-1.547871652146816,-0.9439683667532783,-0.8032888897376576,-0.7692917174008731,-1.1932719661500297,-0.2941322836340193,-0.6442182612963947,-0.017212128881121183
591,2022-07-12,-0.38644718334231065,-1.4506269040973363,-1.288058733002055,-0.05255145097230657,0.19382152083517826,0.21824110108907468,-0.8167904324193156,-1.5475971235794035,-1.3162785000104065,-1.261609575133071,-1.223624913641083,0.27311946549482385,-0.7688743003487805,1.0245542299899064,0.4921041096879863,-0.4840327031589675,-1.612635969221918,-1.0208836709654783,-0.8838085896764383,-1.1282112327618634,-1.2179592180041285,-0.4299328912946696,-0.7122565534913635,0.011507606851479725
592,2022-07-13,-0.7190373084001095,-0.998941717517343,1.0923580161752802,-0.26098108637845824,0.06355143730093506,0.6755047600856807,-0.6897301281791954,-1.241755272931169,-0.9801989523522864,-0.7656418289928412,-1.2999652438570521,0.19883339093239893,-0.91266877842311,0.6862230573570718,0.4921041096879863,-0.3043256864679374,-1.433165101294504,-0.750036631979648,-0.2933307901253794,-0.7611898788627534,-1.2409042050711392,-0.43032244977937173,-0.5723014836667419,0.0011435107020790205
593,2022-07-14,-0.6238572791055084,-0.9533033555507515,1.266680487702634,-0.43694775552794607,-0.052720940320428664,1.2248215860490381,-0.4326144473180703,-1.211171087866346,-0.7441321383085109,-0.4246262354232246,-1.3610375080298263,0.11514831608235417,-0.7681357940164906,0.37748511176740185,0.05626756477350767,-0.1797615052213028,-1.197726584181556,-0.4650973423755465,-0.1322913902478179,-0.9429360561668908,-1.2600398472145398,-0.39785069169568205,-0.4131642452595003,-0.0313432505657113
594,2022-07-15,-0.09766723061867577,-1.4506269040973363,-0.8589449562673199,-0.5849323762152218,-0.18223525098815202,1.2307141179336771,-0.4404932028683059,-1.5360293045050721,-0.9561199450393971,-1.2364995948549715,-1.2948527866974144,0.01402413226490968,-0.9771812912572045,1.1899660409710493,0.8778927152537674,0.021745955576444438,-1.1815494065065018,-0.6090232142424857,-0.7824134119757513,-1.3197872604782779,-1.2955979651820015,-0.4993821610291734,-0.4782191973082286,0.027908788117076658
595,2022-07-18,-0.3970187423196863,-0.4297064248859289,1.266680487702634,-0.6862941181869193,-0.2828538554850032,1.1767262146750659,-0.5137969147376454,-0.8913914259431817,-0.7026963502151381,-0.49960043193337456,-1.2634754845072278,-0.050183496205966356,-1.1457909288304742,0.7046850227746164,0.8778927152537674,0.24606060301882005,-0.5271608260320622,0.2099465020022823,0.18382298728961766,-0.8395500088434328,-1.3111111344058808,-0.39978832144929555,-0.24154311048063254,0.02379715696751936
596,2022-07-19,-0.14297734037868762,0.3239908920629452,1.266680487702634,-0.7233925131363457,-0.3336541903364405,1.1742267080131927,0.000826325568504458,-0.32733328220152996,-0.20001630204835916,1.5697925062674616,-1.2491588801929498,-0.07034038838906215,-0.1694872202055613,0.29721980035826817,-0.7861582635758781,0.23029077958366181,0.5140622009645749,1.4044966727437016,0.8249983756910199,-0.27367002357909526,-1.3154803579648577,-0.1993455303498048,0.09256876929267242,0.0039117121686885244
597,2022-07-20,-0.4813152256523355,0.4428171007145654,1.266680487702634,-0.6984119818726383,-0.3444765424010114,1.7833911515099061,1.1571594207144906,-0.23332359157792004,0.07869710984200241,1.3649777530348632,-1.3167973379525877,-0.061620833905363305,-0.09713911880038405,0.02135110144131789,-1.1214288885829102,0.04628921953443142,1.8491429394127403,2.600435185596154,0.7534253090787704,0.08953589400131493,-1.318844826948279,-0.042033956305265005,0.2979424100814091,-0.011781342440106665
598,2022-07-21,-0.40882624973596055,0.4302948073835092,0.7483519180829796,-0.6064262927513541,-0.33962665180206214,0.8297032896531129,0.06762577999805887,-0.26662252309039414,0.1502490982436259,0.812051913752867,-1.349337629284555,-0.06071490616679727,-0.19037984908177383,-0.2496412180745807,-1.2964856039900055,-0.233078788549769,1.8885639382364987,1.7012912014431338,0.32696912051411675,-0.032675914108160044,-1.325286162772361,0.006075938935491033,0.3054797785427355,-0.010209958232897868
599,2022-07-22,-0.5167377479011583,0.5000786474954831,0.34044562515071636,-0.5078964219985957,-0.3332654117763047,0.26434008104887674,-0.3594233019847438,-0.4487510458932473,-0.16991876291068508,0.11938651715338701,-1.2998732002850262,-0.06909473774853259,-0.4786833556091105,0.5168126465435517,-0.23390870077536216,-0.3892544291562867,1.2488286223372456,0.24970714566128302,0.010854742976681209,-0.19009803885472779,-1.333900885401254,-0.005763626190314907,0.22545083170656444,0.0
600,2022-07-25,-0.3445449314138251,0.5000786474954831,-1.0020406400182535,-0.4304569734061294,-0.3239111455377218,0.6929128861988232,-0.04780620272093841,-0.04642337331431881,0.12865333940335877,0.06276029961218203,-1.2135656281879579,-0.05312776135630547,-0.2806900459331556,0.0562412933922358,-0.8749302099682339,-0.5597411643279205,0.29613507034991177,-0.8485942947779882,-0.153166868009724,0.0817458526992093,-1.3386228389550028,-0.004318311412421849,0.18049842764201776,0.0281075276904406
601,2022-07-26,0.1832290509947028,1.3881397455689342,1.266680487702634,-0.3460813363787333,-0.28223059669999273,0.6986272738898419,0.08627059616256716,1.691964300136471,0.9073437550829792,0.9846340374230006,-1.1445195705103042,-0.0005839525194714086,-0.25723900186965054,-0.3259351203106513,-1.3028533417222083,-0.7836351611587267,0.4976201754491388,0.07436925772261793,0.5208128425889593,0.6774177732606339,-1.3301739022126995,0.14119737881437766,0.3513528717930684,-0.001664355446612708
602,2022-07-27,-0.35953230617289683,1.3203295205590677,1.0737036062775371,-0.24684960888643614,-0.22278089226682746,0.021905884092889995,-0.4338096882303871,1.6031955678751613,1.0121521482713374,0.8773862470741002,-1.2187055736226426,0.03859742217351313,-0.4687309831012268,-0.5490473266506585,-1.3028533417222086,-1.0165006999110857,0.9073290179251609,0.9521663933670819,0.42836429821480365,0.5014967451513195,-1.326668905989383,0.2231214188951138,0.39674913755578856,0.0011098780273611913
603,2022-07-28,-0.044737438735356835,1.3679147160642298,1.1728151812232719,-0.08155029920805358,-0.1529145938970581,0.6205330858496426,-0.36334509578279994,1.4887066644714688,1.4407235513120662,1.3125564164508734,-1.2888396135503857,0.07823176073578371,-0.01668929896008535,-0.74261925702455,-0.7076762548306883,-1.151451152236058,1.5839990325173832,1.6580192630005952,0.4343287204324911,0.5010505159528927,-1.314144499671462,0.27662034671946945,0.3922612418594468,-0.015088299651201884
604,2022-07-29,-0.26323632343346487,0.7251453881262979,-0.7117536085221094,0.07276847475091923,-0.09475059972925431,0.10236528455547048,-0.38579171974344695,0.7328067674462523,0.5475355283704895,-0.025768355056890947,-1.29102065830322,0.1340595576249204,-0.29656567877659323,0.10559446573802345,-0.8091360425909032,-1.2396598995467456,0.9846368695225244,0.37893809078608337,-0.030896212547131038,0.7184754943146888,-1.2965476438041275,0.23164700242351074,0.24731169342451276,0.003933694311024746
605,2022-08-01,-0.5566480829281178,0.9116829074157721,-0.23307602628086216,0.1621358681568462,-0.0416717765537957,-0.08253797659667055,-0.019358555783434928,0.9287808148231513,0.3395557460388729,-0.5202183721868083,-1.2711950192297434,0.16893777555971778,-0.5576160647400257,0.2061913274060597,-0.38302260055537907,-1.2370509943279357,0.4742686134665496,-0.3696743134922222,0.007872531867837483,0.3990178383919198,-1.2796296593344698,0.22168541627197588,0.18161224601187018,-0.062484173603973486
606,2022-08-02,0.3673493698923781,-1.0749623782624573,-1.288058733002055,0.09239207340371053,-0.05599456267624804,-0.6565123957498578,-0.3829437926122841,-1.3339887115386064,-1.4872762911721829,-1.9702087181102272,-1.0000838886079975,0.13338011182099538,-0.9270898208949503,1.7888544542951885,1.0820278018525056,-0.9828231021111701,-0.524495862392826,-1.3281156767010671,-1.587610411363559,-0.6892912186728506,-1.3015799728021462,-0.0797178855613666,-0.28931865827663894,0.002385212818373947
607,2022-08-03,-0.15484484529199583,-0.9667836681034322,-1.164227445923922,-0.11326523549097352,-0.10667442522271924,-0.7924046998519763,-0.43110594261014806,-1.2424285097093255,-1.3521540961373582,-1.0418896955396093,-1.0024948120139934,0.0808363029841613,-1.1099178404863732,1.1986084155848757,1.082027801852505,-0.6209714730355917,-1.0266076455679705,-1.4278418646079054,-1.1850119116696551,-0.7077129372633582,-1.3231218873139208,-0.23914451714622453,-0.462252576708647,0.013605652055778678
608,2022-08-04,-0.6236052896179659,-0.6103784742555955,-0.4474426237066131,-0.3572343474484853,-0.16134987134440926,-0.34930457963206557,-0.0865106661397058,-0.7159573491909467,-1.1785696605212566,-0.6239494291227783,-1.0978956085336797,0.05479088050038327,-1.2305678409631755,0.8090992746393328,1.0820278018525056,-0.23374868263005374,-1.3068334356709377,-1.2189217607190703,-0.519978834397503,-0.397658700714185,-1.3338266013683389,-0.25403356783542624,-0.3931126597903046,0.04593229889743512
609,2022-08-05,0.5410901218031863,1.3881397455689342,1.266680487702634,-0.5420577290718325,-0.16673091097185944,-0.30904888616376397,0.027208780423121824,1.1152466873947178,0.06045652975932853,0.5358057760866941,-0.9800819718677356,0.07709935106257465,0.5963359606375649,0.24710847142390027,-1.2322778323825148,-0.1898093061893456,-0.1089470773808467,0.7795264924559052,0.9174469200651756,0.31661633972469055,-1.33302996183719,-0.025751051859649363,0.011277700982223719,-0.00788736483316595
610,2022-08-08,-0.28854326768236976,1.0825339601095358,0.9666098088443732,-0.5615051741947474,-0.14795376316507808,-0.9416958329891184,0.03546001569448306,0.7947859809922256,0.31587745522577715,0.8087832363400811,-1.0907505738545444,0.09068826714106719,0.3040730375341802,-0.027296549885154443,-1.2322778323825145,-0.3246014165829964,0.9642356601615373,1.9197520273468252,0.6997455091195832,0.21383126812669861,-1.3325816640193793,0.08359227824562064,0.16405002805766639,-0.010804768178986748
611,2022-08-09,-0.44700865684834346,0.6722120652607383,0.5608053037975773,-0.48694089256472856,-0.12484651046191328,-0.8423622677056716,-0.34059065123698323,0.3598750223031276,-0.028484852873009402,0.5927810810334118,-1.1433346639844195,0.0680400736769143,0.006446922227415257,0.28598540419857005,-0.9887897470198308,-0.5054265798688014,1.5391934734383592,1.8158247329911714,0.4701152537386159,-0.2815605447232128,-1.3295316180582242,0.10263252872094876,0.15663572324279937,-0.006309169193264721
612,2022-08-10,-0.5757992839813433,0.435857189735521,0.2757937342278741,-0.37364000551482474,-0.10520792891613663,-0.7003517165686589,-0.1533694990364305,0.10808446727260053,-0.2190682938152561,0.23228950653918048,-1.2177576484019348,0.04188141022581979,-0.23185912143222293,0.19331783048389392,-0.8058963911404515,-0.6693230795373442,1.0390385090807333,0.4505636057229904,0.10032107624199316,-0.3394160856050909,-1.3308178125641412,0.08803379395774572,0.10241473541999456,0.026683388388402264
613,2022-08-11,0.11731580075324488,1.3881397455689342,1.266680487702634,-0.24545705795855216,-0.059717944719102724,-0.12520324047014478,-0.10106793312437382,1.183916838766683,0.49048630597055903,0.934463135124799,-1.1982042947248865,0.036106120892460056,0.3711957360226831,-0.16205313451901504,-1.0318549167618798,-0.8428974462765535,1.1908274809611124,0.6339243756784108,0.5983503314188964,-0.017514546696549203,-1.3296399936126362,0.21162682299710503,0.2574154291209844,0.02161347642053717
614,2022-08-12,0.9873755037402522,1.3881397455689342,1.266680487702634,-0.07369217048714484,0.023081466779239012,0.6719939922847582,0.20851693658848058,1.5651289763829184,1.2091621224831484,1.8640383925320605,-1.074709237404531,0.06328395304944111,1.514866329303598,-0.5498628031105891,0.2200763058121804,-0.8316370681138332,1.349306855803674,0.996679780999137,0.9055180756298007,0.4590867671520207,-1.3194666827233035,0.39153295278528166,0.4622547470666226,-0.009917436657345916
615,2022-08-15,0.16507380839224042,1.0570884953572552,0.4696685438597032,0.13073952620139737,0.11408700324042921,-0.020426948938684766,-0.4401020937882107,1.211013709308043,0.9224792232684211,0.9139403814391915,-1.1197163573865365,0.08355408619986142,1.0611806261546823,-0.7745386482303123,0.2200763058121804,-0.726992463218514,1.4696495890236334,1.0412411846788097,0.535723898133178,0.27716090522216846,-1.3170206423532607,0.4424072870518948,0.4408980645069486,0.0022123902829408637
616,2022-08-16,0.12331555045663628,1.1211665617028592,0.5877914000469819,0.3927347380425585,0.2075956254012295,0.5495569371159448,-0.011191737665954729,1.2897059908802428,1.1425209825376037,0.9164369090181571,-1.1593171325180989,0.16123738978190547,1.3091232591391868,-0.9710517031187786,0.6274167661958361,-0.5261093383423169,1.0735796736124068,0.37237885118703673,0.4820440981739908,1.1489343459397403,-1.3179682881444401,0.4729451532147802,0.39461924654724634,-0.0016588336676429667
617,2022-08-17,-0.29147114553762477,1.0607106638857646,0.4216791762457445,0.6173984204833325,0.2954980415692768,0.5237220227053005,-0.05098698127752955,1.2306867797010947,0.8758144710636652,0.39577166925091944,-1.1981879109152618,0.2339380908018353,0.888900567354721,-0.5894096334412798,-0.1279205291502244,-0.39847151705991757,0.7835595797671856,0.07538249134201087,0.2703071094460859,1.0927734999664918,-1.3185477779129,0.4707947820744563,0.3106714689337654,-0.011129775432800358
618,2022-08-18,-0.536968903900994,0.655475986102848,-1.288058733002055,0.7420667382898166,0.36289023514425783,0.16030559904995223,-0.060396383725295155,0.8372253718401232,0.590137181925995,-0.5426659674287857,-1.2508550085087367,0.28059336933799317,0.5409112814027209,-0.6223053901363377,-0.35166745666490884,-0.35000719754394227,0.19159835152841045,-0.4812871980301206,-0.19790003464238,0.7541646422457103,-1.317967275604958,0.40270674766595815,0.14885820100406907,0.005023733702716775
619,2022-08-19,-0.044701440237136486,0.8300073455766112,-0.7112360954002457,0.8220911119928459,0.41884035785238183,0.26640762415020197,-0.08604023821516349,1.0142830053775609,0.6626055983909362,-0.6083136258253382,-1.2786083699996877,0.28784079124652345,0.4700982057032408,-0.8327812678158169,-0.1284829504313049,-0.3145886462907298,-0.3107109479397851,-0.8332196887927227,-0.07861159028863073,0.21221623894334,-1.3154113702767503,0.37669981804245556,0.0798159891567095,-0.008948605576014033
620,2022-08-22,-0.24643702426396893,0.4642388985408245,-1.288058733002055,0.8075127893951088,0.4546834018723968,0.30184824664612586,-0.5868582547877845,0.6612606866578534,0.17692097933600723,-1.3952802124176595,-1.1893636056677739,0.29780599637074784,0.03948450510628376,0.060026615660194314,-1.2314368251902197,-0.44342408337334815,-0.5349318699910396,-0.7088936946955815,-0.22175772351312983,0.1984500502372749,-1.3128948457584415,0.309217393545759,-0.034956815734775985,-0.013574869091068986
621,2022-08-23,-0.4212697306207943,-0.36518518799918653,-1.288058733002055,0.7169626466411223,0.4616387177674827,-0.10974757405246373,-0.5383836150106571,0.09908722200613573,-0.23940128932897173,-1.1830616663465279,-1.2366054060188318,0.3059593460178462,-0.22076133541716964,-0.22289944997115424,-1.2314368251902195,-0.6455453971919929,-0.49551087116728254,-0.3616199579504247,-0.4841923010913783,0.1625856520984231,-1.3151206830613216,0.19785688943500435,-0.18976306121393313,-0.02947338447744469
622,2022-08-24,-0.2753198193360951,-1.4506269040973363,-1.288058733002055,0.5385361744654651,0.420374681412541,-0.5349657831040904,-0.7919882097575942,-1.465184034293994,-1.3653805915422663,-1.5251050048047652,-1.1737366302128756,0.3064123098871302,-0.526807212113998,0.6975214226859163,-0.03965798621971941,-0.7013919896027173,-0.8959197388268173,-0.8503443261035946,-1.053794622880531,-0.13346331827628555,-1.3278786441397628,-0.008624840595211647,-0.4501567848859593,0.0070134711798584045
623,2022-08-25,-0.4698557037188579,-1.0945742468576507,-0.7285659494071683,0.27830264724500653,0.35942627231732677,-0.5331237295272573,-0.6200550189804801,-0.9113705577247367,-1.4532089020927152,-1.1246131509791648,-1.2312939839468273,0.2859156948020709,-0.7172792240795856,0.7207810085068908,0.23075726072993602,-0.6401197139479426,-1.1664922304491863,-1.0857486518046864,-0.6064629565539712,-0.37952527444511897,-1.3356287342464677,-0.09202952718941758,-0.48179181171832836,-0.014076478764340282
624,2022-08-26,-0.6274571289275432,-1.4506269040973363,-1.189022161658284,0.004545679701928025,0.2763687066638619,-0.49789921043641383,-0.6131551603615697,-1.4505584129416307,-1.1999632853479145,-0.787677668628305,-1.2665546294961167,0.22986141597829118,-0.7503864647264578,0.3543810570284385,0.012109429901113345,-0.5547635384012684,-1.459037537509726,-1.227520573005526,-0.7555735119961579,-0.813818192622191,-1.3492353760905367,-0.19537614923889132,-0.5357269443233906,0.001770434218713193
625,2022-08-29,-0.77453499315648,-1.3585780756977701,-0.9393354383837286,-0.2664642163082792,0.1872494149424912,-0.2212952028150393,-0.7139009453705569,-0.782992496958814,-1.2548240687568237,-0.9640582660256727,-1.262407433621933,0.1854709567885494,-0.9429417837961356,1.0438269260790551,0.750414914590434,-0.36052852305908956,-1.0371263068554126,-0.4081239392248498,-0.42156586780565986,-0.6732977250864192,-1.360504338017088,-0.23273640607409882,-0.484150091794686,-0.036629733020494555
626,2022-08-30,0.41964318830713754,-1.4506269040973363,-1.288058733002055,-0.5063441371539391,0.06483430172451554,-0.5402340585648648,-0.744944075173993,-1.2817247336703925,-1.4770807030914823,-1.4693895040417435,-1.1332619068140828,0.11435562931110863,-1.1683258407224155,1.4638180409705193,1.2904466467930766,-0.05085103247234131,-1.1940612509134205,-0.6807349512089123,-1.074670100642437,-1.1340160657840035,-1.375866239090338,-0.4027864506522243,-0.6333678794128033,-0.007982848655995741
627,2022-08-31,-0.47596344891691034,-1.4506269040973363,-1.288058733002055,-0.715891935567497,-0.07676299019024616,-0.9293811211680216,-0.7427180912424352,-1.3953800184136842,-1.2634887972811888,-1.1201660515394012,-1.21688960095758,0.03316185574211893,-1.2794753513192763,1.2289885477041986,1.3674877285379774,0.3032521116314456,-1.1193688320894533,-0.6821621299473618,-0.9255595452002505,-1.2073476639674947,-1.3966139166789466,-0.5148984930160678,-0.6695707627596362,0.0030778725436796366
628,2022-09-01,-0.5308731582023485,-1.3205365620915015,-0.7452271018101699,-0.8916017857869633,-0.21679450145142576,-0.6362669197279642,-0.5334842065571622,-1.3097053536621475,-0.9597219211014277,-0.6015026866842382,-1.2478409648128044,-0.031159013696077608,-0.9617267263093445,0.7924515848068991,0.6336942093807196,0.54818891386094,-1.393241034444007,-1.034178559344526,-0.6094451676628149,-1.0419477475619836,-1.418596131629056,-0.5380674098619433,-0.5708531486501183,0.012824603250379358
629,2022-09-02,-0.6189014858505071,-0.7792435861590309,1.266680487702634,-1.0149979529835973,-0.3328673858350822,-0.7282811353832973,-0.5572067483445268,-0.9774015341969546,-0.6757391259445854,-0.11180012598638647,-1.2438414227293266,-0.09061052153948246,-0.638616318883163,0.3710632380723874,-0.13442390206408406,0.6096930840283217,-0.964656382139948,-0.3515943508068296,-0.027914001438287303,-0.9501287281557628,-1.4375868451689942,-0.4629076121962429,-0.35072590576353335,-0.0073081933067247525
630,2022-09-05,-0.7739230186867341,-0.9411806157910455,0.7632244857023648,-1.0795768627261897,-0.43191715851463763,-0.6509185056863656,-0.541167047428123,-1.125447146074077,-0.6696691777836289,-0.17173524400531046,-1.2837827388140308,-0.14372053521291703,-0.8218638739476748,0.08047904007410664,-0.10790366718998536,0.5763083091761736,-0.5002552131242536,0.2391868936216861,-0.075629379179787,-0.9307291744157076,-1.457893206523832,-0.4214511236788519,-0.22300599389043033,0.006093864074322813
631,2022-09-06,-0.7275089549812982,-0.6044273115294886,1.266680487702634,-1.0976919064797275,-0.5058459682311629,-0.6791616977162079,-0.5333696719105911,-0.9291422967337551,-0.5687905575358869,0.3204550410631838,-1.3516865831413671,-0.1758809699320163,-0.9649117297264237,-0.17257172426161227,-0.10790366718998552,0.4972360950162784,0.1424371816153246,0.7840719308211853,0.25837826501071093,-0.6956309802576922,-1.473103059182246,-0.3423010138857791,-0.06671999629363944,0.00786690895342931
632,2022-09-07,-0.479239312254962,-0.2250665635171689,1.266680487702634,-1.0797075445945705,-0.5491575946327103,-0.18391839794529863,0.2725015184795535,-0.6937505838219061,-0.3462255544982836,1.259390678698368,-1.3412982339760056,-0.17746634347450738,-0.4860270758094927,-0.4619341787477195,-1.170308074150745,0.25228986595169695,0.6689567291234936,1.0796148112146857,0.42239987599711615,-0.23638198599381308,-1.4836559788313104,-0.23568189582011478,0.09774120063324643,-0.01886274362795883
633,2022-09-08,-0.7110576412945989,-0.6898827796826673,0.07172735758548235,-1.0607333967567667,-0.586433573420111,-0.5581141124894292,0.47536628306551754,-1.238953057022086,-0.45794135759573384,-0.3717889742496222,-1.3653432669573315,-0.1963775850170756,-0.6892850681472779,-0.6886733111044672,-1.1703080741507448,-0.057290352018167255,0.19102432481361048,-0.06201521559853067,-0.1591312902274115,-0.5564538611664585,-1.4997391339874528,-0.23691921735771806,0.07447973609644205,0.01342302033214055
634,2022-09-09,-0.39469083943477046,0.4002679699304822,1.266680487702634,-1.0236584551542194,-0.6012785145121023,-0.5175820496335668,0.5316664418987688,-0.7230004416393544,-0.23014001767270897,0.6055107563036186,-1.3701989767585634,-0.19150822342228394,-0.6587545742744751,-0.9007335216525899,-1.2811131692191546,-0.39011740232054276,0.18774430333983014,-0.08614439741076008,0.16891193174539898,-0.21602559783733366,-1.5027901220708024,-0.1590192514223126,0.16947397717604873,0.0048367688006138
635,2022-09-13,-0.33154947355627934,1.3881397455689342,1.266680487702634,-0.9422561856660147,-0.5933032984800032,-0.672093409232396,0.6504628031270593,-0.43751193277262107,0.34455944154956647,1.8015346813717676,-1.3417278322859336,-0.18754478956605627,0.09773528575485294,-1.1074410479360375,-0.03263058412297145,-0.5325161559038183,-0.2627285188997739,-0.526186916669517,0.2852181649903045,-0.17748271991964107,-1.5038985799204956,-0.07482251429127494,0.2545085312204333,-0.013969252363886277
636,2022-09-14,-0.6940783496340013,0.5434107886240478,-0.2659317463305352,-0.8909648851144407,-0.5823625705517645,-0.6029340728242629,0.5649629960845517,-0.796674895540442,-0.5078338528331313,-0.8423325587808131,-1.3620918664593176,-0.16421715029797834,-0.18002855599063558,-0.2646349087473366,-1.3251513812045965,-0.7474296512139543,-0.18339681940351368,-0.23237580224115012,-0.1293091791389742,0.11104619652870382,-1.505110391246591,-0.07490583311106372,0.20155019824859208,0.0012224940397811
637,2022-09-15,-0.22757381119650638,0.6567179927939022,-0.06971928751936096,-0.836393246776411,-0.5657710434550134,-0.17747478252104215,0.7605431192394492,-0.7328237021594963,-0.1813009772113658,-0.2896082521727364,-1.3316470649005792,-0.1377187639449183,0.4192407164970689,-0.5635733672813246,-0.5281380510526237,-0.8700028169853862,-0.7151444448149402,-0.830903457028695,-0.06668274585325581,0.2301352943683753,-1.501698031756556,-0.05787169354499659,0.18375604062941617,-0.017252430378751793
638,2022-09-16,-0.029354080495861287,-0.33500614423235603,-1.288058733002055,-0.8131414092163901,-0.5605009647818692,-0.29251827226579913,-0.2634695261663442,-1.5628892161118175,-0.7705567388850061,-0.9029557632168087,-1.2713404321940165,-0.1271873539840874,0.012840108366360806,-0.4718455179548441,-1.0310836453394694,-1.0060036477406555,-1.3947402555231634,-1.6046514880581635,-0.4245480789145036,-0.03142154780757775,-1.5044619562097854,-0.11290334040967283,0.06606860567974683,-0.07415578129962064
639,2022-09-19,0.1304072546060449,-1.4506269040973363,-1.288058733002055,-0.9343378429493028,-0.6293903788083198,-0.8442253890122373,-0.41579256694198996,-1.2790735904873312,-3.81809019876997,-1.9733987577765606,-0.9498691109360139,-0.18018412669020548,-0.536104687691866,2.639856354991054,0.9439307735781038,-0.8607263023740663,-1.4868086957642448,-1.2474957860621085,-2.1452838887173367,-1.0923125239880924,-1.5441765458712293,-0.44589423231700115,-0.4270982891477512,0.004008021397538868
640,2022-09-20,-0.7659673505800371,-1.2459083581939072,-1.0772311199480622,-1.0981225158650156,-0.7325677683606514,-1.1406265776362228,-0.47345372564089194,-1.178903369678688,-2.286419657160678,-1.052953469426138,-1.0521999685253383,-0.22797181489957036,-0.7237279244362167,2.079811706888329,0.9439307735781032,-0.5837990586078837,-1.6218606638540705,-1.127393674060698,-1.5965570446900903,-0.9594551184936354,-1.5730218807285248,-0.6028724175923662,-0.5689614799070885,0.010610179112015469
641,2022-09-21,-0.5722594316563423,-0.6948411390560606,-0.23262768273547016,-1.297181065812044,-0.8370902475487801,-0.7450994208414254,-0.5108372246713038,-0.6154113837523855,-1.5255214895840745,-0.729874352750306,-0.9866664096125499,-0.2775713585860673,-0.9705033842564594,2.444479404838479,1.3769585901652008,-0.20157082509657645,-1.2040717604321507,-0.44876402921451486,-0.8659153230233759,-0.9060103919878044,-1.5920591150277859,-0.6193482400994703,-0.48075763011792055,0.005263170044274691
642,2022-09-22,-0.5676036258865106,-0.41881352482009754,0.1644145119561144,-1.4777231100165562,-0.9272434926454851,-0.8750909402881373,-0.23206719234025422,-0.4950967383734102,-0.8461955973815334,-0.27746806984392364,-0.9450247999201913,-0.32864303484773083,-0.23801830082661987,1.6801575480886308,0.21379465497613612,0.040028014142906174,-0.8394565223933683,-0.04970568202116823,-0.3678860678464727,-0.936851724064114,-1.6114589278939637,-0.5719575734039283,-0.31851272288454263,-0.027945930390559336
643,2022-09-23,-0.7563317525563905,-1.020043362939084,-0.05629099446408483,-1.5692676400428507,-1.024888056628058,-0.7971844688883042,-0.5572609556135621,-1.1267486266130304,-0.9214646854862149,-0.6349001165780845,-0.9512573827718341,-0.38096036174992587,-0.5213537638713124,1.5888202578668171,0.48304446790484273,0.2279213403647386,-0.7350375234602622,-0.2171907848863837,-0.6899648676015957,-1.043815696903223,-1.6390391505885678,-0.6241539703445949,-0.3316763380677692,-0.046262995778694235
644,2022-09-26,-0.42743747331588067,-1.4506269040973363,-1.1129921644797522,-1.6324789106853659,-1.1584796490891291,-0.8160099767042828,-0.5107109697545175,-1.5370770315535625,-1.1793162054504862,-1.9098610605049722,-0.9202926575935759,-0.48219778653469086,-0.7827130991392056,2.490380114860381,1.1660400097164125,0.4688765590697528,-1.1337773536250626,-0.9662156958685688,-1.4027133226152477,-1.7230221438166125,-1.690891090650469,-0.8022982950584282,-0.523008403410295,0.018207785922184173
645,2022-09-27,-0.6747831545878945,-0.7027392799546527,0.7589478701272149,-1.675643309976808,-1.2851968106099927,-0.9375842830430989,0.14920744056488797,-1.201518632296243,-0.9727774409499061,-0.9743482529604961,-1.0429191224352172,-0.5707522229795313,-0.9314175411292883,1.9860307767360268,1.1660400097164123,0.7172343581270013,-1.3423736912024369,-1.1412643460552583,-0.707858134254658,-1.5743686053619101,-1.721636630592912,-0.7955799500182801,-0.41069940313862174,-0.028151049662515092
646,2022-09-28,-0.7322247582481638,-1.1022427938789936,-0.1426154986012244,-1.7277013198849178,-1.420106813954595,-0.8561502038975227,-0.33542066201368376,-1.5628892161118175,-0.9384037686257681,-0.8082824486222944,-1.0799039488272562,-0.6596463823263343,-1.0940676335216482,1.7767866783546116,1.3064341044148113,0.9687873635558232,-1.6185852534306717,-1.2856381315815326,-1.1969407561050303,-1.7319723113958898,-1.766037680728098,-0.857084781062013,-0.41878815544711046,-0.005008955016537885
647,2022-09-29,-0.4319732840916446,-1.1687324628686355,-0.2883794395413738,-1.768524116895515,-1.5509948365263784,-0.8542895052064193,-0.6620996940210511,-1.5151578322073727,-0.8577842345421758,-0.6464033099751826,-1.0519705436055715,-0.752051011660079,-1.2587392758400096,1.454067985206954,1.4271048167598754,1.2183616074049304,-1.5976581025284846,-1.061466596289999,-0.9374883896356254,-1.8005193321666393,-1.8064793601641427,-0.86729086617682,-0.35161861702130065,-0.018827493137973446
648,2022-09-30,-0.34590087484679155,-1.4117420949830621,-0.7012551154426624,-1.7864542601549802,-1.6823383448002376,-0.8419449761426514,-0.8424163254795874,-1.4340567197325613,-1.0062502954508716,-1.2321405484046504,-1.0583844525958823,-0.8427570264840131,-1.3893014605825185,1.814214882545905,1.7615319382277215,1.4934615488465108,-1.72360238852597,-1.1359907737102546,-0.9583638673975317,-1.8177777737933276,-1.849790189808456,-0.8977633370602879,-0.32697585337422436,-0.005865119452398134
649,2022-10-10,-0.5509963187075232,-1.4506269040973363,-0.8974413063169884,-1.7919845025107408,-1.8051347640907733,-1.1733557135494794,-0.8466986731903356,-1.5160786949193554,-0.9344132577777126,-1.0452753389176173,-1.1102516086855747,-0.8740115334645463,-1.4889027418768435,1.3118366980833038,1.7615319382277215,1.7591276673094287,-1.663848453466796,-1.0097934030952456,-0.707858134254658,-1.0439639434648857,-1.8877057557593744,-0.8901476233596832,-0.2525851695724168,0.0
650,2022-10-11,-0.6764390855060306,-1.4506269040973363,-1.288058733002055,-1.7895210100556833,-1.9088151572500167,-1.0352753871568163,-0.7776338901925822,-1.2586906948103493,-0.906489336357167,-0.9462059852191926,-1.1481502544113718,-0.9086632694647007,-1.5781562032626162,1.5293049903397196,1.9925447731165133,2.030696773722778,-1.369905628766007,-0.5699325398235873,-0.5169966232886593,-1.0908539073571633,-1.9202383032297425,-0.8380696017232228,-0.12924594765085615,0.03468555798789011
651,2022-10-12,-0.43505715543918777,0.810037853780943,1.266680487702634,-1.765198774014159,-1.956254308458424,-0.969270340358233,-0.7436886814553323,-0.7322484661830957,-0.5446887103243783,0.11183341714469479,-1.102972508926907,-0.9249699687588903,-0.7638651524690591,0.9483224771435327,0.44002389508812356,2.0653431666292095,-0.6042966643193627,0.3644023730230148,0.6341368647250211,-0.8063483418689139,-1.9339904188673969,-0.6307475009771524,0.19228190820251614,0.01969121289018168
652,2022-10-13,0.7441936487623919,1.3881397455689342,1.266680487702634,-1.6786306312762054,-1.9400968833300838,-0.13023715234647706,-0.3268199991040227,-0.16100079254790564,0.1070561331430014,1.5235647249735698,-1.066830312539335,-0.9334630413079471,0.609257004282836,0.457341869981679,-1.4028642885679514,1.7177882181724957,0.4054582382748155,1.358452748262441,1.1083084310311744,-0.6325365449079976,-1.9362418218608526,-0.3931514536822787,0.49296314572446115,0.013144429997423419
653,2022-10-14,-0.057564903601207654,1.3881397455689342,1.266680487702634,-1.5350703542613877,-1.8651087031497182,0.47985373883551274,0.2742784436620802,0.38346172647002097,0.3439948865899159,1.224266414328376,-1.142173850662038,-0.9093427152686236,0.296580233926827,0.14191727800230097,-1.4028642885679514,1.2036044178739085,1.3364390647162818,1.9542060249346231,1.2902233086706418,-0.123564147636409,-1.936424636801704,-0.1722005733592938,0.7096136122689517,0.006849341845574768
654,2022-10-17,0.1960805148593672,1.3881397455689342,1.266680487702634,-1.3349329795851004,-1.7437271853134035,0.6577417875263714,2.0654533311331607,0.5417016405010642,0.555862179357069,0.9288284408775698,-1.1808782062844572,-0.8458145326016757,0.29009013589145194,-0.16105559645172116,-1.1079651237345274,0.6877443432668541,1.731795928723791,1.7304627946022837,1.1470771754461428,0.5660815715485931,-1.9282471735395108,0.004479089708828548,0.819381625731643,-0.010981579130485308
655,2022-10-18,-0.3636601339688301,1.102026247757658,0.8358904798490192,-1.112614270988098,-1.604257972018594,0.12819857725707146,1.681445414172883,0.28851777805139395,0.5398766410143401,0.6441828246281732,-1.2549826405338793,-0.8034624108237091,0.028035392100901235,-0.39453043892703554,-1.1079651237345278,0.21314005316421916,1.778112004341487,1.2627875382321347,0.49099073150052197,0.18253822213904697,-1.914346112884048,0.0758609016008552,0.7560385274879311,-0.011801594800091427
656,2022-10-19,-0.396262773857059,0.8069758976030417,-0.7190636141625816,-0.9253329294070762,-1.4666782812901413,0.027423830635976976,0.7584928812119984,0.25686979524518444,0.3796415792485196,-0.002997527399237716,-1.2891006339117161,-0.7583925058300403,-0.23089653784763908,0.0014231344550231738,-0.9874972577419537,-0.184774642031152,0.9023355367841506,-0.1459409266601643,-0.11141591248591177,0.39598733464786884,-1.9012128211385264,0.07774140137356306,0.6055933024265198,0.0
657,2022-10-20,-0.3334933924601782,0.8069758976030417,-1.288058733002055,-0.7778761703046468,-1.332279846303158,-0.14381874677510595,0.30843190612605326,0.9471232133461174,0.49793613581065493,-0.7484235259069162,-1.3020147120301564,-0.7089062031108658,-0.47288212966938153,-0.2035725078057333,-0.8928530022979152,-0.49780381131969326,-0.06262415996412668,-1.1694394164194934,-0.19491782353353626,0.4620828122363006,-1.8777878298649646,0.08380851240598843,0.4912470999995357,-0.01264950106407286
658,2022-10-21,-0.3958787898760419,0.48461243709030927,-1.288058733002055,-0.6909879460813801,-1.214489260150621,-0.5563981771127443,-0.38332775836404187,0.49532097604368985,0.21627954473386796,-1.1237454767723318,-1.2907754996491647,-0.6502473820387095,-0.7010335489421424,-0.08405338037618672,-0.44678908016937235,-0.6794031380225128,-0.9840441475289508,-1.725490283361423,-0.4931389344179094,0.5440615848334498,-1.8541101255905783,0.043141656891836785,0.33268244452368995,-0.021444710278903257
659,2022-10-24,-0.35316057198789513,-0.0053700694198868994,-1.288058733002055,-0.6737613362705627,-1.1294048099485674,-0.6218370880461722,-0.676663872510278,-0.25768275279369257,-0.15408394090109612,-1.3565669169694883,-1.1631465179277822,-0.5915885609665532,-0.9643913901878853,0.29000090368601333,0.2944045517808397,-0.6751578927252374,-1.2523883248344179,-1.3450072187813575,-0.874861956349907,0.3382962161709887,-1.8610804799056537,-0.0566485483505254,0.12095777953071059,-0.02487326474513969
660,2022-10-25,-0.3432969834755197,-0.4867845325097642,-1.288058733002055,-0.7376765364785041,-1.088209460837858,-0.986479133521193,-0.8867683631808864,-1.1110869788093896,-0.9495090798775532,-1.5709771990155117,-1.1149695197400347,-0.5499158849925115,-1.1540548896509217,1.0239804481241637,1.0658753773843725,-0.46822958998721054,-1.40301838202374,-1.0788552950171242,-1.2029051783227176,0.01635868834441845,-1.874261073947726,-0.19867463025774965,-0.10905253358541475,0.051959738930711166
661,2022-10-26,0.2938044380282063,1.3881397455689342,1.266680487702634,-0.8105957078041776,-1.021503767529508,-0.8781626848083401,-0.666059322975878,0.696121970400325,-0.053900225143456715,-0.1593239228643471,-1.0009312591247346,-0.5049592209661663,-0.39284735252928893,0.4292556334072261,-0.41062873996869814,-0.38188665639763375,-0.5737698300768806,0.2553386204425128,0.4164354537794287,0.2390895314597273,-1.8664352370765251,-0.07144327023959761,0.09346452247157654,0.010493275715838723
662,2022-10-27,-0.11218662490088296,1.3881397455689342,1.266680487702634,-0.8229377712867331,-0.9277926598696034,-0.517623425264116,-0.3860494840257514,1.0726238348190116,0.5389381399073436,0.9110965964605555,-1.0319333415950414,-0.4703074849660109,0.03698966611551268,0.061099661022464245,-1.2277861320566137,-0.47873448336576013,0.47483544859241783,1.457033136982133,0.7176387757726456,0.1200138156882182,-1.8516178779077963,0.05777429254040775,0.2583294074756807,-0.04047410792777445
663,2022-10-28,-0.30999837262169744,0.5701957558356279,0.07867317110317064,-0.8191990288989931,-0.8587554101996014,-0.9145263427178307,-0.5333384544502636,-0.3580832499720079,-0.3040993356866005,-0.13059444820521043,-0.9596678706304401,-0.46691025594638774,-0.3288681058722253,0.6669903911316442,-0.3059097206920859,-0.5318333349325586,0.8109660268908669,1.175279935629731,-0.3112240567784418,-0.552742520639485,-1.8512034780545819,-0.013478184490471602,0.10244192101585253,0.05908891637000658
664,2022-10-31,0.5956398461064208,1.3881397455689342,1.266680487702634,-0.6896423306816738,-0.7455064462983454,-0.31303825887661574,-0.048357009668309456,1.6339847227585922,0.613378965014446,1.2168772077851957,-0.808383436063871,-0.42670971254751666,0.15753484760235512,0.09483016569250498,-1.3187848088324288,-0.7003483840599614,1.0338684579891577,0.9324194011889866,1.2961877308883296,0.10225609337985589,-1.8536200276495969,0.1810530279715498,0.3592705861655799,0.006128721941373326
665,2022-11-01,0.3527459791143234,1.3881397455689342,1.266680487702634,-0.4891835077038954,-0.601655357726829,0.4132231947139273,0.8547973646972621,1.8553067646803894,1.107923515661774,1.1512962935584217,-0.9282261911897522,-0.37541155435121015,-0.10199343682228051,-0.177128028710082,-1.3187848088324288,-0.9139929177282927,1.1846290257698544,0.9198175674742123,1.1619882309903617,0.3243381404303674,-1.8570986550565218,0.3235150374321816,0.48998696900521777,0.01883041517083169
666,2022-11-02,0.890539543527515,1.3881397455689342,1.266680487702634,-0.25748803468963194,-0.4244688244055121,0.7582386538937392,3.794404503365902,1.8710063194432036,1.6797956009719668,1.4658565564249537,-1.0133151578525856,-0.30135196172342626,0.4910431727926628,-0.4298481179755944,-0.6282216260973373,-1.036359952396668,1.9808862323091074,1.8892221999399217,1.20075697540533,0.7315403144067323,-1.8628274758124295,0.47996432456951144,0.6146391369850258,-0.020869151860680057
667,2022-11-03,0.05320247542280438,0.9363009580893206,0.2999822146997886,0.022923909072148363,-0.2571563212321592,0.18402659995769377,0.71621757333257,1.2335766092503544,1.033582829274216,0.6394034591146991,-1.0562207771611516,-0.2416739719453834,0.15721856047623756,-0.24582727407215027,-1.1451777846363518,-1.1746789421306791,1.7408239105473864,1.1712841771033826,0.39555997601752263,0.45276759478037193,-1.8599660339199828,0.47738716146468424,0.48607471151436993,0.015525117766408438
668,2022-11-04,0.10606027030968261,1.2428077353821376,0.7831815639986843,0.28276191197667494,-0.08767376280728166,0.30971271637315206,0.7643862740566121,1.7065083297160168,1.2425344636805642,0.7623918938861147,-1.1157108266297053,-0.16365094546137382,0.13640548413384157,-0.49411053029721147,-0.8771814187638427,-1.2722546219031616,1.6448362627812383,0.8129041821045873,0.6729056091399896,0.8305105444296694,-1.8522096651412774,0.5258013421156799,0.4564224284570642,-0.0026827648551813713
669,2022-11-07,-0.07279226834841503,1.181119882389617,-0.38779121729453875,0.5049028262301001,0.07120734335071525,0.15104858477110777,0.6235111329479399,1.5538251127316671,1.2523474831005856,0.897112551835794,-1.177683182788377,-0.06943446065049712,0.2379099124430339,-0.7061857173211757,-0.505862704654135,-1.2889942319068968,1.2400328146440307,0.3787588047274087,0.2166273094868987,1.0880242434012484,-1.8384075410846068,0.5294098962570808,0.36838108535109787,0.01267951588389233
670,2022-11-08,0.5366623065220835,1.3881397455689342,0.8041333499368101,0.6681936752024134,0.22823771891028083,0.7717518288080384,0.6115694418418977,1.9358739659447382,1.0491049753362574,0.7413249982678989,-1.194905355401699,0.05082744664415762,-0.06644625655647603,-0.5438930679528549,-1.0264260753997902,-1.3361416720949248,1.4843207496557556,0.9233872775050139,0.4522219870855535,1.618190771242727,-1.8238868790560978,0.568387616984476,0.34872127031389283,-0.010666767804195192
671,2022-11-09,-0.25792054519626006,1.1246300591084972,-0.9819306816386741,0.811377140950329,0.3631036006186759,0.3272684971519173,-0.100393114504569,1.6141486158705718,0.8891403118044608,0.521212261291304,-1.2554191223898015,0.12035740057910735,-0.2986098112117578,-0.7437263675337283,-1.0264260753997902,-1.3949545407289778,1.126088989611026,0.48420713626464756,0.06751675404471211,0.744959753430532,-1.8188605166221263,0.5317557921969185,0.22445416102428783,0.008675396419270004
672,2022-11-10,0.027295556203560313,1.313868780496106,0.3093643845048678,0.9280075090454365,0.4851848751214846,0.772169368773285,-0.22404037867028723,1.8755504628058333,0.8418171458489143,0.8057573222898027,-1.2606891862287957,0.18150752293232278,-0.5384339000433193,-0.7567449368388524,-1.3228817829331885,-1.4965006959683465,1.3586271892057744,0.8569182359331794,0.3150402760787418,0.7204199443980692,-1.8189159449160281,0.529976738545379,0.17507243538772538,-0.0133781259461762
673,2022-11-11,0.95683677774999,0.9712188548859573,-1.288058733002055,1.025226791256684,0.5768294652099887,0.42654571576034855,-0.3546175916995406,0.981403475692879,0.8988035256560956,1.8048842230213438,-1.1786233377970168,0.26723093519414365,0.13290739773165883,-1.0121307128808867,-0.1556172119166255,-1.447832803292439,0.41561442910557017,-0.4184289752790385,-0.1352736013566616,1.090856063826963,-1.8185575993987986,0.459511722114901,0.03696676131198759,0.010050335853501506
674,2022-11-14,0.24820634028243166,1.1001054086058795,-0.1415748452744134,1.0890190635558608,0.6541074312769127,1.0018407921017385,-0.33796392552284904,1.1528932678422872,0.6137534033203117,-0.7276543314835924,-1.2352033500141404,0.3094698160047888,-0.12819028034834287,-0.8620446075232147,-0.654547622488811,-1.3964808373465858,0.11393149017984545,-0.5571835085351701,0.13908982065696168,0.4277060599646746,-1.819423112351376,0.445903782981796,0.008101875995776608,0.013245226750020505
675,2022-11-15,0.6669288720821175,1.3881397455689342,1.2132563272136578,1.155390491889383,0.730956306179344,1.6785965288848155,0.2349210685929062,1.4700424694831844,0.9703630412968032,1.3680717071690633,-1.24092148918231,0.35601185357362414,0.24115889780332445,-1.056614266762083,0.013849270394818435,-1.2541982390636472,-0.16607180815876182,-0.4508590894974276,0.4343287204324911,0.5219372707404857,-1.8207591850670932,0.4808686208917012,0.05473731641802969,-0.0085894152138265
676,2022-11-16,0.03883907463288537,1.020734348252066,-0.24172251994743182,1.2213923956903545,0.7918747962794692,1.253405705737903,-0.33630809060099026,1.2071883900649532,0.9948697364866391,1.059265618345163,-1.285041871122375,0.37390392641030584,0.1057822613587898,-1.2075209374645155,0.14789444903799154,-1.0583354168875319,0.1527997229307659,0.2311267942652126,0.18084077618077393,0.16252188385607044,-1.8173809668742915,0.453824691172545,0.003030643784873143,0.03584613177313566
677,2022-11-17,1.2920307941790607,1.3881397455689342,1.266680487702634,1.312080976150231,0.8769378377578102,1.5620348417129195,0.25812832746784203,2.056740729975331,2.1507608450151294,1.9705142331535548,-1.2340562771714527,0.4327892294171042,0.6032852420989162,-1.3809593040239143,0.8446556756373429,-0.7533927980861208,0.991944550904518,1.3953177903185756,1.0337531533100812,0.9169850416999837,-1.820330008326103,0.575593911568005,0.17529003617938474,-0.02594179197800003
678,2022-11-18,1.0084226256997493,-0.4017315577193974,-0.9465861612372288,1.4207534622939078,0.9404967759389002,0.5584560507587673,-0.3411387240295593,0.8434036914676897,1.4662421047015208,0.8388385244177551,-1.229218593470288,0.4610994712472953,0.23184096701772833,-1.5150495244978712,0.8446556756373419,-0.4176904968270208,0.8983580757748628,0.7985602575473624,0.18978740950730513,0.3611785021407755,-1.8111110122080398,0.5233539453396264,0.06330332445974823,-0.017230379887208568
679,2022-11-21,0.11676382378053288,-1.4407818215084145,-1.288058733002055,1.4636306581136902,0.9662583576820872,0.055204818048274706,-0.24949645658933461,-0.20232173098508602,0.0022546222363627523,-0.6289846878117736,-1.2397287630931848,0.4822755321362796,-0.07820651552912791,-0.6313900750821805,-0.925596676328276,-0.3420045576319972,0.5313194823552749,-0.016974533679191335,-0.3589394345199415,0.171585154078362,-1.7898443224655975,0.4063491370131686,-0.1192574787475032,-0.016852437932985045
680,2022-11-22,-0.04314150531425472,-1.4506269040973363,-1.288058733002055,1.419818220706386,0.9475878939494906,-0.38295571566195863,-0.5327252768493431,-1.052676409189292,-0.7907398160866332,-1.284739043443512,-1.255327057083417,0.4800107127898635,-0.34436049162542115,-0.41959693327417885,-1.3049539465430735,-0.4583693110389697,-0.7989157068193169,-1.7021981932310293,-0.7585557231050015,-0.20491371141779752,-1.7491967945997138,0.2580659029561215,-0.31020702732898536,-0.017141317882727516
681,2022-11-23,-0.1397854735364834,-1.4506269040973363,-1.288058733002055,1.2336856575839361,0.8835424551573707,-0.4133461946136749,-0.7473601832205952,-0.9868503923729091,-1.950502903088921,-1.3085767688713774,-1.2174745842322012,0.4766134837702414,-0.6135932206406588,0.49057541686735145,-0.07605028713390102,-0.49084683088974673,-1.3469526717620248,-1.7909165481790217,-1.0150258784655626,-0.28598131768100765,-1.7421595240502799,0.09739607022925058,-0.4807479160408921,0.008950145804075618
682,2022-11-24,-0.4285174282624911,-1.1102235829200922,-0.9084059314502367,0.971446440261319,0.8036823865293237,-0.12567367351067757,-0.6165926444858771,-0.6464638147090119,-1.4017768437607954,-0.7311562702627439,-1.2806646637461174,0.47321625475061824,-0.7868479357409879,0.1796095746084975,-0.07605028713390084,-0.4778735156730136,-1.2413304116424067,-0.8879082635259542,-0.6034807454451274,-0.2825518441363411,-1.7367506462999367,0.039741724832745996,-0.4692995042639876,-0.00549829563859785
683,2022-11-25,-0.34680083730230027,-1.2921239855831372,-0.886602027338823,0.713142718318836,0.7122151907082294,-0.2821990876352271,-0.8656751887878782,-0.8559324778867966,-0.9259672004376471,-0.4049968900008016,-1.2916708567517203,0.4740089415218638,-0.3796575949077176,-0.14089988762852615,-0.9486582546218493,-0.565167072942389,-0.9274402466876974,-0.2688717761726999,-0.39770817893491,-0.18379221279394692,-1.7050288495058483,-0.01028018065114572,-0.4491842302216326,-0.01178523172462212
684,2022-11-28,-0.5787511608354118,-1.4506269040973363,-1.288058733002055,0.45544019218976345,0.606382225615498,-0.2555946879261627,-0.8464362432120166,-1.2065727663356198,-1.390914426220518,-1.1230877282114313,-1.3292364443238605,0.4610994712472953,-0.5889590853616721,0.5106162333005878,-0.09418002428931926,-0.5766371467510775,-0.92102947023518,-0.4283778773743501,-0.4513879788940972,-0.4555638524460623,-1.714223806183707,-0.07798913281984265,-0.45848217696764115,0.028190247614354524
685,2022-11-29,-0.24720499222600303,-0.41199951448176825,1.266680487702634,0.27985103696965996,0.5267134194988979,0.08448136902577273,-0.6656324140020293,-0.16307459199104657,-0.5128771095130609,0.35824532432112444,-1.3161479646300858,0.4563433506198251,0.21635419953698184,0.12722532665947212,-1.3461013854387394,-0.7240871501609298,-0.15504215933101928,0.5199041760647123,0.458186409303241,-0.27019561273960374,-1.7139040480116157,0.004469475408280552,-0.2503515164714649,-0.010221554071538139
686,2022-11-30,-0.608017939888555,-0.7500683008014704,0.5172533977688359,0.1583813427124626,0.45677368435129573,0.13101703411430904,-0.6277460100826526,-0.5448422167512569,-0.3874914060045544,0.7879615700699627,-1.3811738429401688,0.44954889258057784,-0.030581336870961137,-0.1285795906649004,-1.3461013854387394,-0.9288779337011839,0.2806144126501537,0.8221454789096345,0.18978740950730513,-0.2905746079264749,-1.718797214278823,0.02162701017511744,-0.1775881944722881,0.023689771122404665
687,2022-12-01,0.7714325124157889,0.06330258948068163,1.266680487702634,0.12983640558415502,0.42151746582910754,0.1998764758622512,-0.021843701313791493,0.34594890768923137,0.3962418040208499,2.018680776826032,-1.2678209048742008,0.4276933858876695,1.1217015109060444,-0.5124496463017176,-0.060913267402624816,-0.9659387021739803,1.0351139947886558,1.4002381358985816,0.735532042425708,-0.44131780768077866,-1.71613724308874,0.13466726857734437,0.01826433805907108,0.01855586707037517
688,2022-12-02,0.39661614894552133,0.6433799207162967,1.266680487702634,0.2298916934338785,0.42903290534948774,0.27323036112494503,0.14929092773529,1.058581807241626,0.6752855394661306,1.3360609817065714,-1.2778007705082297,0.43799831391386035,0.6959770650900625,-0.7528035583211634,-0.06091326740262532,-0.9143975634921316,1.2573570171429067,1.2346137491731735,1.0814685310515808,0.11950710396172917,-1.7167462549448749,0.28163517953013495,0.2236502966806038,0.009800797170427514
689,2022-12-05,0.4985158979079209,0.9378293351011102,1.266680487702634,0.4138036301588405,0.47231084694137176,0.7966660307697234,1.5155244958648635,1.4403494320018366,1.1311629742242622,1.2423705313543925,-1.325330533620983,0.4567963144891071,1.1404081000094837,-0.9369416507512242,0.48452005920878705,-0.7453531848391697,1.6854394332570923,1.4441202824936046,1.0814685310515808,0.4725803186868856,-1.7183974369557882,0.407261495082954,0.357322708106088,-0.007177844846956895
690,2022-12-06,-0.018578530028570333,0.6374920314879591,0.6379762154649726,0.6438498238397699,0.52633284699623,0.20609478906646642,0.9079156781059157,1.1603865071776798,0.9171011867976641,0.855924859203794,-1.3669494232571422,0.48544627922126277,0.7661232382997277,-0.9082899835923725,0.2026007138901903,-0.569701348531529,1.7533085755619182,1.2783039361562414,0.5476527425685529,0.6012841722809251,-1.7191670423985392,0.44369262530671755,0.3362188787511149,0.013658748931040044
691,2022-12-07,0.3335827785616913,1.3881397455689342,1.266680487702634,0.8583613422755496,0.5975767602613506,0.20337462908239912,1.0570280997266503,1.7646701189409881,1.151394170732453,0.9168397297132642,-1.3535085060686256,0.5395754616005879,0.782868862738402,-1.1054489392287445,0.5042399723550021,-0.3627076231138043,1.6436089421310012,0.9248453558637493,0.7176387757726456,1.0194176443381164,-1.7213205651669639,0.5117201421829237,0.3646931615650672,-0.02353049741019416
692,2022-12-08,0.13971886614570836,0.29917855993224585,-1.288058733002055,1.022494091204112,0.6484510401052866,-0.364986869915844,0.5610643965636241,0.7463222189894795,0.898403159452443,0.2690643372430323,-1.285234505982496,0.5709432095484396,0.31604205385997675,-0.9949338055436402,-0.018512378245339366,-0.22994484556161202,0.8476850988653297,-0.17738869485118505,-0.1621135013362552,0.5788375323699183,-1.721154701992224,0.44069493140951055,0.1878591702741297,-0.010638398205055643
693,2022-12-09,0.3508980562056789,-0.14397312658433856,-1.288058733002055,1.079159001846761,0.6714439648280293,-0.40540742884791386,-0.26826863370070425,0.3447202302762148,0.33199461236238775,-1.2734532401932097,-1.2881365722489084,0.594837053653121,-0.015710455470994027,-0.3655123099518254,-1.188440833193753,-0.30999369318495895,0.03366668966738267,-0.9580747568920835,-0.4782278788736908,0.5104173544114249,-1.7199868006710555,0.34319068365222954,0.008380705151184402,-0.003347843769684204
694,2022-12-12,-0.4559602834058034,-0.28360250154342626,-1.288058733002055,1.0557165382639624,0.6714901772701822,-0.7230792535469261,-0.5678880116861501,0.21921960880331617,0.19893392769707494,-1.0639292018493731,-1.3551696498892691,0.6185044158231625,-0.2448934221606365,-0.5767530415465298,-1.188440833193753,-0.4920853007857568,-1.056203588900256,-1.8436706859219023,-0.47226345665600333,0.6229133955835038,-1.7207433082541574,0.2639115315386106,-0.109039519200321,-0.008080852053938672
695,2022-12-13,-0.22632586325820095,-0.6245507638355937,-1.288058733002055,0.953766998171831,0.6481581224155125,-0.7055816154515197,-0.7938543433791202,-0.08198188273163814,0.07732243010712055,-0.7367392237565209,-1.3225142124985834,0.6164660784113873,-0.0815051388701295,-0.8353381388703812,-0.6433692615072055,-0.6349200366395596,-1.4479876695179463,-1.6297058302864154,-0.519978834397503,0.14596823344548387,-1.7232242811056648,0.1800777034318062,-0.2095140417702535,0.0
696,2022-12-14,-0.49590661693098337,-0.6245507638355937,-1.288058733002055,0.794616245820978,0.6112001532970694,-0.9419758653162346,-0.7251849656174872,-0.08198188273163814,-0.1601020376794878,-0.7346652954252134,-1.361101287213266,0.6183911748558409,-0.3258403577171606,-0.9484145670964661,-0.7505085338676413,-0.761093750325382,-1.5948097238065524,-1.2409468381494149,-0.3619216456287852,0.27863011512335784,-1.7255190039663184,0.12984115246855685,-0.24166398879354767,0.032593507015666094
697,2022-12-15,0.4624694016899454,0.8159192958611075,1.266680487702634,0.6893088588841587,0.6018046296944144,-0.5695377638005672,-0.7128301451833222,1.1479242077027492,0.4314931590441774,0.6089830722975564,-1.2769284143143793,0.6219016448427857,0.3357310170703509,-1.1850640783215027,0.3060624573403181,-0.7202663045349151,-0.445862405925945,0.59078740733603,0.6788700313576771,0.3952987294591875,-1.719789982214754,0.235501339267971,-0.043590561453330574,0.006523180339123476
698,2022-12-16,0.44655806547655136,0.9520949966369154,1.266680487702634,0.6696708071776059,0.6157930738996445,-0.5157356685779492,-0.3864140139044294,1.3264991377985382,0.7555183491058328,1.580753870592858,-1.2743015406225011,0.6111437529473117,0.30445008357394315,-1.3485680624913445,0.5723896537077026,-0.5602104491593793,0.8102793932131811,1.9543164343808335,0.7892118423848952,0.2378764766967561,-1.72147340722251,0.32457885075031523,0.09106336516651596,0.05194327816084035
699,2022-12-19,4.593429066968399,1.3881397455689342,1.266680487702634,0.8093889419042759,0.6993875548147158,0.7066905389552698,1.2933277878552876,1.1060906672117832,2.557791744119056,2.007115113337982,-0.916287206219229,0.6281298980454274,3.3203865610907175,-1.620393360465572,2.183715773026947,-0.12637565886001714,1.727509790594145,2.277774628880173,1.979114074813544,0.7976229788896606,-1.7436446246481112,0.5957089703118345,0.4601272502607119,-0.01367330190020971
700,2022-12-20,1.9058651863330351,0.784007129823232,0.6316779033404969,1.0614574443047546,0.8029732192188924,-0.09833194738797744,0.24741670453632436,0.6554836739233852,2.0938585657749917,1.1331407981093586,-0.8527706457459615,0.6413790912219564,2.378054160310086,-1.75321391124778,2.183715773026946,0.41172717658012425,1.2843591045734397,0.7816721375292909,1.1858459198611115,0.7098036156691522,-1.7480580846416012,0.6818555463917066,0.48983018874919027,0.004993768180486974
701,2022-12-21,0.9627645304569407,0.9114894921343332,0.7239712790741111,1.3226175350671814,0.915765200858058,-0.062016860864275505,0.9922567762493603,0.7818002792904699,1.393849798184663,0.6571992235296051,-0.8558835845567072,0.6517972602154668,1.6919703093284149,-1.3920302666936206,1.4145241723406903,0.8512099805012316,0.8794076415750693,0.021887133945814857,0.9204291311740194,0.5935365483101276,-1.7443024458570158,0.7340749688709737,0.4648893231977723,-0.043263744441117524
702,2022-12-22,0.826006235717837,-0.7398232071584833,-1.288058733002055,1.5113872565893913,0.9772876769751092,-0.17065164706714667,0.3253224683444461,-0.4080421512121813,0.4579620285882133,-0.17110814219056633,-0.818828064999774,0.6549680073004479,1.0651511749124767,-0.5427989253815868,-0.06276984551831093,0.9972865125629922,0.1692231858423851,-0.6359189808726226,-0.5617297899213153,0.3324847077321658,-1.734116497053476,0.5566146438343849,0.11522602301242492,0.053793417449001936
703,2022-12-23,1.625268892204826,0.595708528015465,0.05959649610494762,1.5981974817691826,1.0606121398609092,-0.13116711609870946,0.44556700474512256,1.0792608869161366,0.9888646180933837,0.328797043717627,-0.6058346129104063,0.7078515390392455,1.357479034416282,-0.9314458279822704,0.6007082019376673,1.0748046110644551,0.21994410813159299,-0.11665392371811334,0.7444786757522391,1.2042565182927303,-1.7291467628954549,0.664617366043566,0.24528421193546185,0.023143542098703587
704,2022-12-26,1.4201494493452806,1.0697878348601422,0.45824156404198085,1.6581944492343437,1.1751866208416624,0.6211475225529166,0.5462456217826573,1.7441728333735012,1.27261786513458,1.2125690693017566,-0.5864331753691168,0.7819111316670284,1.1332157636625684,-1.165443501898127,0.8080172981986168,1.1400942787749402,0.64812499868199,0.7502599749090358,1.0605930532896748,1.5793058807813423,-1.7222930631617404,0.8124670190355787,0.40653195694163524,-0.007250787053696079
705,2022-12-27,0.7115070123783156,0.8045419256226307,0.6792739720297689,1.7216095335208552,1.2894721979134534,0.5121800983651933,-0.31754777772754833,1.5342006397553838,1.2166412194567593,1.2032900017989727,-0.7183102703203341,0.8555177604255283,0.9217498568893328,-1.3082802511021758,0.9139804162604592,1.2086781806701443,1.5515185372895637,1.8280193110787204,0.7444786757522391,1.5912187382600647,-1.7186832753109944,0.8417965132454948,0.36539171451378183,-0.01774289433316908
706,2022-12-28,0.37024124924941276,0.17958897262231646,-0.2501807073911218,1.8046227172491236,1.3723817455357876,0.44004266464609215,-0.16417778742590927,1.026767838511606,0.7513342671507633,0.3407366838469156,-0.8022414714055645,0.9140633405303631,0.5351759791463808,-0.7886683655554642,-0.13701078607177036,1.1259260388355272,1.571556600917586,1.3212945941881866,0.1420720317658054,1.3387187164353036,-1.7021509705172593,0.7519281777835144,0.16136826984966968,0.04289392067215055
707,2022-12-29,2.6528700229034845,1.0916932601862066,1.1655261641937888,1.897859883044894,1.4757415563492948,1.2309972038252341,-0.006802805583764739,1.6253285717856514,1.1655382301381134,1.1850443251889273,-0.5961604171809964,0.9770253183607096,1.6840564204701174,-1.1076466123902562,1.0007495353347802,1.1323057335078128,1.4293929343244356,0.7504728495868305,1.179881497643424,1.484758684375069,-1.704491940461142,0.8661766200183526,0.29116388544671135,-0.0017756737426779723
