,date,volume,stochrsi,stochrsi_6,wt2,trix,vr,vr_6,wr,cci,cci_6,atr_5,dma,pdi,mdi,dx,adxr,kdj-k,kdj-j,bias_6,ROC,lower,MACD,MACDhist,return
0,2020-07-22,0.07086923267307237,-0.6476418368371891,0.9606856048499152,-0.8900709225047385,-0.1922195735493285,0.09197088438216984,-0.6081687558064545,-0.4284287103444949,-0.5048898367482497,-0.06111093938444065,4.660041060839286,-0.2585154109306992,-0.4002938983123799,0.5426568565784687,0.2379389159441981,0.3342901089446824,-0.4653552441576035,0.19903426716220138,-0.06508798915937289,-0.9091771010404625,2.8174730407092254,-4.148213575554353,-4.1295687404835775,-0.029506076906632102
1,2020-07-23,0.12686789650654878,-0.8561227588372885,0.31785838133081623,-0.9762069224839622,-0.3079664439546336,0.038348288194849194,-0.5920701764883751,-0.7547891420047281,-0.5645333403531019,-0.592294150687875,4.663692300323651,-0.5949768261485011,-0.5644001993635999,1.1046131140970856,0.7815504371962562,0.42099628495589914,-0.06792061695673265,0.4347394160560675,-0.1858183931698602,-1.37461931438823,2.7062515998042693,-4.184105366128837,-3.3762757205397267,-0.048317041043888606
2,2020-07-24,0.1878442193474453,-1.1438208088826123,-0.489751960688233,-1.0091990855456698,-0.4310101707609956,-0.015824200631127106,-0.5705671133528324,-1.235044819602861,-0.5319064115059163,-0.8948147693505806,4.927698268141698,-1.0177146257384213,-0.7213583325295602,0.8516013393093349,0.8965752247077247,0.5311792346452431,-0.5044402436190458,-0.4994049380285264,-0.9299567015254092,-1.7612655755890938,2.5684757331443357,-4.609143789535842,-3.4961077282540254,-0.023728251160889464
3,2020-07-27,-0.19052336072973972,-1.2660493791106187,-0.808418269367209,-1.0463581602138063,-0.5578230156734032,-0.04674500659354374,-0.5537932404548905,-1.203987678401624,-0.601876373233506,-1.2398526693767387,4.505499925993838,-1.5170646964823165,-0.8225781154645092,0.9388801007312091,1.0993382885152987,0.6670789512079558,-0.971015252875498,-1.144038314790934,-1.140686133980078,-2.0039808773841625,2.418956384667154,-4.92910102867169,-3.396885876408068,0.020956133609064707
4,2020-07-28,-0.2654502278940637,-0.9371186501672978,0.3226237257761905,-1.085826968756094,-0.6661404620869481,-0.019411798443598652,-0.44026464496641954,-1.0060329539215154,-0.4862085764250585,-0.6686440081473009,3.6986518531443258,-1.9211268701771833,-0.8913069142356476,0.6767200977063007,1.0993382885152987,0.8049737055574965,-1.3007329910575134,-1.245517057248748,-0.5282537209086969,-1.631345252865873,2.3101421394062185,-4.626779212083687,-2.162222222619345,0.02849287316448101
5,2020-07-29,-0.1492611873787571,-0.5018101180826394,1.3132682195832233,-1.0978464434231299,-0.739784255651757,0.014443146257523269,-0.516321212800949,-0.7301432985437278,-0.3045785115470473,-0.08991307347290947,3.4320900644473546,-2.1566103728908037,-0.4598687006072387,0.3663142202221923,0.20576122861288665,0.8323215158394071,-0.6478561423332325,0.0006805070938593654,0.33881008971207555,-0.9937807291218586,2.263093765576844,-3.861144574630598,-0.314332355659825,-0.012777685427035673
6,2020-07-30,-0.2561498650117787,-0.5955330985391434,0.9644888537514362,-1.0794685264740975,-0.7895010055614394,-0.012909402134357458,-0.49771363159060483,-0.8344881543004646,-0.23869633018090874,0.345160897687335,2.762695638874052,-2.167748575244435,-0.5379599727158869,0.15853778982230252,0.17493359404524558,0.7976080698103232,-0.18753704187104697,0.5215702781785603,0.3014934193815613,-0.23395180691003717,2.196531002366375,-3.365704659480546,0.6623521351579701,0.009280066599089613
7,2020-07-31,-0.1944530915250714,-0.13063545103600882,1.3132682195832233,-1.0247455258997802,-0.8129040879702203,0.017459707364743282,-0.28308327645027315,-0.739265838730936,-0.1971391386490744,0.7110487944129381,2.2374150207413717,-2.1309143801806085,-0.6309715302052092,0.030916532095346047,0.23142967051547314,0.7404187919837422,0.7249060982628611,1.362929918071411,0.6066120767898838,0.02447036741566795,2.140226418060435,-2.777969679523303,1.6150492391987843,0.03089230368341648
8,2020-08-03,0.025939310579780186,1.4440780688230503,1.3132682195832233,-0.9289929525459374,-0.7995860327467091,-0.3688970939412256,0.42375019357686866,-0.2825144281327133,0.18675627660384073,1.747823157491724,2.2229917146135794,-2.034312196917476,-0.06541032951180592,-0.21823427982588284,-0.8653776316698638,0.5533788199027446,1.319187449492871,1.6489524702880456,1.1005091841055137,0.4066081134119712,2.1146952681763076,-1.8808993473980042,2.951500483623692,-0.020278342654384895
9,2020-08-04,0.002033448241512481,1.0492722080278971,0.6181093720739723,-0.8157078535207641,-0.7694108812052013,-0.20947980671317373,0.25380832425402483,-0.2973561628911518,0.35200963383412914,1.213584127493422,2.081676978098842,-2.07133276483014,-0.13861221890697759,-0.42411320088168714,-0.999515493186052,0.30032703617638506,1.640500672189544,1.4944080543596803,0.4353944129204654,-0.16828358736211352,2.0932771810556883,-1.493562988316299,3.0743197933906834,0.007848101810703913
10,2020-08-05,-0.1986448043734252,1.3053947790274765,0.7708302192837246,-0.6932170314504297,-0.7223036729670147,0.08542327654356666,0.2795202160391746,0.6183939190060379,0.4919354458291907,0.8494918123081309,1.7440220257030588,-2.06960152022084,-0.2764579331973878,-0.5830018440096436,-0.9995154931860527,0.034262377114300115,1.2957647079003918,0.6361369759720974,0.4507601007036184,0.030455283241556306,2.082876121739527,-1.069537098605846,3.2406908350268946,0.012584645229072053
11,2020-08-06,-0.07551323945303262,1.4440780688230503,1.3132682195832233,-0.5523807627556231,-0.656951086279969,-0.202288844967271,0.3079041279510162,0.9761659564802255,0.8032748116137236,1.0911274152925934,1.6259087253143218,-1.989370035266126,-0.16271900143423879,-0.7473705644121548,-1.3986680532713207,-0.2614949653761479,1.1718303848400382,0.47017985582248206,0.6285630593372451,0.4094540471298347,2.114089688370723,-0.5796653596217571,3.4960331440115335,-0.047100994121937405
12,2020-08-07,0.11134545986498864,0.565169090125946,-1.1554781028689927,-0.46147263350917694,-0.6024825547618653,0.043002342120116666,0.08353524755750297,-0.34008178632605107,-0.03976426887680775,-0.7609523583605078,2.037559998122518,-1.8799254368467688,-0.37279428328836556,-0.21292383834302428,-0.42003942936998534,-0.4384748635525774,0.5132589558188134,-0.27248842743961177,-0.3767919413319038,0.42064259343022387,2.153715984305414,-0.8333116642625651,2.3199357465570842,-0.002106116614883952
13,2020-08-10,-0.4207400898229205,0.5295868346577867,-1.1554781028689927,-0.42983123317507976,-0.5549831078351483,0.34694451525744197,-0.18409516711648077,-0.33794455790625444,-0.4389171399270393,-1.1972342601061419,1.6867997953072782,-1.730661669064254,-0.49025308612462803,-0.22496728144865094,-0.24170590063526837,-0.5204045111789154,-0.06758938132323726,-0.7782143437052316,-0.35703605703927865,0.6218711339699916,2.25743458498202,-0.9523436123024731,1.6289748125337735,-0.01734052938273541
14,2020-08-11,-0.3399841219788545,0.23511676050948793,-1.1554781028689927,-0.45022968618989706,-0.518909418384498,-0.024205033537813128,-0.4292895890710098,-0.765850366883452,-0.6149613262936171,-0.8420242873198178,1.5106249991107124,-1.655124168210445,-0.607827172048669,-0.29030209773222787,-0.10091338132880405,-0.531359396114066,-1.1678760598741884,-1.8344191746202267,-0.4931321488329188,0.2684038714420053,2.373213549292156,-1.1717111380267347,0.8899290173839056,-0.012787685673328386
15,2020-08-12,-0.18266389913907635,0.02514186478728682,-1.1554781028689927,-0.54450609192218,-0.494300885108941,-0.46005734355614913,-0.408019732204738,-0.6957471942590053,-1.1470136454982358,-0.9708463657771387,1.451926736834275,-1.6636655089312635,-0.7214106789425101,0.20282265495121882,0.5213281775033467,-0.43541080021411066,-1.0992928950517715,-1.0574364032465378,-0.5589850964750029,-0.09774538277044134,2.4532622196153313,-1.383789117021225,0.3122257188588784,0.003004007599480946
16,2020-08-13,-0.4256522533170851,0.13157121999370214,-0.9492979514640623,-0.6370562549755696,-0.47324978828964526,-0.22752664821020588,-0.4582007306679885,-0.5113205176807902,-0.6235459371444702,-0.49047226800542804,1.1393986489868344,-1.6462344044998423,-0.6648957117784164,-0.00997144156527651,0.2586691148139749,-0.32221652371426535,-1.0522864430362018,-0.5736457342470208,-0.26703702859509715,0.040452961562030994,2.432296306216408,-1.3911911817672322,0.23005217233045744,0.030362552255502055
17,2020-08-14,-0.3436518707211641,1.1081125119719246,1.3132682195832233,-0.6859578790231192,-0.4376154979753807,-0.5633822854707067,-0.5174739585123472,0.5209792428123206,-0.15150205058824798,0.39320904872677154,1.1518120728155161,-1.607708507720566,-0.32718608243643993,-0.2541123923855104,-0.5332053197731997,-0.2982899618765072,0.1259796917474463,1.047451142337823,0.5692954064593696,0.22850565267663422,2.427533682115026,-0.9388961119031027,1.0177596116319243,0.0012924072881330907
18,2020-08-17,-0.37286286963312953,1.040542594935129,1.3132682195832233,-0.6796333038074429,-0.39090763024614794,-0.8977385672077233,-0.2715247107317904,0.5656192324552647,0.10287674515088584,1.1642716900535508,0.8867108096658195,-1.6375500269726988,-0.27019339014428856,-0.42767566803082335,-0.8140704993235608,-0.3533659023930506,1.0966122679800685,1.9258511380902092,0.5890512907519947,-0.03440380505152831,2.4223443784797816,-0.5844095559161532,1.4663401110523047,-0.015784234625331964
19,2020-08-18,-0.3078913204836458,0.3747353966130433,0.3892696357581758,-0.6254774919748861,-0.34442118288557727,-1.1868435019585997,-0.3038394044278803,0.024359358034553615,-0.12251504045739832,0.6739369162721871,0.8232233310746878,-1.6511682271880526,-0.41547162539672994,-0.37263981300790067,-0.5225353595786998,-0.4115510907368834,1.6476575924573285,1.836779269680306,0.28173753508893606,0.0050139952168668745,2.4401056876940044,-0.515667690893403,1.2947079636680447,-0.03437108438612882
20,2020-08-19,-0.1898029100839289,-0.955742342519215,-0.9998304912808758,-0.5977545148699469,-0.3140572851181932,-1.082597635926858,-0.3396709395555523,-1.1251203752712895,-0.8092219444597033,-0.7168659056893915,1.0189980826675773,-1.7375361602352812,-0.5735784690842803,0.3085619081810218,0.3430604862031293,-0.3694781219825461,0.5185076879033644,-0.3769546021676903,-0.363621351803487,-0.3583975553294976,2.427741393928964,-0.8417380272518649,0.42441746550769116,-0.000849112728269228
21,2020-08-20,-0.48361578254822735,-0.9859544671028573,-1.1554781028689927,-0.6236423468587337,-0.2928214007673703,-0.9580807213923532,-0.2593824438260527,-0.7728516406756568,-0.94041035642399,-1.015638256436991,0.8974445976321618,-1.8567243809336902,-0.6850576012781664,0.4132988893965587,0.5967368744805351,-0.2512327010169853,-0.39473069291573937,-1.4358473383837878,-0.3241095832182366,-0.4708509360281094,2.4022366748082495,-0.9880925175826727,0.061834785624655865,0.014337767753574468
22,2020-08-21,-0.4969113717390995,0.07405543030533371,0.13385349304925967,-0.6821512984768052,-0.26864183222310134,-0.7214290287392885,-0.28626644556609865,-0.3488856165922753,-0.49628232150800866,-0.28851198742606193,0.7053798721464547,-1.8569791164674794,-0.4518526947532615,0.16327978203994467,0.04174939348917188,-0.16602992953989712,-0.6908248299472871,-1.0289661773653365,0.0029600567374471983,0.05602291446100033,2.387779882597997,-0.8384962374374914,0.3212131870087061,-0.005878911699776109
23,2020-08-24,-0.5582151721462737,-0.17632443673614773,-0.1907574956594612,-0.7476702615981432,-0.2439716825701888,-0.5948919868511,-0.4721266005083493,-0.5224881172695974,-0.3721378655603201,-0.11166226181544829,0.5928247978614822,-1.8651878099712904,-0.3810529816009126,-0.0750014771681889,-0.27285765237887827,-0.1399306274227939,-0.32457368315757923,-0.021443521115111223,0.024911039284808548,0.022727734517101868,2.380502731039419,-0.7578017914135068,0.40079687327946684,0.0028597883061737845
24,2020-08-25,-0.513088763513215,0.05213646502399127,0.9271289817583123,-0.770775643015364,-0.21621225609679626,-0.37952338495784366,-0.5180415355820713,-0.4375793903755136,-0.2867138026027017,0.030535128949514847,0.37003033459694734,-1.8362380582756672,-0.4947324565401716,-0.2632086797866847,-0.27285765237887855,-0.1461166732096718,0.09120355180228741,0.5387187333050972,0.2356404717394773,0.20247018817981768,2.365937904008387,-0.6177793951091892,0.5746085555311536,-0.05489814667951344
25,2020-08-26,-0.17670380743282332,-1.2834135594238076,-1.1554781028689927,-0.8029930158364682,-0.211501186289761,-0.7179413478195169,-0.5313152241750145,-0.9798107538125825,-1.3216525870555564,-1.5127818634253352,1.2032407767684157,-1.867836956521694,-0.7114382584193071,1.0636870719595581,0.9781804495582241,-0.027940235133046862,-0.2679992207902067,-0.2860119436694451,-0.6643498127023372,-0.16816738145136964,2.2994067049737263,-1.1213973488218925,-0.48128637563939225,0.008130126083250309
26,2020-08-27,-0.39703071402441936,-0.7372834775285273,-0.35833145540947425,-0.8629663691274282,-0.2148116571645467,-0.5133533378694283,-0.28605146506745294,-0.6266433306190603,-1.2722125533027053,-0.9228749738508206,1.0764534355294542,-1.897090733491116,-0.8147236859954066,0.7033179825805146,0.9781804495582241,0.14403933936136154,-0.39466450683872856,-0.48818809583421874,-0.36581645005822305,-0.12387944727983115,2.251414265767631,-1.26025917596519,-0.6488178557997761,0.0157181021538395
27,2020-08-28,-0.40836143781762574,0.31794850726074103,1.1174870834257604,-0.9304522323933254,-0.21268584142396751,-0.2510895794316067,0.06661911934603945,-0.12291001237719944,-0.8332721908007666,-0.32586708545960946,1.0919712594962172,-1.9683443630045578,-0.6403770806952687,0.34762609450789833,0.4794624025742326,0.2734888772344849,-0.5202526797130548,-0.4694591267807323,0.0424718253226976,-0.24980282867602624,2.2239577822752192,-1.084121096931337,-0.19803300568595464,0.00017326518279495016
28,2020-08-31,-0.365723858688277,0.32985672388340315,1.1641533606167158,-0.9836358290393529,-0.20449312728691316,0.11975060761315949,0.1486419176475571,-0.11731297550784635,-0.29097468735157883,0.23222215879012637,0.9305475252274883,-2.0449215584449645,-0.29607213919908204,0.07790256488879226,-0.2622409320018596,0.2874748982303293,-0.0769821959214358,0.26001275682086517,0.17198262235212944,-0.25935037260771326,2.2153461761126025,-0.9042289517310772,0.16956444969789386,0.0
29,2020-09-01,-0.5983639217719123,0.32985672388340315,1.1641533606167158,-0.9812726919649278,-0.19030492032650725,0.318637234406014,0.3542048424021543,-0.11731297550784635,-0.3562951115999746,0.154355160331856,0.7698030951785632,-2.091371692917365,-0.4378282370790212,0.12236373439254158,-0.012894503641018873,0.2693785648541022,0.2699365851499111,0.622598480323753,0.2751522403247277,-0.12370064440908733,2.2024855696688075,-0.731985191801746,0.4494428781813862,-0.011500388120316101
30,2020-09-02,-0.5259913796245539,-0.14642075181408865,0.43908436308445775,-0.951645856954718,-0.1761274819591397,0.074880715333567,-0.04320093511453827,-0.48671740888520987,-0.4572377291437284,-0.17341620136593616,0.6032806325554175,-2.0885106017917447,-0.56118917158216,0.08886179536045608,0.15845102226229593,0.2556108442536096,0.097405623662085,0.05880269126143393,0.18076301537107398,0.0766882064242928,2.193154736076256,-0.7045938716302398,0.40442122259966284,-0.00035056967931347625
31,2020-09-03,-0.5641752638525267,-0.16117874243678662,-0.06863494110462862,-0.9214863877482027,-0.16032805520549606,-0.17616647783224682,0.4586872040048639,-0.4979114826239197,-0.4536540546967959,-0.4898343657545206,0.3404767220738055,-1.9940780166196044,-0.6575360382121225,-0.05369253829247279,0.20895648098148048,0.2508407151348233,-0.1853025208721272,-0.4119006901494772,0.1280806572574068,0.0811075924590351,2.2074068002044056,-0.6373160670085554,0.4424547657049836,0.007336277445103086
32,2020-09-04,-0.5785187812554874,0.9671194426357381,1.3132682195832233,-0.9098805143278333,-0.13829018117044128,0.036250987484639445,0.2810040004587007,-0.25383238019486226,-0.3947149798055842,-0.6443315380197099,0.37044379603508926,-1.908648681503296,-0.7736530739435397,0.0897986023345664,0.5373046103759624,0.28788154880029726,-0.22281156948372777,-0.2808823273291461,0.24661596301315797,0.019243513554619875,2.1997255575374854,-0.4604492226230844,0.6763380737945991,-0.01032109223243528
33,2020-09-07,-0.49959668778257615,0.5428274469591211,-0.7064567605495797,-0.8938808524355644,-0.11623134416342415,-0.23074600996085778,-0.26780730181471823,-0.43060791690428923,-0.19061507208306055,-0.07247198678016033,0.40073863779853314,-1.8512445006961493,-0.43956900193215,-0.18020256174973523,-0.2810160525314102,0.2514393690674256,-0.16844541265582139,-0.07442091605641843,0.0753982991437396,-0.019782911658460713,2.1887390647437197,-0.42812952229323503,0.5950871156858307,-0.023304443432565207
34,2020-09-08,-0.49154073965214623,-0.9075796770766483,-1.1554781028689927,-0.9031175683536866,-0.10429798077482239,-0.5462509061158144,-0.559924809541834,-0.6139397232938729,-0.9802574061652225,-1.7763275245131862,0.889587916133194,-1.8356749705243958,-0.6446187816043832,0.7161388457516046,0.7066957474824057,0.29127280168635106,-0.15421811440439231,-0.0610995983876993,-0.2911831093971946,-0.2461620940970831,2.1565778947112446,-0.629312637576082,0.09657895152581962,-0.06853015843789986
35,2020-09-09,-0.3439138527741862,-1.2834135594238076,-1.1554781028689927,-0.9770235738391034,-0.1287706923571638,-0.4657098745388655,-0.617447980554665,-1.2367203493786498,-2.248966765568402,-1.6230327271032146,1.5208743613141722,-1.7816554701893637,-0.8328794364426911,1.6294909164519797,1.3654368281663993,0.4406619320145339,-0.7772457709027608,-0.9707413968375644,-1.3623910577084275,-0.3617833767089424,2.052900786242658,-1.4391457129117289,-1.4322107861456583,-0.055481739605532494
36,2020-09-10,-0.39978152558115154,-1.2834135594238076,-1.1554781028689927,-1.116577197224491,-0.19618836579507162,-0.7214918870568242,-0.6228494750344317,-1.1381532777114935,-2.2936063449785222,-1.2238011710501033,2.076472523357995,-1.8498229348978528,-0.9829067474541163,2.4890814935465655,1.7793502913673074,0.6801806501028688,-1.1882372566624413,-1.30628542925943,-1.9923842568176975,-0.8809568892460297,1.9073970327926422,-2.4043689104133183,-2.943730607176563,0.023160837919242613
37,2020-09-11,-0.4940950646691118,-0.4015424644790546,-0.204213799909367,-1.3004792601141977,-0.2735338496989067,-0.8528473278286571,-0.5168619044044437,-0.6262349631221568,-1.4966900340273874,-0.7598444794196043,2.008928741506302,-1.9333568489497734,-1.0711034050988542,2.0997951412061084,1.8283800282176337,0.9516309893382339,-1.2858013786973477,-1.0261990206542486,-1.1033694636495637,-0.8219044549932548,1.8277325805538018,-2.6271399905199453,-2.774554154408959,0.030391516561438323
38,2020-09-14,-0.3947383710604759,0.7291848658229598,1.3132682195832233,-1.4431450715440919,-0.33606911486931335,-0.5522109016698399,-0.44746632013851934,-0.1163572643086125,-0.6143091783798633,-0.11892305635647221,2.1508525413416746,-1.9656467006537988,0.18300671694942985,1.447648738626801,0.06315500350045197,1.019207689248164,-0.7869922858379743,-0.11445532258214446,-0.0848438734519981,-0.5775793835485499,1.7915448922664416,-2.310984966259984,-1.638674936887151,0.01228422357186869
39,2020-09-15,-0.574130581867367,1.1604967486300333,1.3132682195832233,-1.4943591774091427,-0.37710526097000163,-0.39193771555294954,-0.30595754715729767,0.17566997591361103,-0.3336003145378553,0.27349131405537425,1.8029404238878504,-1.9728899168641305,-0.015863586156728077,1.053844048804088,0.06315500350045197,0.9772507618166276,-0.05180748874560361,0.7639286532555609,0.49685716405307717,-0.4761270785129536,1.7672133864867243,-1.865910415575336,-0.49062726090505504,-0.009969407723417383
40,2020-09-16,-0.5843478819352294,0.9777224398956251,1.0881224113403776,-1.461030376004632,-0.40387764738734355,-0.3131662234342871,-0.2685918591483241,-0.0021612514839628645,-0.2749309581551707,0.5661668610567593,1.5056472359552877,-1.9768838398212345,-0.19179164684634925,0.7521561464790151,0.09267350363344926,0.8861454895140589,0.6849217414754196,1.3077094801347655,0.5385640308930637,-0.4633955343183262,1.7323730640414947,-1.5956387872861524,0.10328220216658673,0.052544919256092615
41,2020-09-17,-0.17349452728330245,1.4440780688230503,1.3132682195832233,-1.3428153113123096,-0.39180731562297977,0.18144514651924784,0.5894139443598702,0.9553915114260455,0.1694827918539143,1.5477908015488329,2.231802360648328,-1.8877313561855982,0.9104500195800121,0.17917228155202358,-1.3739940028349433,0.612884955150189,1.3808665889429266,1.6975374661325,1.5241631472695873,-0.011332253862778382,1.7279444312132037,-0.775584214680173,1.5991039893098804,-0.015475622044482763
42,2020-09-18,-0.44025775277306783,1.2054339910189604,0.9165928416285,-1.1816038184014082,-0.36056609061733685,-0.10999990183321594,0.696415659091151,0.7850568251072644,0.3160665399696237,1.3661332743985986,1.8108094183830197,-1.8326964517089277,0.6476740841817736,-0.06106374402658722,-1.373994002834944,0.26899504538778746,1.5293968093888446,1.3283656343580814,0.8217317057540248,-0.2092266069084181,1.7258928470578694,-0.39092207401817947,1.9874378035541937,-0.009701568629584555
43,2020-09-21,-0.5373221034177602,1.058945988162575,0.2660488863154716,-1.004743755427405,-0.32074400597607616,-0.36389498621275135,0.09177490913292119,0.6352309857685466,0.27851784369636495,0.798598856731948,1.5719944317500583,-1.7655443911420696,0.38761740877311207,-0.044956087734573304,-1.2129502761608975,-0.06479326829600936,1.2428176666911728,0.5811789074553122,0.38490715306153434,-0.20391162994622847,1.722565600149932,-0.2219980931737672,1.8975782574613898,-0.029875687840058195
44,2020-09-22,-0.582186529997797,0.6408360177110387,-1.0500884265287125,-0.8524618417779325,-0.2892231275329458,-0.5708026614962917,-0.25894403657716125,0.05325799642575524,-0.05467081965473943,-0.354509080356564,1.40938808501162,-1.7140972479658474,0.14960116093548204,0.36377440824121837,-0.5908125196608783,-0.29639421435361785,0.28327223135780044,-0.7212338833834576,-0.26484193034036096,-0.26011981012064683,1.7120318721915884,-0.40193836621829054,1.1780100585875304,0.021781526002230246
45,2020-09-23,-0.5728206716022565,1.1198480271073183,0.09740131142320363,-0.7372935088026558,-0.25121139772621415,-0.3558272646453188,-0.2582155205777707,0.47583710970650583,0.20668921089469175,-0.0005293991459487934,1.4468158545389245,-1.5365369103984394,0.21167015604263986,0.025282924153841063,-0.9556359960767077,-0.4978749588827694,-0.0648802177584638,-0.7100752308860635,0.17417772060686557,0.5456790564337386,1.7006099311107656,-0.240116802914433,1.236850136782552,-0.022941170507910124
46,2020-09-24,-0.5033954275513968,0.7948397768932285,-0.9225133954516475,-0.6909857126166898,-0.21966926916492951,-0.23559306970343924,-0.29429628496477367,0.03101699046360933,-0.051982291372721603,-0.8480432548226778,1.4609549696823818,-1.3469948039597262,-0.03402916679718272,0.10217822536294512,-0.5934305197376041,-0.6269120979944534,-0.5242132510721863,-0.8313914187922845,-0.3087438954350837,0.8543220774499274,1.681496569483659,-0.34918408430592124,0.7810061303636022,-0.005623984570386698
47,2020-09-25,-0.6415909605205607,0.7177530584824964,-1.1428747581737209,-0.6998190441418375,-0.19393590281035636,-0.16743107530315532,-0.5982992108258244,0.007831183995119418,-0.12662647506492714,-0.7655800767146259,1.1656862663688916,-1.2133676189204374,-0.19892389465324872,-0.12978795954507422,-0.5934305197376045,-0.7084545699393843,-0.6054941213236125,-0.6198731284298967,-0.20776937571722157,0.5807912652243106,1.668197634493595,-0.4342731084908645,0.46084752711638055,-0.03805453226309879
48,2020-09-28,-0.5689564363201802,0.24048857156683023,-1.1554781028689927,-0.7505058092820793,-0.18865690550065606,-0.3678073472542241,-0.5869671981353131,-0.6092901413437797,-0.932148757204069,-1.4080005317057973,1.4857401560989572,-1.1892686939589447,-0.426888846823213,0.7868767527297361,0.4248026417575723,-0.6448928780105002,-0.9819321569144611,-0.9340831853853115,-0.7192272690707405,-0.03886014950542341,1.637331753758489,-0.8287562314862571,-0.36968198218534215,0.01603240753104879
49,2020-09-29,-0.6149997821388165,0.606732628987241,-0.09017131367383077,-0.8344217206486131,-0.1861447752889288,-0.2217643335076201,-0.46620039852026895,-0.1944602517339501,-0.5586239751902649,-0.6768204030249783,1.2992967010660381,-1.14540323504027,-0.5651773454514107,0.4502124452921764,0.42480264175757176,-0.5124871589817175,-0.8236028840941518,-0.524851248156483,-0.17045270538670726,-0.006013847639962168,1.6262787322888697,-0.8461814956373881,-0.3340824625786536,-0.003784488134060168
50,2020-09-30,-0.6520047471281897,0.2979781003917825,-0.23821305357977215,-0.9053493806132589,-0.18464093557280198,-0.38123963220699625,-0.4430036927750641,-0.29298235051628396,-0.4417471883455261,-0.2466748383139645,1.207033074715567,-1.095851512928433,-0.3576735419587492,0.13483618122228205,-0.12402289167196805,-0.4173275684378698,-0.5563252637284377,-0.05830779796636935,-0.13533113331092916,0.04845610828346314,1.6152211797077545,-0.833936654178382,-0.25051909881093404,0.02424958647136106
51,2020-10-09,-0.6373337521589515,0.8016478631369098,1.3132682195832233,-0.9356052992020052,-0.16945538521223713,-0.0555445431758605,-0.4912481415335414,0.2131646976879236,-0.14946566769814987,0.5485903674003396,1.1427040327670261,-1.1208304548126795,-0.3816397040103504,-0.14599783879670825,-0.3395865374825212,-0.37311910366685425,0.2313485649702908,0.8845220987221459,0.5078326553267578,-0.19800610970267532,1.6235959937264068,-0.5188805028351714,0.3785130056881554,0.029744109634894166
52,2020-10-12,-0.5482598541314334,1.4440780688230503,1.3132682195832233,-0.8508785320049157,-0.1291998214621163,-0.14232442327550807,-0.12312770310877785,1.0676596874039626,0.6551160823182816,1.5713753940004616,1.1418106871456892,-1.09598690014732,0.26462456183102745,-0.40368941535820385,-1.3830908760655063,-0.4755653070522028,1.0559890881006841,1.6251523208106768,1.0917287910865692,0.19924134934388452,1.6534255459817782,0.02966418932591302,1.31521958522793,-0.0005673759017453998
53,2020-10-13,-0.6311116783996763,1.4252358707028674,1.2885931063095908,-0.6826583361101237,-0.0736039265767987,-0.3939866229450062,-0.13753274693460554,1.0511210746997803,0.7874282623949019,1.3460384986616507,0.7965886771329639,-1.0641032100999506,0.08823617361312339,-0.5656520912742524,-1.3830908760655058,-0.6444723653360657,1.8376535698937622,2.079534901191261,0.9709983870760819,0.28168754687896,1.685218554826146,0.3776397422728368,1.6922201501039884,-0.01294762946756075
54,2020-10-14,-0.6327490662310645,0.9879296644460696,0.5304102172503206,-0.4713441621388162,-0.01611140492779049,-0.6505134598612919,-0.03614667938857921,0.6762458534050017,0.5467746022108366,0.8117832161611779,0.5899446686794105,-0.9888956100094444,-0.08736153120487018,-0.5555686434465331,-1.2346530504303586,-0.8168493554452189,1.7622257321429973,1.3231270026826498,0.48588167277939653,0.4364874302849883,1.7054540188798502,0.4584479046823516,1.4978135628132279,-0.02621254824977125
55,2020-10-15,-0.542758231017969,0.17894490006594407,-0.6688863648266175,-0.2931196624438524,0.02809084684680318,-0.7340960328522166,-0.4011868633928293,0.058620550085514145,-0.0069202503015539495,-0.14132925282677752,0.7280487606705811,-0.9768461475286992,-0.29917620406951884,0.008603085035613241,-0.3189871265709506,-0.8742144776725899,0.6791295525729846,-0.49562790889329195,-0.12655074029198463,0.004330286527783761,1.699160066672621,0.2395606491188309,0.7858916585370073,-0.024697530957768533
56,2020-10-16,-0.5036574096044188,-0.4873146229644986,-1.1554781028689927,-0.23886380768329515,0.05130750907641855,-0.7409367349133589,-0.4603415545916967,-0.6814480513587421,-0.7847224996052982,-1.1927842694841062,0.7500347385296061,-0.9631720384213356,-0.4687935972042918,0.5752484376585534,0.35795832105612935,-0.7922839391481555,-0.42211262185788284,-1.5859019835438954,-0.6160576510981424,-0.011094633867850756,1.7076806729427287,-0.12873000939200252,-0.061019310018812334,0.005830920310793144
57,2020-10-19,-0.6295397860815436,-0.23050191992700536,-0.8327487980354282,-0.2834900788608069,0.06497030332004824,-0.6142338188051352,-0.4549770044282695,-0.40222828618225737,-0.6093849800575525,-0.7495330785816857,0.5242559666788184,-0.9279036679018446,-0.5852031981301021,0.3028289756001311,0.35795832105612874,-0.6459723931826022,-1.131754269357608,-1.7069915608283082,-0.3921576291150567,0.08999557653016127,1.7031422698216923,-0.26360399178481564,-0.3052006086375681,0.011560822401076006
58,2020-10-20,-0.6206323962787919,0.2883241339839812,-0.17311114660307375,-0.3826184807804603,0.07952465199117144,-0.6369590605563766,-0.5047906845172363,0.011451540017662335,-0.31830807489470586,-0.3354493184863722,0.3278298642032731,-0.7986088738668689,-0.6279725695729567,0.059331402060675144,0.24895035630441134,-0.49098466556033843,-0.8664757131469125,-0.5991105206173475,0.027106137539544682,0.5414741270071621,1.6939491710604129,-0.1931840341972466,-0.1194091655359387,-0.012965176127719628
59,2020-10-21,-0.5623413894813719,-0.1062433801930899,-0.5059508536692308,-0.48927556627772556,0.08915455131491369,-0.6145490417290388,-0.5204826717940938,-0.334558142584561,-0.4094635894802496,-0.36286009760477583,0.3002743034178889,-0.7227920312913826,-0.7450962885915271,0.029834597678130605,0.4384375781345062,-0.32296750885871894,-0.7635537896822656,-0.2737096199744885,-0.03655171184780318,0.2748922662490669,1.6772399598917367,-0.2490081606324475,-0.20515324626149967,-0.006445138121397296
60,2020-10-22,-0.6501053772437794,-0.30025689175936987,-0.5750003277773454,-0.5652883197638303,0.09380068874583403,-0.5540736067055597,-0.5167935232177048,-0.5970053300155687,-0.6228542748532574,-0.921369419596899,0.24346306219464237,-0.6458243973553759,-0.8455254904919894,0.16960164853455628,0.7308821751077003,-0.12921473119306665,-0.5438061868102002,-0.11156679128057914,0.016130646265864006,0.2508172302372649,1.6585341629679144,-0.3123505312581933,-0.28770643449936256,-0.012606917681731309
61,2020-10-23,-0.623383207835524,-0.6752293625274426,-1.1554781028689927,-0.628798622743732,0.09071283578522576,-0.4318321701799484,-0.4971507975570729,-1.105496755663149,-0.6295113864592885,-1.0233496971686822,0.22013839219905876,-0.6217931660033255,-0.9375792834930458,-0.07448066929802849,0.751004148174526,0.06410900263978397,-0.8803336573369944,-0.7184215354893372,-0.11557524901830395,-0.07617448612766321,1.6508251653572337,-0.43775199516012514,-0.46896419548235513,0.010179240988708115
62,2020-10-26,-0.575505987645733,-0.5653723555155435,0.4366888160003197,-0.6883018462315685,0.08985162159199316,-0.11408360811787781,-0.18709926409238214,-0.5939697192843298,-0.5176171458806369,-0.4912307854516286,0.2425666839310586,-0.6568584556944873,-1.0231020439177079,-0.1925714520646981,0.8596798928231476,0.25362251343789227,-0.5667305759791946,-0.22728456044267414,0.12149536249319838,-0.24491918871694424,1.6477117242908317,-0.3700318662928131,-0.25543237595339824,0.0006074719231052535
63,2020-10-27,-0.6036690583456101,-0.5243341581631329,0.5362825054774282,-0.7346370253919194,0.09251058674990503,-0.19239825847407097,-0.1575468948188472,-0.5701641403919464,-0.4539355899373461,-0.3694559249211925,0.11828152966700654,-0.6909760348534578,-1.0871234965927292,-0.398159117425731,0.8596798928231476,0.4257215422142988,-0.45427586511302726,-0.05883271376406894,0.1697875240973933,-0.23487916856398425,1.6449958969593736,-0.28303563258380293,-0.048820054012283086,0.020239143900662674
64,2020-10-28,-0.37679260042846124,0.8160999824316002,1.3132682195832233,-0.6980253545332207,0.10913527999442997,-0.17957206947371426,0.12099353759981177,0.23129034898492531,0.35378285089814354,1.7581178873707215,0.4328942985812852,-0.6819050911881737,0.2890793712176936,-0.677786161475343,-1.0000233864433734,0.36628299443713547,0.27237094409740276,0.7974306047827524,0.6219777645730367,0.05365645008503829,1.6430397893868016,0.008764957124871464,0.49669735312515817,-0.06621949411501046
65,2020-10-29,0.060651932605210006,-1.2834135594238076,-1.1554781028689927,-0.6934088820492641,0.10243238614077742,-0.6734174864351192,-0.3568471138115577,-0.99688470408904,-1.0305077622664225,-1.702292915018025,1.1460346665795769,-0.7198135124759169,-0.1120848378233955,0.857741624822741,0.059780212382912576,0.31244379315416065,-0.1311928643520587,-0.11317559805341845,-0.6226429458623508,-0.2929988568674173,1.6059579688732846,-0.4407092313320341,-0.44309525297904095,-0.05399657236000575
66,2020-10-30,-0.30442005828110286,-1.2834135594238076,-1.1554781028689927,-0.7530379607220687,0.05840355248666027,-0.7625368023807187,-0.43722460706512484,-1.2367203493786498,-1.859122286976584,-1.410524133064564,1.5047855878397969,-0.7816854715062681,-0.3808266883644887,1.552205949688243,0.7364628245287547,0.3417602249763389,-0.6685362674701582,-1.004454078357815,-1.3997077280389418,-0.5382171320315068,1.5135055599001106,-1.1677010812712192,-1.7101520726367259,-0.007184584115075307
67,2020-11-02,-0.47745920430220773,-1.2834135594238076,-1.1554781028689927,-0.8651702279823582,-0.007302173512454831,-1.1101098178602187,-0.46029484812747545,-0.9221538333790962,-1.8887740738102774,-1.059313101725026,1.2544813518990463,-0.8495144681675533,-0.5245445254125554,1.8137859740160374,1.0129034186348156,0.44211828538448034,-1.3400241968808948,-1.5744186144386667,-1.2284900641695233,-0.6448667909531239,1.4351921421917497,-1.5963121673932683,-2.169841602398381,0.023383762266863926
68,2020-11-03,-0.568170490161114,-0.4201437780719719,-0.30437643691075594,-1.0492670842468943,-0.06963399332558509,-0.9527529776660761,-0.45799597817954374,-0.48491549624369945,-1.00976922086706,-0.4364716732666369,1.079522903336924,-0.9080017467257805,-0.17537323176034006,1.3433442423187918,0.3980666235905487,0.5015630656666891,-1.1489953058920195,-0.8151271187358756,-0.45142528199293236,-0.5480469311983405,1.391392697476524,-1.5503760170192107,-1.656577136416479,-0.009510190000992224
69,2020-11-04,-0.6115285199362734,-0.5889176582019167,-0.4488540422131417,-1.1809695889793221,-0.12836391033615016,-0.9341389520814584,-0.5193501115202321,-0.5830464611391937,-0.6636775589154379,-0.21294089139739905,0.8068102105055275,-0.9626981831552399,-0.12241849817188923,0.9808600136637537,0.14477250205400885,0.5068689750668338,-0.8425868279777144,-0.18709110523986003,-0.3175242884540282,-0.5195367142269972,1.3440494836992267,-1.5171217134471562,-1.2695099238580425,0.012367648808661669
70,2020-11-05,-0.5930587851982145,-0.12159626061500006,1.3132682195832233,-1.2266723850293575,-0.17319733029334242,-0.8013682447742628,-0.5814316510923213,-0.32706228112933533,-0.37149389241643777,0.2784907841682738,0.7909195751100963,-1.0053451571039471,0.15374962400378017,0.5757060108696174,-0.4342170710251556,0.41917436052395063,-0.3376336780769543,0.32649501563846417,0.3344198932026033,-0.3625550513177767,1.3104380561417417,-1.294006037412272,-0.6073708560258331,-0.0010980565504309628
71,2020-11-06,-0.6333385258503642,-0.14451148009339282,1.2609741065768232,-1.206118246697617,-0.20474679331220905,-0.9315407433827387,-0.5117911699535875,-0.34991801148736074,-0.32572656962299895,0.598531622832434,0.5316789035594585,-1.0286994523615773,-0.024267031236601365,0.30439535170517446,-0.43421707102515594,0.29118924311568706,0.20890707535355074,0.7719880756370703,0.4463699041941461,-0.26505420332062846,1.2819144083141207,-1.088555003322469,-0.11045472219723874,0.03200273108617395
72,2020-11-09,-0.4235563968929082,1.0721620372623473,1.3132682195832233,-1.1322738529755918,-0.2080804476780165,-0.6751489083952514,-0.07492074348704071,0.32661160711012094,0.08253062161074008,1.7768682668675824,0.6119025568259582,-1.0231485763872994,0.7169056363788839,-0.031467962518800796,-1.3409629502660474,0.05138542648818218,1.1356826896498748,1.6585896515283065,0.973193485330818,-0.07705998257661745,1.2835372115742454,-0.5952843800957298,0.8214268639540271,-0.006833253153000084
73,2020-11-10,-0.5189833597062125,0.8946060112083587,0.960443083664304,-1.0120101703565811,-0.194375981592301,-0.7174057606003511,-0.02399017043713159,0.18033493281877372,0.26443368398577727,1.467923531538013,0.46748072600294455,-1.0296471628937665,0.7317794596488112,-0.2660666576200694,-1.0827836840740905,-0.19693284304559766,1.3677690349235425,1.3912551706486123,0.6329532558467175,-0.14161813787995906,1.2894716214980868,-0.3115353649054275,1.1779468145703875,-0.027589454914421975
74,2020-11-11,-0.5641097683392712,0.22766007746176475,-0.2328088339240587,-0.9017109132862685,-0.18164481866979473,-0.7190142597309506,-0.33531739681038264,-0.40020061827501063,-0.06802631852755187,0.05836942801625979,0.4341193157492175,-1.10356858440487,0.4418155577862433,0.2816388131323366,-0.9680289520981235,-0.4164522531993177,0.7258386464256444,0.013918251762239918,0.027106137539544682,-0.5453214599124866,1.2836917202602114,-0.3578408081026192,0.8504033572787376,-0.01576234210194214
75,2020-11-12,-0.6200429366594921,-0.11424993507904897,-1.1554781028689927,-0.821108427161109,-0.17515956712155512,-0.833580835012465,-0.33095692875065513,-0.7247519893589369,-0.33000620815651976,-0.9318092652901733,0.3884664827075516,-1.1089163795508166,0.1911766264618335,0.616976282675065,-0.4454436132602781,-0.5447397881320536,-0.41749744169218517,-1.4387293209961294,-0.2889880111424585,-0.11886680743672198,1.2642443746316059,-0.48903546921442975,0.43076833359798583,0.0017885093075142068
76,2020-11-13,-0.646568619527981,-0.041543567907576476,-1.0058913123157736,-0.7955169969393164,-0.169444706685587,-0.746605981960309,-0.3692208707014211,-0.6881828207860977,-0.3786817617267637,-0.7905153093644326,0.3803897735529278,-1.025043997451687,-0.03725506490792059,0.609181075488814,-0.19109036675518637,-0.5874770803625514,-1.0026050503563224,-1.5449369538146225,-0.18801349142459634,0.37835325842947526,1.2439322117451541,-0.5069816360234316,0.3053107132482624,0.020778820090778836
77,2020-11-16,-0.5946961730296028,0.8006030631454658,0.6384312166376768,-0.7957144917297594,-0.15184099020920896,-0.7235146393514745,-0.16540975116286163,-0.2584950900552674,0.10011630917733692,0.05242061696248817,0.3518040839129357,-0.8987954158416167,0.29906581983240377,0.2706055923106488,-0.8307984212243854,-0.654833865432232,-0.5798589239277034,-0.24750066857398642,0.24661596301315797,0.6382280803668031,1.2384723393961072,-0.2828338467627663,0.6544018135026728,-0.009893452138261732
78,2020-11-17,-0.6389711399903396,0.8281421868159213,0.2824428884100786,-0.787814122404177,-0.13021424275180246,-0.866504230953836,-0.4900096690998575,-0.2292992172597193,0.1014051646707237,0.019897637958975107,0.25624133030968543,-0.8202031352789938,0.07943412882367168,0.032269650119886785,-0.7962754805020626,-0.7253806496936103,-0.05246116012647731,0.5646989506780536,0.1697875240973933,0.3297863444810285,1.2379057787869552,-0.20160530998492276,0.6683393355066521,0.00945581536978877
79,2020-11-18,-0.6053719416902538,1.2803320508009213,1.3132682195832233,-0.7387614195203475,-0.10021744691330395,-0.7519388197972348,-0.22476859593034607,0.6542882629777937,0.5050121075697938,0.7555598610229015,0.26828841669630865,-0.7154134278621592,0.050298069319790056,-0.2440259326800293,-1.0401037083634586,-0.819146383177235,0.6611846912965564,1.1906027559450483,0.4551502972130905,0.5043206788891805,1.2403605356543377,-0.03344884627529577,0.8408745564977507,0.02100781101810378
80,2020-11-19,-0.48924839668820275,1.4440780688230503,1.3132682195832233,-0.6135803785489664,-0.05384374933067272,-0.5643703991364071,0.639367553669846,1.6024081648391568,1.3277620290003325,1.7466306405173773,0.5086511613589655,-0.6077805888487482,0.5312482205295759,-0.5436380163127429,-0.9355624742575456,-0.9053777374320225,1.1201950152147018,1.3384191851782594,0.8217317057540248,0.5849357693681203,1.2486942381330062,0.2883938646727083,1.2642274516398284,-0.00645024812173294
81,2020-11-20,-0.5737376087878339,1.1983523391034827,0.8800565318658965,-0.4575100361166854,-0.0011483852612891893,-0.5522649645831393,0.43021123159985875,1.1935885249605174,1.2082078786379227,1.2712158732494152,0.2932217030260817,-0.5067140299512489,0.311540938833997,-0.7062773586215237,-0.9355624742575454,-0.9807257264268088,1.3337177489323564,1.166404007923255,0.5407591291477999,0.5349162815026157,1.2535812733086145,0.43370956207846006,1.2751802452683385,0.007092990511294712
82,2020-11-23,-0.5642407593657822,1.4440780688230503,1.2398306690529781,-0.2596180591775609,0.05800300241403955,-0.3307338660505595,0.5658790010780591,1.5334198506096366,1.2556667322353063,1.113808815098903,0.26626654013579354,-0.44396205399814853,0.34313785052833273,-0.8837650118639799,-0.6342506984438289,-1.0105718471133571,1.3548884075168,0.9243781617061549,0.542954227402536,0.3056098634628599,1.2669343333283376,0.5925743023400709,1.30909682485856,-0.004292773280352158
83,2020-11-24,-0.6179470802353152,1.22846281281636,0.7198642014442425,-0.03966128290920544,0.11724438196778858,-0.46719602674290805,-0.004833411066957013,1.3274614714283557,1.104176497676696,0.8929637291711282,0.20045376520234384,-0.37978851224675153,0.12681076014877166,-1.0322623451025477,-0.6155762332746827,-1.0126715878637278,1.1681551372651884,0.5651385306073741,0.3871022513162705,0.32873552843684156,1.2854817374752303,0.6461160551483581,1.1406937131502881,-0.016701396775883573
84,2020-11-25,-0.590504460181249,0.42061266622587745,-1.1554781028689927,0.11414481457664444,0.16610556600119644,-0.6079696564396777,-0.07372486029194461,0.5345217115804036,0.40376076476839284,-0.4111762692631926,0.2173371296633676,-0.3023470230446563,-0.09919781953993914,-0.7077657231679898,-1.4271475078088272,-1.0914779124496,0.6973630292870985,-0.03431274114012307,-0.01679582755517797,0.42851630986104045,1.341003192090706,0.5190787524900108,0.670718921989448,-0.012988625087700038
85,2020-11-26,-0.6292778040285215,-0.18200928520597334,-1.1554781028689927,0.1673994438628609,0.20059003980861143,-0.58254650269656,-0.31686336380762686,-0.07305550700438496,-0.34274028624914166,-1.4153901195450174,0.15814961935461205,-0.24176124259370763,-0.28069457828264643,-0.4258879976420944,-0.7961282038472107,-1.1322053664162537,-0.14832220282594571,-0.9654632536002364,-0.25167134081194414,0.4541094297363893,1.3424001546315636,0.3246639474587406,0.16965003761293643,-0.009350023593020602
86,2020-11-27,-0.6161132058641604,-0.5861363265944264,-1.1554781028689927,0.11285963595749622,0.22089452854828343,-0.595584929304885,-0.5567376487109503,-0.5055681032850861,-0.6330183110847492,-1.04239978774247,0.06655096648879699,-0.2142099435506536,-0.43296654359569364,-0.3723144057187965,-0.4933656435818732,-1.1162191252317564,-0.956528266649939,-1.5770612471298568,-0.3021586006708753,0.35176250883460436,1.3425304388591808,0.13224183029233216,-0.22750556447372747,0.013330568433157615
87,2020-11-30,-0.6517427650751676,0.32670455028036405,-0.0791158037305142,0.00514169303524306,0.23934298169249615,-0.48545359399597743,-0.4299061893444286,0.25939724742796166,-0.02021113022242354,-0.23631364955082962,0.12285736058434435,-0.19444340959347395,-0.08201112697359288,-0.6082143936551221,-1.312138785693544,-1.1644444687748585,-0.913001220714317,-0.8465638060950641,0.0688130043795312,0.2839571808181866,1.3538474158725755,0.1545000904639978,-0.1466672645034134,0.0008824178820988019
88,2020-12-01,-0.5848718460412735,0.38779828557786644,0.1657303899373601,-0.11163802740309932,0.25728028919534984,-0.49095866213250666,-0.44777451225017234,0.30508022748312474,-0.13981851575566545,-0.23791898640020087,0.006710984746454634,-0.1478702062971025,-0.2508148047497163,-0.7756113798566928,-1.312138785693544,-1.2414940621958703,-0.5877268541046431,-0.07687566863796394,0.19612870315422692,0.38221915924968897,1.3532962880959207,0.19297300013693552,-0.05189347356072899,0.012054940505353898
89,2020-12-02,-0.6251515866934233,1.223401713520126,1.3132682195832233,-0.1470512178124946,0.2812326244704232,-0.5035856715645457,-0.22825272657165552,0.9332212032416214,0.4614952940129742,1.0399948751874268,-0.10833043823196749,-0.09662614394920932,0.04383866388241532,-0.9215134795717346,-0.9070413269620083,-1.2815201823471365,0.4884690489489211,1.2973333537087532,0.5100277535814939,0.40607873479077955,1.3591438250213976,0.3420638010422352,0.229292137058394,-0.007215511790708265
90,2020-12-03,-0.5897185140221827,0.6027606715937437,0.6262979710908806,-0.09376046496889995,0.30483962003207066,-0.7792787314435864,-0.22909395540042793,0.19426928143853214,0.45520463748184475,1.3446157989983583,-0.18456048924970117,-0.09066910631827782,0.127391652522232,-1.0564558703678444,-0.5708153673924223,-1.261674722874886,0.8369543392868328,1.2238192592314834,0.3607610722594369,0.15028274286240256,1.359199070503821,0.37457994732884053,0.23781507614104216,0.0004387889495589335
91,2020-12-04,-0.6818707011727104,0.6471093816354391,0.6728512624352257,-0.03076748684383557,0.3280902119513894,-0.38274152254179783,0.07019486391592712,0.2215262267874351,0.05158285625971648,0.5224083241929949,-0.311917496991254,-0.05506226775157323,-0.04890881586059935,-0.8860958353066436,-1.083685670229752,-1.2704314645127297,1.0250578041455356,0.913896231217872,0.3344198932026033,0.2120556268015121,1.3596562250008715,0.40555887978037297,0.24177952790466106,-0.01882043816336655
92,2020-12-07,-0.5639132817995046,-0.7828400078609242,-1.1554781028689927,0.010441416688106693,0.3410767533182523,-0.2153544969630022,-0.041322347279670026,-0.9368939505407649,-0.4493392235105105,-0.6767158853977102,-0.11354444327252035,-0.05932696514644875,-0.28884272619373785,-0.5475297961823896,-0.9342298801915506,-1.276301808012277,-0.0715686528102651,-0.8554000629371542,-0.08045367694252584,-0.0181121025338524,1.3559834496384415,0.25937881490015413,-0.08395173657169187,-0.009206307305021463
93,2020-12-08,-0.6301292457008434,-1.2834135594238076,-1.1554781028689927,-0.04525604184033783,0.3433087105359393,-0.09786614365111639,-0.3086330754806999,-1.211437182830883,-0.907439050788981,-1.1695841204223936,-0.10339502151732972,-0.07144412123663609,-0.4584261946923284,-0.45579132922345084,-0.5466301739464734,-1.2367430578149519,-0.8107010829447635,-1.5342130914302328,-0.2011840809530131,-0.06108630418373446,1.3455878200029905,0.10098921813535931,-0.3672042366804808,-0.02651583918957595
94,2020-12-09,-0.499203714703043,-1.2834135594238076,-1.1554781028689927,-0.2288908920824429,0.3266240286601652,-0.4295052342037011,-0.5490371869312161,-1.084713018792656,-1.7615536784604375,-1.4095508791335825,-0.016260047294886233,-0.09953696915523044,-0.6221575305081696,0.4650189093830408,0.525118674613522,-1.057016943638209,-1.4315607123306706,-1.6706073019911352,-0.5941066685507809,-0.14629475068745643,1.3114032260370112,-0.20856603486001915,-0.8744513762194746,-0.01071272471401106
95,2020-12-10,-0.6196499635799589,-1.2834135594238076,-1.1554781028689927,-0.48059253588827333,0.29520132118685405,-0.42462938562529357,-0.6405540831779225,-1.0846349261491526,-1.7394234504147514,-1.0196788853577485,-0.06981614935358986,-0.11239875494928722,-0.7422857297627717,0.5850341070137929,0.7938731590955981,-0.7903020788031145,-1.4399528267741668,-1.1324637376052253,-0.5677654894939475,-0.12660992195637133,1.2776980190894685,-0.45517976939755467,-1.1633956195074693,-0.04208127455429669
96,2020-12-11,-0.5012340756139644,-1.2834135594238076,-1.1554781028689927,-0.761196664792023,0.23775619036237663,-0.6753168352627466,-0.6442420645826199,-1.1156712265202144,-1.8078014676835148,-1.0571464527826522,0.3077010928717555,-0.16682441694097527,-0.9072446154187281,1.5793091478394798,1.4601244652476022,-0.42624413771408365,-1.4020326398301277,-0.8242986360815958,-1.0814184811022025,-0.40544473456275154,1.2077202714256066,-0.9142090741257147,-1.7889090899364015,0.006086446056402253
97,2020-12-14,-0.6152617641918385,-1.0136479271436245,-0.5755436405875464,-1.0191264296102764,0.1720593340463451,-0.5166371643141462,-0.6104169982736704,-0.8821343004996544,-1.3855146831804153,-0.8845704875845392,0.07873115123438514,-0.23675191549496988,-0.9787454154747379,1.3253650959234482,1.496093338299018,-0.03820573305845337,-1.3060518545587154,-0.7003791498868825,-0.6006919633149893,-0.46593300827415757,1.1563762148495704,-1.0774384604200407,-1.740155383891337,-0.00462231695151292
98,2020-12-15,-0.6552140272777106,-1.0914623690625704,-0.5280115094526908,-1.2015493612143517,0.10460790209199079,-0.803472418350764,-0.6029939443566177,-0.9816901476793894,-0.9598835473455892,-0.5641417319632206,-0.15817529911131464,-0.32617517356837994,-1.0378735102644996,1.0107672636811278,1.496093338299017,0.3303909975266149,-1.232196610866471,-0.6499901545061879,-0.3899625308603206,-0.5116053242974876,1.11022161125206,-1.1431518481780294,-1.5201100335660689,-0.05462279566039192
99,2020-12-16,-0.3315352007688914,-1.2834135594238076,-1.1554781028689927,-1.3447291406995463,0.016759617473546984,-0.8741835632196374,-0.622914371994753,-1.1792135391915628,-1.1057652110797902,-1.0716717201041774,0.2749411827371434,-0.4878275129168208,-1.1527908653814078,2.17080186859965,1.9616608798291177,0.7112018939366691,-1.2496820476455939,-0.7434278461904735,-1.074833186337994,-1.0453126372629093,1.027570528191933,-1.5470243789306148,-1.971879845040825,-0.022396769499864973
100,2020-12-17,-0.1916367844550837,-1.2834135594238076,-1.1554781028689927,-1.451261154825898,-0.08636480658421651,-0.9898713811064638,-0.6349305175750025,-0.8958759311616643,-1.1589249719239694,-1.2090173534154385,0.4950096693069568,-0.6628831869348635,-1.2332245243475144,2.7588551817567133,2.1575079386456806,1.0891261547163542,-1.2202539218505404,-0.7245697910018103,-1.0989792671400915,-1.1619340578192723,0.9459168730259115,-1.8722089005074092,-2.187208230579736,-0.022640466325711175
101,2020-12-18,-0.44451496113467714,-1.2834135594238076,-1.1554781028689927,-1.531024169823868,-0.20044512364106862,-1.0354584552982178,-0.6397563126250213,-1.1029225702024885,-0.9756385549295642,-0.8732916978165056,0.648940136253643,-0.8533053102963283,-1.297436891243464,2.2372009478895887,2.1914925188725674,1.4385387474932185,-1.2582188168685695,-0.7831393863426049,-1.0858086776116747,-1.3358701340188461,0.8622272757943303,-2.1335309307767134,-2.2409076474163667,0.010451656175796088
102,2020-12-21,-0.5798941870338534,-0.9759043879508862,0.846748461060992,-1.5963047080183013,-0.3075374148362341,-0.9979941570364536,-0.5725718998651134,-0.9538336162633345,-0.7996643002206442,-0.6228784219621434,0.3928104130857236,-0.9939049371081845,-1.3319261534257547,1.78395612592571,2.1914925188725674,1.7448810939195123,-1.0708876184455136,-0.5145180857709598,-0.561180194729739,-1.1145747788601792,0.80236707259481,-2.095530633841218,-1.7281632045053428,-0.030863305094898312
103,2020-12-22,-0.42670018152917355,-1.1870771928013482,0.16661829827876412,-1.632319314392222,-0.4146572165643275,-1.1551153542584836,-0.6315688472031008,-1.1298381584332609,-0.7457851942548234,-0.6255193930320764,0.5387351740221994,-1.151698740718413,-1.379019979880459,1.7403692598284928,2.2691855629014115,2.0129561493663948,-1.1843747776356452,-0.7355683747744646,-0.7719096271844077,-1.2789223665361096,0.7335468354794238,-2.185818416535145,-1.5561396456905403,-0.005237779031748528
104,2020-12-23,-0.35092187269252767,-1.2232264284902579,0.18912548911763694,-1.6388696029460832,-0.5147680719163773,-1.2063052317836322,-0.6388857635018084,-0.781269431427103,-0.7433098173884168,-1.0041000317823467,0.813505856406719,-1.2799781306117575,-1.4234923289088819,2.0487878064154352,2.377711338794565,2.25179678287797,-0.8573275816481393,-0.30249532881904334,-0.4316693977003071,-1.1174811080642337,0.6706283066554412,-2.158726221628492,-1.200600134620053,-0.03458801128732971
105,2020-12-24,-0.47235055426827655,-1.2834135594238076,-0.6160260695604665,-1.6297633628937351,-0.6160834965958953,-1.314604606559341,-0.6357948328745994,-1.1600779978226867,-0.7161084746716336,-1.0793153132108064,0.7994367093338898,-1.4351318834537288,-1.4527320491839084,1.4951036208392159,2.3813709534970875,2.456635201015643,-0.9984862686000295,-0.5886768030946854,-0.7938606097317692,-1.2983938836108242,0.5962666686872732,-2.2709187990749933,-1.174756324972233,-0.010064786616140709
106,2020-12-25,-0.4954704704474779,-1.2834135594238076,-0.8053489510000498,-1.6147675958587728,-0.7129879270462752,-1.4557200088539315,-0.6272392905632228,-1.1634657614700294,-0.6942970372308331,-0.9047803948489872,0.5890624908950963,-1.5485863728791893,-1.472791578616024,1.3394309224609808,2.407033356000195,2.6302826095621845,-0.994720273730003,-0.6585250452610661,-0.6797155004854902,-1.0547977410151,0.5270400719785429,-2.2854847587761955,-0.9728335227404767,-0.012213004376233762
107,2020-12-28,-0.42054360328315393,-1.2834135594238076,-1.1554781028689927,-1.5992173875512377,-0.8028966267881849,-1.4689977708885278,-0.6280326498115693,-0.9317678704028145,-0.7412548512145306,-0.9340540820091267,0.5408665801069568,-1.6799119751974394,-1.493494891283595,1.7482104343609033,2.480387261225658,2.782069078925671,-1.1645981542370458,-0.843422670774593,-0.6489841249191843,-1.1949825298153922,0.46546583912161155,-2.2544752131064127,-0.7266825165258058,0.011056266248410147
108,2020-12-29,-0.4889209191219251,-0.6942288191919362,1.3132682195832233,-1.5668815163785805,-0.8746072447747548,-1.4385456211742762,-0.6005953857127709,-0.7694775166085553,-0.5104709173990747,-0.31077536015431245,0.5307554087308078,-1.7905910266357585,-0.8547714318626305,1.2220560166252075,1.2628139122338873,2.773735536535155,-0.7967766125902159,-0.2555876563654232,-0.11777034727304007,-1.0750328939588956,0.42138018271530947,-2.0364847437757105,-0.18262408317880416,-0.00871845103988116
109,2020-12-30,-0.6003942826828337,-0.6558807483536168,0.9560079749763818,-1.520066868956238,-0.9302395067188063,-1.4401258471830565,-0.5908911289519103,-0.8607142827707648,-0.5144512818193835,-0.40611065850491057,0.26981707381341485,-1.8400073615287087,-0.9308831724483728,0.8919185890618092,1.2628139122338873,2.6843883997714144,-0.4456600702801973,0.16136602794610805,-0.08923406996147037,-0.7128298002805521,0.3887452746424772,-1.8517444184046679,0.19089242978670087,0.0330157732278384
110,2020-12-31,-0.5146606558313476,1.4440780688230503,1.3132682195832233,-1.4481900624994601,-0.9537044235318147,-1.3258799593637596,-0.4437182407678358,-0.24402171319882768,-0.23236916004989344,0.8850959369117856,0.2665065416054041,-1.8313425795200828,-0.3705363790186391,0.4951668080567906,0.16407317238293948,2.437755207285487,0.5750519487543809,1.3154311291556517,0.7185620877814265,-0.25286504276793215,0.3793761343151163,-1.4037737865337105,0.9784033239965346,0.022341057653737537
111,2021-01-04,-0.5345057963477725,1.4440780688230503,1.3132682195832233,-1.3314492581888218,-0.9407207106824578,-1.217430185711154,-0.21278226853973162,0.1270721463097884,0.19611396233673087,1.9799440895036915,0.23225194111193928,-1.7764430622622966,0.3957328223227229,0.16217494301157276,-1.0259038790233632,1.9975270987225529,1.312956980988005,1.8051317274187715,1.0873385945770968,0.13971840871712096,0.389987955348623,-0.8867482074118791,1.736615334903356,-0.016147344159805108
112,2021-01-05,-0.5052293019225516,1.148739575418312,0.9093764645013485,-1.196739924427065,-0.9080865211140798,-1.2332571510934238,-0.2065446063124174,-0.12848563201363386,0.1945545073903583,1.078817011473744,0.20484826071716974,-1.7470640357642975,0.139114224815725,-0.023586123964769747,-0.9198241062780077,1.5063620771079114,1.73064685242795,1.6851360994441489,0.6131973715540922,-0.09455934031476372,0.3990757462420685,-0.6280896667780743,1.863516113060188,-0.0316491134025175
113,2021-01-06,-0.5428892220444801,0.640204274385112,0.08923452941220533,-1.068784603294217,-0.874514112435052,-1.3013670271983033,-0.11137225665298045,-0.44575553289271036,-0.17600866765715115,-0.07367329357956201,0.24613766585546218,-1.7089525336482276,-0.10254013943556856,0.3792355155541396,-0.27810029217031834,1.1012863814007814,0.6843515357136467,-0.26326122202539914,-0.11777034727304007,-0.10138623206260004,0.4063759552807524,-0.6434855386020027,1.4562436623474646,-0.058454325080887666
114,2021-01-07,-0.4371139681368025,-0.07004756448495623,-0.6749391308453722,-0.9964983647119764,-0.8632494786872541,-1.3991538331558728,-0.4426888903851163,-1.177875098183996,-1.0676150343673283,-1.3457198905945595,0.49409117811005565,-1.7106448738842883,-0.3576401929383763,1.4613175872742215,0.6696400922971157,0.8795096714987696,-0.4685402974506522,-1.6409611788152783,-1.1472714287442864,-0.5514539428498618,0.3883033434051151,-0.9946901931547578,0.5069831486991603,0.019766494254315686
115,2021-01-08,-0.556643279828141,0.5872385848681215,-0.3532083428188245,-0.9851264348569079,-0.8535809070972105,-1.3734883211899487,-0.27387999594522017,-0.46524325564403596,-0.9816248920974373,-0.8320781627666534,0.711417692749951,-1.6749703417081416,-0.568932419278609,1.2397194083980587,0.8484051280128974,0.7894092263711551,-0.9600537990059168,-1.447283358859138,-0.6314233388812953,-0.09149820413483924,0.3898522553691093,-1.0088140304823734,0.37337887422028193,-0.07274231023207986
116,2021-01-11,-0.31286897949106596,-0.15505339436038623,-1.1554781028689927,-1.0369675850149274,-0.8720499846847942,-1.3988601022401763,-0.5157036639275124,-1.200525125054266,-1.5050720091748695,-0.8980519273351508,1.071755335351468,-1.707327887021609,-0.7663293626060602,1.4246554815282482,1.2014305721038347,0.8134447070113018,-1.1792804940870896,-1.0925522964615817,-1.6718999116262223,-0.6197033482080211,0.34635346134148715,-1.4175607125227503,-0.46613777732134115,0.0022642739740296952
117,2021-01-12,-0.5138092141590257,-0.0879795931654397,-1.0513389735035503,-1.1196856738363068,-0.9018107659857019,-1.3391910300934133,-0.5074805070930039,-1.039012999255476,-1.384510587517793,-0.8985214193876768,0.8163992441273888,-1.7257405487899415,-0.8625699573964992,1.1797716000161749,1.259708166689571,0.900287746255427,-1.1221951228896592,-0.72430228796034,-1.092393972375883,-0.500621962869486,0.3226936281255733,-1.5644537836816812,-0.6516093056746017,-0.03418012648874838
118,2021-01-13,-0.46200226317390314,-0.37839816027962664,-1.1554781028689927,-1.1941751436612087,-0.9466832110966723,-1.3490019762249308,-0.5134260261417047,-1.1345867367113311,-1.2708073326416973,-0.8534874312238546,0.7100935128019892,-1.7780677088889152,-0.9592312346837637,1.4057765696424085,1.4890802920352362,1.0378150029514792,-1.4295780503729163,-1.0938302680350507,-1.1933684920937453,-0.867058608740453,0.2948701217064432,-1.7697345495160355,-0.9083856391278986,0.033533714055121525
119,2021-01-14,-0.39552431721954223,0.5888868748603544,1.3132682195832233,-1.2518420772317875,-0.9799652199330557,-1.2099856750321907,-0.3156668154298369,-0.5862905002867833,-0.7579950696076521,-0.4031495879070591,0.7894010363223339,-1.7955326601250539,-0.6367982334070356,0.8801361756058113,0.7795994324405862,1.1103920587326004,-1.0803385836996666,-0.49825104768857453,-0.08923406996147037,-0.5253096812934551,0.27267849950190126,-1.5872255113364955,-0.3938592896631318,0.03213255608988826
120,2021-01-15,-0.40842693333088126,1.4440780688230503,1.3132682195832233,-1.2588805679926174,-0.9852920149918872,-1.0484871502685935,0.06857194994559912,-0.04336971716051361,-0.3152589166109738,0.3884620173639134,0.7927953231572139,-1.820782376447067,-0.2950244799959711,0.4594946126323049,0.03422908416801586,1.0602980788262404,-0.3998667272162905,0.44803408376421067,0.6900258104698569,-0.5326021830449564,0.2644505462084014,-1.180370374804864,0.43426937256678605,-0.002507838304964
121,2021-01-18,-0.5038538961441855,1.4042011198621707,1.2472707082708263,-1.2109425414538912,-0.9689489107121366,-1.0667519872296234,-0.21789888927575782,-0.08637334354675372,-0.06658727071766717,1.246052996745805,0.6690860537169175,-1.875614200095411,-0.018051209250436698,0.14177746160254348,-0.5783704143587539,0.8829905845634803,0.4724624062197675,1.2663757887557667,0.7975856249519274,-0.7351556374681468,0.25440472022849603,-0.8748929305735529,0.9085605265916611,0.02938204249110799
122,2021-01-19,-0.5070631762937063,1.4440780688230503,1.3132682195832233,-1.0993787629045135,-0.9214423824992702,-0.9316351098073972,0.37813732205010037,0.42429471978983685,0.17564666534017523,1.4067272220664468,0.5448336983830396,-1.8750726512198705,-0.022142961793367933,-0.13085801074483927,-0.8303508287436142,0.6269875630679835,1.3444138891970836,1.8726293576394648,1.2300199811349455,-0.36014688454671445,0.2617308439885367,-0.4370874280884637,1.533665828631463,-0.015356567136603352
123,2021-01-20,-0.5658126516839149,1.1811802238929952,0.9283603585217526,-0.9538620627923747,-0.8593029707855496,-1.0165693706106846,-0.05230424482436958,0.15552205487584236,0.18139116255312007,1.0071898227473643,0.43278934422511917,-1.8526660664944352,-0.14863881158451944,-0.3690641879226809,-0.9206652884186067,0.341601355463626,1.5845862217679518,1.507154368584308,0.7185620877814265,-0.2217487223523102,0.25996564551288825,-0.2299946279851276,1.6054226303684853,0.011692440899712282
124,2021-01-21,-0.5905699556945045,1.4440780688230503,1.1948944192273458,-0.7925818529524478,-0.781259784000769,-0.9389653910411762,0.545669680482788,0.3597892802104759,0.30262232159543956,0.9568847178713923,0.31470830364443647,-1.7622274042793928,-0.31927930131100757,-0.5734221004256015,-0.9206652884186064,0.06452055964898123,1.7685872032782828,1.3178320717897136,0.6549042383940786,0.40055629887916466,0.26315874282320545,0.005431628745136208,1.715430277077088,-0.03422860592212531
125,2021-01-22,-0.5603765240837061,0.8686965511512944,-1.1554781028689927,-0.6663425856721621,-0.7093286261416218,-0.8946176642503842,-0.10353832504947148,-0.2119773584327191,-0.004538106020755483,-0.49489743085033644,0.3466681700880909,-1.728380599558196,-0.4951245082062165,-0.20357746795773415,-0.21227997615098348,-0.10624404802181595,0.762620071490303,-0.2776709765024026,-0.17045270538670726,-0.0823034584319377,0.2525395940162995,-0.049842843944543795,1.2637387621828304,-0.04301390645378391
126,2021-01-25,-0.5538924682714088,0.26964229390434286,-1.1554781028689927,-0.6195747986161995,-0.6608419223730714,-0.8149489764227246,-0.4426820241364255,-0.908960094297437,-0.5135448453777242,-1.4769857482156097,0.4575727350060499,-1.651142191184418,-0.6606453626698652,0.304036984805896,0.48446185623265614,-0.13067189618050343,-0.2290416483539076,-1.34894743068277,-0.8970302277043674,0.18031910846182866,0.22697438936261025,-0.3246154368700049,0.49487843457012604,0.0636913348815715
127,2021-01-26,-0.1787341683437447,1.4440780688230503,1.1530227612391282,-0.6019178659421848,-0.5960367985523278,-0.47152711275356035,0.1380207434750206,0.6996323955169701,0.11782874357533696,-0.2607616248044508,0.8181094895930451,-1.5160257467373952,-0.4171356204835496,-0.13568235679167415,-0.2737624757429922,-0.16349437976942488,-0.3679620723720028,-0.7376877498710894,0.42661401990152087,0.7483430354392446,0.22320844229477194,-0.05266067884529025,0.8948115568052943,0.009873576046360582
128,2021-01-27,-0.07439981572768865,1.4440780688230503,1.3132682195832233,-0.5415104259681786,-0.5159803106414826,-0.23839684913756434,0.4988820745260412,0.922012827453295,1.5313814595405586,1.3169307237135097,1.0401659263358372,-1.3400900557966045,0.9152747184058647,-0.46980840868720786,-0.6937596714398923,-0.24503172474442725,0.1541635096617473,0.4586273054528373,0.6746601226867038,1.1777420128893383,0.2231820311473029,0.20211308536942726,1.1828608464314445,-0.03690224843427993
129,2021-01-28,-0.4791620876468514,0.9501436941123125,0.2118905419641805,-0.47793384526037047,-0.4452568001062844,-0.2172689221893377,0.34498528617272917,0.028221547221121936,0.38885076245023825,0.020099220249930834,0.8922674760414567,-1.2277186641222246,0.6017613594180833,-0.010207256519993895,-1.3890191126109204,-0.42275503896963296,0.555216867238602,0.8713414859602487,-0.032161515338330914,0.5001022777775347,0.21567609179440725,0.1338069878567413,0.8134894804317188,-0.009603146783199727
130,2021-01-29,-0.4937020915895786,0.8306523895060389,-0.04118528323502377,-0.3926890050564355,-0.38561119507017505,-0.15687406043779334,-0.026927905877130016,-0.19901352402434633,0.08085707811583098,-0.2281079217537728,0.9541039117501352,-1.1510894982334328,0.27474022412774474,0.10750904212154506,-0.9483323451189193,-0.585612772723368,-0.08006144494869863,-0.4012618964236795,-0.058502694395164485,0.12052857032957469,0.21634595036759366,0.050113487921024054,0.4894250542408938,0.03228128403076001
131,2021-02-01,-0.48132343958428386,1.4440780688230503,1.0873943158311847,-0.30764692525532933,-0.31734518048592764,0.11702837804830339,0.3234145165856339,0.5735857182102436,0.3251053529407535,0.2080712793091112,0.8581846565726504,-1.046164403597715,0.032040662000266236,-0.17926651016984607,-0.948332345118919,-0.7275915177668644,-0.2104215598474985,-0.49105986863262197,0.5912463890067309,0.4358211954475587,0.24257057918318572,0.22611601483328042,0.7123096643640938,0.02945901889227894
132,2021-02-02,-0.35092187269252767,1.4440780688230503,1.3132682195832233,-0.23548490463224714,-0.22973005302627003,0.494571791155374,1.0612030977845555,1.2936988556311724,1.2365156278843499,1.0084913049126156,0.9616044483748453,-0.945165538309659,0.7098061128431178,-0.4741599426452862,-0.8598471123015565,-0.8374021883517707,0.18831684669327112,0.3830052032916498,0.9227062254718869,0.43653106266376374,0.2703316349248711,0.5392814281296895,1.1452657847639465,-0.04736994545880916
133,2021-02-03,-0.45492874774230607,0.5107228976022438,-0.6167376550300725,-0.14787351944060764,-0.15634554629293668,0.5190246622241615,0.1037550257444573,0.048371352463460436,0.4411727628616607,0.16030866963232546,1.2719047398513579,-0.8700256318285975,0.3006014160181714,-0.4257922728820563,-1.317169700242938,-0.973134515914537,0.24580087860410194,0.3558338520891135,-0.04533210486674772,0.1459718384867456,0.2853398173924529,0.42109712400458843,0.6908125282246311,-0.03385782053472898
134,2021-02-04,-0.4301714437317165,-0.048265447367602084,-1.1554781028689927,-0.11214860484198134,-0.1100582527474768,0.17164162881376457,-0.3989459462277863,-0.7794484554716425,-1.0108305531212205,-1.2916304162768413,1.162995198616907,-0.8413912350344604,0.04957167986750259,-0.08187078604865453,-0.8704377780000294,-1.0609018720646743,-0.2345043891092009,-0.5085523923881821,-0.5370341139276414,-0.25174163423946794,0.2738852196181647,0.1438808684791312,0.032000689199022186,-0.03878787801080372
135,2021-02-05,-0.468813796552478,-0.6062157420528328,-1.1554781028689927,-0.15368700565575577,-0.09917182815812345,0.10064594747410154,-0.4014494096862428,-1.2227544097617862,-1.4064326747773104,-1.17284288478705,1.177007324755906,-0.8109291107853829,-0.18909295762530942,0.12936156322239556,-0.3673679739938576,-1.0606030602632577,-1.046645077829041,-1.487141925338394,-1.1187351514327168,-0.2905617319952986,0.24952847118817176,-0.2393780420240757,-0.6919212491954329,-0.024854575927340795
136,2021-02-08,-0.48649758513147057,-0.9277315131907399,-1.1554781028689927,-0.3285272968811582,-0.11984188095886518,-0.13959827546115156,-0.4031661620410067,-1.0220934687951138,-1.580604174809201,-0.9896976340053208,1.2419475227030894,-0.7577896273731022,-0.4016558797481205,0.46586930156532946,0.18870459740724713,-0.9530220175146902,-1.349067809871821,-1.3925187108701582,-1.355805762944219,-0.1348864168505511,0.21438978682735704,-0.5814430315331439,-1.194580623648933,0.013884291071293832
137,2021-02-09,-0.5406623745937922,-0.5791476329796953,-0.7558421002840146,-0.5559454009053068,-0.14997476191542639,-0.14247069351716954,-0.42759583118828043,-0.7900644087048038,-1.121424727105578,-0.6350179536201215,0.9936410211538641,-0.7571126912786799,-0.5386715920856399,0.17493377935068893,0.1887045974072474,-0.799487268588888,-1.3060435099452967,-0.8808537111788569,-0.7192272690707405,-0.5552038417373564,0.19105451082003402,-0.6584570888521165,-1.1046303743287653,0.026196429122550168
138,2021-02-10,-0.555529856102797,0.07684906013909565,0.9068244864276866,-0.7250416828967791,-0.16932020215507043,0.06756629722917018,-0.5118323504113301,-0.3434084680309591,-0.623454037672441,-0.2235554630233949,0.7539077927693207,-0.7461463265490106,-0.5147243554550939,-0.07425387050194442,-0.05765100595814872,-0.6626740166997873,-0.7221284839482677,0.05059126286888503,0.2356404717394773,-0.4197561424817475,0.18947596185031657,-0.49752105973235555,-0.5909062394894423,0.012016165942486398
139,2021-02-18,-0.5607040016499838,0.3771847488272196,1.3132682195832233,-0.7985187874974231,-0.17246083155938488,0.28142618875380765,-0.3485668848925633,-0.1345823139496815,-0.08977943720412102,0.8023969858092366,0.5431575052254557,-0.6817697039692893,0.04440612310594192,-0.29403402914170496,-1.0880938462482368,-0.661145797104365,0.031426492319359005,0.8637006230940991,0.6746601226867038,-0.0003320490679269238,0.1832094458217548,-0.2822523075418601,-0.07905603922605063,0.03808434213996484
140,2021-02-19,-0.5250744424389765,1.2766607633251579,1.3132682195832233,-0.7481498608244183,-0.1438192080250943,0.619818161147907,0.04497115220993316,0.5441026868144708,0.37381829652547205,1.609447690612092,0.5009819740985618,-0.5777923198657652,0.39687825974583957,-0.5230712729622887,-1.0946035286405067,-0.7294954997318852,1.0977401992143254,1.8321619136467944,1.436359217080142,0.42877041752247474,0.18229722389579506,0.11920086573161803,0.6760830101897167,0.0015956601438927357
141,2021-02-22,-0.5188523686797014,1.320540727903251,1.3132682195832233,-0.5914821433499382,-0.09384078724810802,0.6416293325233571,1.2410182347327043,0.5731063193257601,0.6672952601861883,1.3792831507176098,0.35345932017966925,-0.5068494171701358,0.598768287541434,-0.700544976728988,-0.6623681314509111,-0.779433600935932,1.5782659685683416,1.7763389417534377,1.2124591950970565,0.15031266683905753,0.1816193481367677,0.3904191076851576,1.0384078455006671,-0.003193870488876489
142,2021-02-23,-0.579959682547109,1.2366954365531264,1.1660279683780153,-0.38443717476984257,-0.03288848973850585,0.86499637763978,2.2821813597494223,0.7947472893863409,0.5769280899627384,0.8656370394099394,0.2512442844080789,-0.4768611481871527,0.3473672384447892,-0.5216362874409208,-1.1477767924535218,-0.8703499516866615,1.739844477986256,1.3794650617757047,0.808561116225608,-0.1367617170897807,0.18398379395796882,0.5408525588640927,1.1040258767086875,0.011766712324226917
143,2021-02-24,-0.4902963249002912,1.4440780688230503,1.3132682195832233,-0.1403293932758784,0.03946155927027008,0.879779269394461,2.4227704907533356,1.0436357087052284,0.9622089755082895,1.1282699595767485,0.18527534315433172,-0.3878440517704021,0.6554153613187498,-0.7098182854404606,-0.5989278843512169,-0.9131872057870231,1.4572295746439226,0.7197347253227014,0.7536836598572048,0.39013375339490697,0.1850983277775395,0.706140782009244,1.184098785134513,-0.027890892680114184
144,2021-02-25,-0.5652886875778707,0.7147561897656236,-0.9830351352182212,0.07355534412172791,0.10206456213717481,0.9777699950221314,0.5444857009364582,0.45841158760405776,0.668199700321744,0.48211635833254735,0.29685229873199176,-0.2946976451776628,0.33663334568999476,-0.5490163610800814,-1.1237197979983862,-0.9868635300715496,0.7209430853570388,-0.2735336814563571,0.02052084277533628,0.445048995580708,0.18642444415002093,0.6239043121095004,0.7886175330476485,0.011314166272102319
145,2021-02-26,-0.572886167115512,1.0598626683956074,-0.26016410693447867,0.22703503008304915,0.16240912671241303,0.8622698691395222,0.5281770940025614,0.6938465788516543,0.5480970276319823,-0.5392601060531396,0.23756484197698594,-0.15592574582074706,0.10292817040454086,-0.5213757768979672,-1.423081321366739,-1.1038391940285557,0.18597732278646242,-0.6187067801301384,0.15442183631424042,0.9193101609029453,0.18583125637633943,0.6408972725258666,0.6564559720935834,0.030391702795517853
146,2021-03-01,-0.5082420955323058,1.4440780688230503,1.3132682195832233,0.39677798935724173,0.23518149028280572,0.7972690597432529,0.5507110293897198,1.3396111262736383,1.2046567716605128,1.3064620111849146,0.20593796393650743,0.021296123699449748,0.47390350626421607,-0.7190822360149344,-0.7529359045565853,-1.1581868172780516,0.35863332565846306,0.1398226914879426,0.7383179720740517,1.4705632696437059,0.19064323316540743,0.8397258595800338,0.8883119001992034,-0.009713377326128578
147,2021-03-02,-0.6007872557623669,1.198784525053338,0.4816166761898142,0.5513021650842773,0.3072361989873795,0.8895609446755419,-0.03427240921509604,1.8212247231290828,1.264744943963259,1.0614652304661865,0.1490302867770747,0.17827760399637002,0.37364679478286755,-0.8872530607769623,-0.597869759092864,-1.158750979983556,0.8855793062367633,1.0322480485671761,0.47271108325097966,1.2313725247724623,0.19191879158920416,0.8844480085045189,0.7876918229925203,0.026411353422292824
148,2021-03-03,-0.49396407364260075,1.4440780688230503,1.3132682195832233,0.7324242545809658,0.3896280303463668,0.898387654737644,0.6617523072011651,2.3473240539760423,1.3802519363905554,1.4237103285884116,0.17303772944903711,0.33092669328897495,0.3220837063323989,-1.049245782931585,-0.37611399819701147,-1.106954106065582,1.6756674022141127,1.8676833076216515,0.9051454394339977,1.2335256695048538,0.19165602889995925,1.0672206958441135,0.963492155335563,-0.007695897610936821
149,2021-03-04,-0.563454813206716,1.2565232727602367,0.7068967519290965,0.9541016008181727,0.4697641131985331,0.8960592147167155,-0.05781661981625072,2.0114868969952755,1.448438642484126,1.368402561444946,-0.006875217193804165,0.4498643650792664,0.28196989692286073,-1.1584421270084164,-0.21307359022007652,-1.0143824193645596,1.5658341017412558,1.179564280128891,0.6461238453751341,1.0379597949613315,0.1900851798878552,1.1042988324463259,0.8336446098336245,0.017764632559203245
150,2021-03-05,-0.5253364244919987,1.4440780688230503,1.3132682195832233,1.1643519204661081,0.5536575688833226,0.9399791075806234,0.6050018962565746,2.2282469479699616,1.5979011214307095,1.3488424032374444,-0.07811137263586403,0.5390845423243462,0.3398981313573525,-1.2691711705988762,0.06515441457606913,-0.8773551712198107,1.8585541234130512,1.3187957605985245,0.7888052319329829,0.8403601630117726,0.18671846480547827,1.2185182982514957,0.872982563303811,-0.034592701839853364
151,2021-03-08,-0.47326749145385394,0.3710062539279283,-1.1554781028689927,1.335133201415535,0.6159217576296365,0.8553005405536017,-0.11327882162490097,1.2208370007902554,1.1239129621619957,0.35924011500180936,0.05769736884549181,0.5905316855005673,0.05848018455860781,-0.9858249580511328,-0.7786243118842968,-0.8234794435975322,0.8939607062477822,-0.12055874469097255,-0.05411249788569226,0.49823641981381506,0.18705185205819147,1.0326445242990128,0.34731771944339784,-0.03876826995231969
152,2021-03-09,-0.5168875032820356,-0.8696834350396204,-1.1554781028689927,1.376678571949799,0.6407799590154095,0.8208591711720815,-0.4067916750175202,-0.38269520661443335,-0.35174640504276433,-1.4711574177301752,0.1252563348854112,0.6152398529470412,-0.17124546304234708,-0.03619544440688827,-0.5409096782633285,-0.7897614245030717,-0.06501981174280223,-1.206276835389935,-0.7192272690707405,0.173771324666132,0.18945205446068614,0.6554761772376498,-0.42836024825114233,-0.009189431256831436
153,2021-03-10,-0.5756369786722442,-1.2834135594238076,-1.1554781028689927,1.2897225549224152,0.6365903555629914,0.31904224431175915,-0.4145982571810979,-1.0610306137831143,-0.9572934076285526,-1.018304624422961,-0.0387790978992962,0.612125946912691,-0.3205696977211376,-0.02417962585550361,-0.3173372751263818,-0.7440022269385093,-1.1557053862286524,-1.9721982154626465,-0.7565439394012548,-0.01203109550575405,0.1844620758190486,0.36619713612951016,-0.8857325800794733,0.010169023171900929
154,2021-03-11,-0.6201739276860031,-0.8996715390406459,-0.7689656410620958,1.0993126696161868,0.6201893026509477,-0.01266343282222525,-0.4836054068681198,-0.5368363299426095,-0.7768012098646966,-0.5466776879511992,-0.10047385972755339,0.6455665899772367,-0.4710436615005588,-0.12123426097618785,-0.17307847680349944,-0.679653442684815,-1.1992567104347454,-1.204897369591365,-0.3219144849635005,0.32833016810119026,0.18541327870519975,0.2613423472649762,-0.9092393808000192,-0.022109463543818805
155,2021-03-12,-0.5831034671833744,-1.2834135594238076,-1.1554781028689927,0.8512796088694591,0.5862038934122621,0.05153491242649754,-0.47912076290624056,-1.0993751939246181,-0.7332808078984788,-0.4617500268821789,-0.0012806479730252196,0.6406926500973822,-0.35936971808349777,-0.4033899196840386,-0.6479836054764668,-0.6643434549883134,-1.2236092175663786,-0.7806482039849966,-0.5194733278897524,0.028740607620825424,0.19343145034280837,0.07558379427235741,-1.078245923479179,-0.006695706300886786
156,2021-03-15,-0.6237106854018016,-1.2834135594238076,-1.1554781028689927,0.6182619792473415,0.5404708677071262,0.1384046080457869,-0.6157296283289452,-0.8983148894315537,-0.986831493892038,-0.8598459093974289,-0.13368744924063555,0.595541012599305,-0.49297967720915453,-0.20663399315550238,-0.21890132526367506,-0.6271727078923672,-1.0882685075633973,-0.5616099760635122,-0.29776840416140304,-0.2921765634336488,0.21271668563615692,-0.056438399037065566,-1.1136874379193529,0.004357305368955626
157,2021-03-16,-0.6613051100104747,-1.122804017770344,-0.3027815880480907,0.4234633538046727,0.4929320313330102,0.02006527084622952,-0.5287062058388838,-0.7761129177839922,-0.7369352589432548,-0.7579164962666676,-0.2838615348725936,0.5615588206592202,-0.6052070162681744,-0.39773084831152,-0.21890132526367612,-0.5818828588249456,-0.9811164434230969,-0.4548224429081666,0.024911039284808548,-0.1718220714652591,0.22707978232076306,-0.0838500819070789,-0.9478270164117008,0.005336903928187641
158,2021-03-17,-0.6141483404664946,-0.9173416676513495,0.8249971807575326,0.2624288147275319,0.45038331360449896,-0.15300816299839207,-0.31344291251297024,-0.625710491140838,-0.45615271896264986,-0.1370206590274439,-0.3060216617243055,0.5057115928692427,-0.37649474045999626,-0.602491125361744,-0.8674224702191792,-0.6088926439724828,-0.5546237242407878,0.05080977284111648,0.20710419442790756,-0.3514554254901112,0.23079435384684532,-0.040800785000574886,-0.684325027557488,0.00033261267560938835
159,2021-03-18,-0.6483369983858801,-0.9038051775099222,0.9039418805699727,0.1431879177163113,0.4142669039152516,0.1214692773791591,0.07213926586672388,-0.6163103394756391,-0.25819962442032146,0.4150815700151847,-0.4090864349687088,0.4565660324140626,-0.3815521447530204,-0.7609398744037928,-1.082820254148961,-0.6947463815296778,-0.26993378621434255,0.23796821100832563,0.24661596301315797,-0.28346841449844995,0.22996188784525717,0.01279285179608911,-0.45394744406490994,0.012229535993047472
160,2021-03-19,-0.5430857085842468,-0.3923502725810438,1.3132682195832233,0.08773535146760507,0.3912342374594385,0.5821656559100132,0.19665990238210662,-0.2685047278633445,-0.08177906067454953,1.1176728289159457,-0.3524710847652137,0.40559274450393595,-0.22199915997745698,-0.9401134554029115,-1.2333612910875436,-0.8205003298730409,0.33396658108993227,0.8051697110885839,0.5407591291477999,-0.3303991118933447,0.2251799630599867,0.1427629324934159,-0.1278494278215182,0.012730708904573857
161,2021-03-22,-0.6295397860815436,0.12901441323176793,1.3132682195832233,0.10182091909180947,0.38495529645433296,1.0542546540470423,1.809572037185387,0.09810118707934093,0.19886557085313183,1.6560025178425606,-0.44308535592872983,0.40850356970995944,-0.24107863641287886,-1.0662437256009833,-1.0318278675364565,-0.9337398072424076,1.0765915606311753,1.4969878627515347,0.7185620877814265,0.07935378350607565,0.22334505642460623,0.31720158822103717,0.21558668876673234,-0.008796277599739197
162,2021-03-23,-0.5723622030094677,-0.20108826709472077,0.553078678362978,0.17241755117455024,0.3855406165404509,1.1880336949358794,1.0995416109166283,-0.15570290788098134,0.3646239305882083,1.3507750306666335,-0.43656133604191977,0.44113188946119586,0.07927591519897925,-1.1968033470028938,-0.352696866909966,-0.9551718878276635,1.326286798149202,1.3058570989567517,0.42441892164678474,0.34907916793975846,0.22006505383790323,0.3781905869751584,0.27971171682856577,-0.015166792543489637
163,2021-03-24,-0.6132314032809172,-0.7444815681805764,-0.8968806620238359,0.2348022482686177,0.3833199512135008,0.7788096844556299,0.1862792792142418,-0.5881098844800465,-0.02185089054811697,-0.011663156327826373,-0.5135181744228012,0.4632676997488599,-0.10176565569354165,-0.8451187437376436,-1.2209555782437416,-1.0254068645573908,0.6255771183144816,-0.087327754879609,0.0688130043795312,0.294640126061548,0.21303549598678942,0.32974066956819675,0.12783397619771167,-0.011359961789938958
164,2021-03-25,-0.6034725718058435,-1.0204612711755752,-1.1554781028689927,0.24833246796571415,0.37459663600368004,0.42525058964842083,-0.23149174873714595,-0.907715041096749,-0.47575983608827455,-1.0340396470734383,-0.6414566120543109,0.45243672223807635,-0.24446147941163215,-0.5924718919535967,-1.0604142281073354,-1.0967998166092952,-0.5929095125330676,-1.6297009281398878,-0.14191642807513757,0.10123885033233333,0.2042866200143811,0.2413957708077339,-0.06773485872149103,0.011359961789938974
165,2021-03-26,-0.6567859195958433,0.04406673912997526,-0.08561185009503666,0.2077986693042132,0.36906022050318765,0.3415502337658805,-0.2401789809854739,-0.17831833552737236,-0.28307554002186275,-0.6378176231403296,-0.7501285971049274,0.4778895193884197,-0.37357191315541693,-0.7139623875136123,-1.0268306357566561,-1.1591884899563027,-1.0382737367420776,-1.4839353644423376,0.10173947820057319,0.40371334004228443,0.1985717080421921,0.26950040660720637,-0.007996667681159754,-0.016075362915177336
166,2021-03-29,-0.6062888788758312,-1.0434351436002298,-1.035937796601785,0.09825257375282935,0.35853450781611385,0.016523985359939337,-0.5088461481474013,-0.8478958941364031,-0.5926504391438606,-0.6709258162819991,-0.7580507483277976,0.48134189346997874,-0.5145040322532745,-0.6267206640154256,-0.662467894657391,-1.1710194613797082,-1.2364278001330093,-1.0915114607898253,-0.1506968210940821,0.3179227243413926,0.1907236741584826,0.20193295648547224,-0.13782520217691283,-0.0173680510821209
167,2021-03-30,-0.6238416764283127,-1.2834135594238076,-1.1554781028689927,-0.048619234697531086,0.3378523618142679,-0.26307444215022635,-0.6180987052609528,-1.0104204018831655,-1.2217302358953093,-1.1046265143228307,-0.6916942674338794,0.46705854187763374,-0.6587794415575274,-0.1477226002838463,0.12919799029954507,-1.067288382121994,-1.1228268754179769,-0.6704498567745165,-0.3175242884540282,0.1222761098301603,0.17665501305781953,0.07348177802093864,-0.3547211277482086,0.0047978159203335875
168,2021-03-31,-0.6346484361154748,-0.9246467464099244,-0.45432483930819445,-0.19173217295478623,0.3156094464096472,-0.04337601125186898,-0.4975544460874594,-0.6715966069768772,-1.1667634277890668,-0.9333628362307188,-0.7429094593180081,0.4441104082766628,-0.7619610178730907,-0.23748217219059778,0.2467312399040669,-0.899881159722617,-1.011944687421283,-0.4792993643878549,-0.05630759614042839,0.11747521824098314,0.17519387877393527,0.04452760313160357,-0.3435176669392872,0.0
169,2021-04-01,-0.6842285396499095,-0.9246467464099244,-0.45432483930819445,-0.3308232646072949,0.2948330105481102,-0.25718593340266005,-0.41980013469139305,-0.6715966069768772,-0.8217374435582016,-0.4456998902258427,-0.7902028477707209,0.4277285547916024,-0.7195772919681562,-0.4392707047391853,-0.041327443002125534,-0.7459636743097245,-0.6773119860063903,-0.09641205651192923,0.04686202183216987,0.11451440009795769,0.17566680102175636,0.04884198037546689,-0.2727904890632146,0.017285636287025643
170,2021-04-02,-0.611594015449529,0.43078826581643165,1.3132682195832233,-0.4229448346165382,0.28607354258338014,0.010670409645902004,-0.07474211549690782,0.0674113638562121,-0.17998589505477744,0.45966387839507833,-0.701612859624693,0.4194699344396311,-0.18873778317859394,-0.6726315111934532,-1.2525965298561985,-0.7473619877534218,0.12846201487931666,0.8639873679618363,0.42661401990152087,0.15962875695629516,0.20157490970396286,0.17558302659313718,0.011081303395491293,0.011027680677062645
171,2021-04-06,-0.6244311360476125,1.245951526218754,1.3132682195832233,-0.4147506414473865,0.29200641563302265,-0.035314689173891675,-0.024302986932043424,0.5455929920423246,0.4161407813189401,1.4081598473335102,-0.7792898903250036,0.4064050678172476,-0.09922281437270056,-0.8219106776408649,-1.2543906392534907,-0.8280901537213556,0.996361521468552,1.6312902816904402,0.6724650244319678,0.14440756590740758,0.21671349869623252,0.3345675506634936,0.29804005483380225,0.002986562697749068
172,2021-04-07,-0.611594015449529,1.4440780688230503,1.3132682195832233,-0.31932854772146696,0.30923506005768364,-0.12751861031446948,0.9815109359204512,0.6760061633658103,0.5180376112526197,1.2799931290928737,-0.8445921323579565,0.4113467013065431,-0.18337616836732484,-0.9566070163975869,-1.1483680249165784,-0.9308100765016136,1.9058283964926372,2.2417626115945297,0.6702699261772317,0.2502520048617988,0.21787870707555035,0.4578120566403447,0.46125427049084927,-0.010324821111684373
173,2021-04-08,-0.5395489508684482,0.7330324469451357,0.3818346589211414,-0.1579073831356029,0.3280396719621673,-0.17641333179432908,0.4143592896317387,0.22680523991824977,0.6201466209402252,1.0314815367444405,-0.8083366367485806,0.4200791769246113,0.1854242361744045,-1.1060545030305644,-0.41387889563485913,-0.9539770142176993,1.724073563192531,1.265665535698366,0.34539538447628393,0.29410994399525653,0.21710140948997397,0.4736389391088582,0.39240049129345494,-0.0010048568924583853
174,2021-04-09,-0.6362858239468631,0.6635528477331079,0.29437151756527113,-0.0008588218090022824,0.34713485448434966,-0.4745976189358004,-0.09180251705591613,0.18333418281041935,0.25999332408110243,0.3627286056138292,-0.9247206440055072,0.44207959999339086,0.025560304739969262,-1.0113492949023704,-0.7733220871010633,-0.974983416858365,1.1342338952127617,0.13643374015658907,0.2510061595226302,0.388620870306086,0.2182082245204728,0.4801268158775144,0.31997922707889137,-0.02133865893591049
175,2021-04-12,-0.6011147333286445,-0.7148900679084124,-1.1554781028689927,0.0636961042350512,0.3552761188450564,-0.45139677337147466,-0.2695255650610672,-0.7295580164539804,-0.3925875780900683,-1.0996241525581165,-0.8155483315579319,0.42806702283881476,-0.21294951658463837,-0.22725773001225638,-0.6734288091289559,-0.9819676242914248,-0.050636846413499775,-1.2287034328902415,-0.20776937571722157,0.09348464027889147,0.21116008415802348,0.36008629813100573,0.027137146600960785,-0.021803943897928297
176,2021-04-13,-0.633796994443153,-1.2834135594238076,-1.1554781028689927,0.004887038361588868,0.346232558022939,-0.702424258484703,-0.46401612769378087,-1.1358196388439674,-1.1574088878031312,-1.3160140892362286,-0.7376923340179858,0.4042388723150899,-0.41247494598293516,0.273926629963103,0.06726837569826882,-0.8981431814539933,-0.7496880393962495,-1.5004682939942078,-0.5326439174181693,0.04276489849779336,0.19416454314347453,0.16884908118287087,-0.3393160622242128,0.010788341976422556
177,2021-04-14,-0.6662827690178948,-0.5146443090275774,-0.41171578348771365,-0.14408476450688176,0.33358777666402784,-0.4701038244224577,-0.49765495959181877,-0.5750413809455037,-0.8848892748798783,-0.7223754405599148,-0.8144747047850477,0.41953762804906974,-0.5387110584233893,0.023387503412612375,0.06726837569826913,-0.7748306062612036,-1.1883021333057469,-1.3594139122645703,-0.1572821158582905,0.29487537057793733,0.18473294370123935,0.13192497966544448,-0.34599010484558335,-0.0034674098540594376
178,2021-04-15,-0.6751901588206466,-0.6737914947898831,-0.28558757797964146,-0.3233513245120386,0.3187777601277442,-0.3560816026857379,-0.6187435649337419,-0.7384210475148055,-0.577276784860739,-0.37736759806392994,-0.7147091102907447,0.42955628224654646,-0.03218880329272188,-0.2977315737723199,-0.9953581941527849,-0.7606326480911294,-1.0602901198554373,-0.7181050370925933,-0.06069779264990062,0.22013163658759272,0.17473780458167465,0.10748093217597351,-0.3281596151417854,0.02740836178803373
179,2021-04-16,-0.5635203087199715,1.1771113239107054,1.3132682195832233,-0.4205501051250459,0.31853517435472156,-0.001626170315335704,-0.3942914943084611,0.6852912435247627,0.35458474497703446,0.6968976094654424,-0.5685236677684967,0.4532490455513844,0.42530699107562897,-0.5992312059804332,-0.9662426142192106,-0.7999985224524273,-0.11053097415252898,0.7519034656520345,0.5758807012235779,0.470380655675399,0.17370670908725716,0.27255237679601974,0.0379479335765174,0.05490285858121228
180,2021-04-19,-0.30193122877739276,1.4440780688230503,1.3132682195832233,-0.3159814611648053,0.3573989367619661,0.33999540506402176,0.32599420836346227,2.1924166101192872,2.127889978282734,2.109881617057723,-0.22085023824323677,0.5028684612726615,2.032201853033311,-0.9258033966901411,0.5620196099635945,-0.6920534948173702,0.884236152982275,1.7241202253082157,1.6426984530253386,0.8252007177444245,0.16572047578255555,0.7197784648665911,0.8546654514249358,-0.011906818062840208
181,2021-04-20,-0.33068375909656955,1.0787109625861693,0.9280393053299923,-0.06292806887942518,0.41216580937342184,0.0629822936886199,-0.11456248015337982,1.1735616328412328,2.1426250510455827,1.440020351746226,-0.08177866342204647,0.5382045254015947,2.2680953783922204,-1.1355963662162605,0.942902871855437,-0.4750378393573068,1.4996118540826553,1.8087630126195287,1.1488013457097086,0.6072878271599003,0.16519170795840535,0.9078435085902476,1.0268965312244753,-0.03458273159493027
182,2021-04-21,-0.404300715995783,0.17361938836235194,-0.1921682607976342,0.22807928056003993,0.455527254848281,-0.12669541406594526,-0.2677761819603542,0.11020193480304813,0.8055999512749131,0.4297595504871295,-0.08430363258247289,0.5485616476462789,1.7049556525371894,-0.24254551550141507,-0.4087493751884941,-0.3717048963526087,0.9954371423501329,0.4439084457460658,0.21807968570158826,0.260946356077485,0.16643729284372333,0.7943275672773032,0.6047841292952607,-0.001677008610369215
183,2021-04-22,-0.5123683128674041,0.1341182476714818,-0.23479450273218228,0.4736608432965833,0.4888949938923238,-0.3650278693799267,-0.3969500378545438,0.05956575870599096,0.4212167869525448,-0.0036844668363148784,-0.2506757164914733,0.557700284921003,1.3464697232587057,-0.15516059031432708,-0.7256858224746987,-0.37035958051114615,0.13471468677104254,-0.8194239882255923,0.07100810263426734,0.33951935283319007,0.16619144068667926,0.7045250478188821,0.31111913212422426,0.0
184,2021-04-23,-0.5558573336690746,0.1341182476714818,-1.1554781028689927,0.5730880870956496,0.5145225193293519,-0.4516862522706674,-0.35963981123635425,0.05956575870599096,0.22120054316970386,-0.40818924233945425,-0.3869340010913777,0.5607464973459121,1.0252580342904203,-0.0819493139435645,-1.0339676199118084,-0.4557386951092554,-0.5271012754557499,-1.2042231853459051,-0.04972230137621999,0.34869350594043014,0.16627184192384595,0.643052076380885,0.12878208322071663,-0.014199021514662166
185,2021-04-26,-0.5572982349606963,-0.22265144861924022,-1.1554781028689927,0.5420114194602809,0.526807427164364,-0.6222561396744605,-0.47737743414649525,-0.3657781205092811,0.12249624890848067,-0.5874723780759998,-0.4738163064623676,0.5658912116635344,0.8305647456016731,-0.31776560948276983,-0.9404186393905349,-0.5679018140805522,-1.0064973137018007,-1.2670505854025325,-0.32849977972770883,0.41414316428384973,0.16412557748755557,0.5169843364885569,-0.13701034956284505,-0.016478230732384795
186,2021-04-27,-0.5228475949882886,-0.6018702485811324,-1.1554781028689927,0.4286625631768032,0.5220919960213755,-0.8490906649914208,-0.6492001850448503,-0.8518854110410224,-0.5004062066433697,-1.0182633368547807,-0.48643103625046913,0.5744883000627192,0.5131161275409176,0.44908099518254074,-0.9002432454804657,-0.6800675767874005,-1.1936493170285583,-1.070424426786683,-0.39874292387926513,0.46326961702505953,0.15823621755069947,0.34535736567919295,-0.43422684603862344,0.004145083655168844
187,2021-04-28,-0.60923617697233,-0.4721008552456404,-0.6272129774499073,0.2771217269557209,0.5097922378924997,-0.8363089735133181,-0.5754584335279886,-0.7303585884080861,-0.43582321555777775,-0.8417141502318866,-0.5597351695350493,0.5785499166292633,0.26864716449530807,0.1927962959965634,-0.8653346877707189,-0.7791625912434285,-1.0205080184856659,-0.5557690189081865,-0.08264877519726196,0.40202993060211745,0.1572405513899573,0.2743373977611904,-0.4852190834407796,0.01267357261241854
188,2021-04-29,-0.5828414851303522,-0.0758780601386128,1.0461542219274251,0.14041107279160706,0.5005467779091024,-0.6571068515301485,-0.4207538750215194,-0.35565088528987165,0.038890249352474,0.03923162408051492,-0.5109174820907447,0.6012272757924664,0.7638796838596741,-0.1369814307142473,-1.1928609912359596,-0.9002382374627795,-0.25890219587582824,0.5279563063716853,0.2510061595226302,0.551532309837647,0.15816045998988232,0.31749509996216896,-0.31403742237803256,-0.03886679348934976
189,2021-04-30,-0.44359802394909975,-0.9461993481842703,-1.1554781028689927,-0.02574233339821167,0.4744282311653908,-0.725609444845498,-0.44219363853610555,-1.073784387181897,-0.6680359357778167,-0.9786534584254873,-0.3517598681725129,0.5689374240884436,0.3622964083630448,0.38915528938402366,-0.7987471860267832,-0.97843684627973,-0.31813443592751006,0.06607209010278287,-0.40093802213400126,-0.047233730371327415,0.14551278904561538,0.128277323756139,-0.6085065441969362,-0.007458745287676058
190,2021-05-06,-0.6157202327846273,-1.2834135594238076,-1.1554781028689927,-0.18268902610437468,0.43648969462128084,-0.7209261993624687,-0.5070590091365387,-0.9547157994227359,-0.9716530427850835,-1.189372485697502,-0.39826773803670085,0.48235729761161716,0.112197057365792,0.5380900188896875,-0.41526494761576976,-0.9853604840125724,-0.46955555912613434,-0.43232719262508557,-0.3460605657655979,-0.5755347593587745,0.1286796113222144,-0.010161787275015712,-0.7498092011294679,-0.008233445473408452
191,2021-05-07,-0.6524632157209784,-1.2834135594238076,-1.1554781028689927,-0.333587121246198,0.39029736036360685,-0.8167281560781141,-0.48581550559637954,-1.145483583216443,-0.943744575863955,-0.8677705933955583,-0.5334531755819045,0.40241114486014584,-0.06629322463795284,0.26342442021275575,-0.4152649476157696,-0.9553541456630865,-1.162709191961836,-1.328296843651776,-0.330694877982445,-0.5453202847344742,0.11055410034963571,-0.11584521926515375,-0.8020390870336561,0.0007186489709219531
192,2021-05-10,-0.6587507849935091,-1.258113946889334,-1.0763771539325617,-0.5022621436012721,0.343081582044147,-0.7041826270929031,-0.32140734215307265,-1.12889508027786,-0.7721976140074505,-0.5479051597030954,-0.692171405181348,0.3578687498470488,-0.20793192067792227,0.045467023278271436,-0.41526494761576976,-0.9089554797899219,-1.2016908656952228,-1.0419036673116375,-0.18362329491512408,-0.2492278423429432,0.09587058099550565,-0.1468363542734581,-0.7051537330080706,0.004301081899390702
193,2021-05-11,-0.6311116783996763,-1.0987827024686827,-0.5475950926468377,-0.6343326980118655,0.30122354323414,-0.5691863438207977,-0.3407128849200622,-0.7292286902637705,-0.6732440403696917,-0.5400356432958215,-0.6958819074254079,0.3207726518726138,-0.3848852222903872,0.4520198974647468,0.15508430793814154,-0.794004700342412,-0.9681276513521347,-0.4151950581042654,0.0424718253226976,-0.19804316876045386,0.08424790298822608,-0.11122175242367079,-0.5039892121543216,0.012793351459909542
194,2021-05-12,-0.563585804233227,-0.5256161260283778,1.3132682195832233,-0.6998649029021872,0.27268382903985433,-0.5212834462334037,-0.3237193832030115,-0.45654660476920966,-0.30731332920450394,0.5259538183516334,-0.6514410471300818,0.2875350896363984,0.15030032567151175,0.09639793302648894,-0.8198819932722977,-0.762824489533374,0.11875162322913496,1.0445962407557179,0.461735591977299,-0.0874724163689387,0.07814210252107985,0.011323090656017599,-0.1816680954955834,-0.00851068966790873
195,2021-05-13,-0.5815315748652417,-0.4490258123932562,0.5554372117518265,-0.7113321948610465,0.25095259354441746,-0.6057266960324432,-0.20310558598559383,-0.39480560285329147,-0.18517886084602256,1.1342517754738857,-0.6727794734025102,0.26438387520709716,0.06660177355320095,-0.17750141160649743,-0.9889116043635316,-0.7958898140660309,0.8717788020953067,1.576484465218927,0.297103222872089,-0.03785299122354748,0.07028842266376624,0.060422843790790895,-0.0601649747358994,0.005681833467430864
196,2021-05-14,-0.5903079736414824,-0.0036745799187501774,1.3132682195832233,-0.6839310127599496,0.23883406198229826,-0.59204886260214,0.32574392083379267,-0.010397746577404955,-0.08022893858231897,1.058472527260329,-0.8131142958559467,0.2683101045547567,-0.08527890992822919,-0.35346863660331207,-0.9889116043635316,-0.859034262790764,1.4215141371729527,1.6105242805082671,0.39807774258995116,0.1581638206849691,0.06741825634671772,0.14337364924094786,0.09988336618952343,-0.0014174346809733935
197,2021-05-17,-0.5398109329214703,-0.08151388799760907,1.147728081438648,-0.6304680781469275,0.23393258890618487,-0.7545302256926743,0.03027211808795993,0.008098242404358916,-0.11394315657528484,0.5231991737672128,-0.7515481928199228,0.2649931176920773,-0.30036951590774924,-0.019448619317249068,-0.3427407181682909,-0.8598892814917977,1.228499056236532,0.8104326552639833,0.31685910716471427,0.10855149936686283,0.06249320824031,0.20293810628935008,0.18450433961811313,0.0028328630843041072
198,2021-05-18,-0.6377922207517401,0.4083274942996974,1.3132682195832233,-0.5758725340400199,0.23650956055140696,-0.7702239151803535,0.05658081542547112,0.11753284387979099,-0.0010060329520814788,0.5884694211727257,-0.8065956869903667,0.2570729653873172,-0.44723721839069464,-0.25398887899297967,-0.3427407181682906,-0.8288941813071858,1.3446973789111991,0.8306436292683668,0.32124930367418647,0.02145495406622418,0.058954039546355023,0.26986949109349856,0.2658781169524522,-0.016759172782498576
199,2021-05-19,-0.5711832837708682,-0.7148172796982496,-1.1554781028689927,-0.5461470750348906,0.2363783642400599,-0.7591388892330684,-0.28322250399220056,-0.44240753366949337,-0.31262825792748045,-1.7924333537829218,-0.7969031852907381,0.27264249555907083,-0.5971526100492897,-0.20684244120129214,-0.03807964251612331,-0.7500052656014153,0.5868239825421081,-0.2110649946993048,-0.025576220574122507,0.2183284887987826,0.04965034463947503,0.22776251322799457,0.12854301945645977,0.004305711711212013
200,2021-05-20,-0.6571133971621209,-0.2756529170046462,-0.13149842973534737,-0.5412641179044377,0.23807876080424004,-0.6565303885349408,-0.36294785770838106,-0.25910457619814764,-0.377819120909364,-0.9223731943478066,-0.8997707954757094,0.302495377323167,-0.6954062334885556,-0.39098612986227277,-0.038079642516123904,-0.6531206412179734,0.09154476178630236,-0.6526234242534141,0.11930026423846228,0.3248815936415928,0.05921650179264691,0.2401928642299613,0.11992569276790019,-0.009714053720473218
201,2021-05-21,-0.6812812415534107,-0.9166467679760805,-1.1554781028689927,-0.5568146665339959,0.2372313822452897,-0.6234120696412663,-0.29491490657752195,-0.6715362305086715,-0.5938885980922574,-0.8251993502993896,-0.9694224137328659,0.3252404300958124,-0.7891381202705775,-0.5012555384574989,0.03682586412982134,-0.5465612980519744,-0.8159899158446884,-1.430432311045302,-0.03655171184780318,0.3114023652782619,0.06756249588610977,0.20664975458906343,0.02768024697034864,0.00863936259070764
202,2021-05-24,-0.6222042885969244,0.7812817465406798,0.7122671600941846,-0.5867327919886741,0.24054007094194152,-0.4832406217243666,-0.3279372622604171,-0.0719828071128196,-0.4517856672268484,-0.48052849762351674,-0.9935375336115421,0.3456162065379734,-0.8829594071440291,-0.48323278907254563,0.26766014714258857,-0.41787181250745875,-0.4171538887638107,-0.2985356750961867,0.1939336048994908,0.38374406773635267,0.06850673548132039,0.24930385507423172,0.09534708504805196,0.03832425410624425
203,2021-05-25,-0.26957644522916197,1.4440780688230503,1.3132682195832233,-0.5048678124612861,0.267293519608229,-0.21609619632220184,0.8897207532491667,1.8639266924251776,2.68651908497938,2.004614712101784,-0.7030891171893962,0.38954935906608906,1.203629098756643,-0.8186371624292771,-0.03025070124864375,-0.32181349327878267,0.20060510353508906,0.7816403815878256,0.9446572080192484,0.7010856828352473,0.07473697925380797,0.506984551003767,0.5486861050320908,0.015403350927111474
204,2021-05-26,-0.21855544040310568,1.4440780688230503,1.3132682195832233,-0.2988673870924826,0.3161591511686712,0.20036576355471034,1.6894170483877993,1.7153497522197774,3.1578501666413548,1.6680574006180802,-0.5307821160330732,0.4355810134869178,1.7301795833168827,-1.054201850892157,0.6026297415270814,-0.17925474555286677,1.1904745926612712,1.7716660112999436,1.137825854436028,0.7258785419008498,0.07893201467490049,0.7546610756518504,0.892784173424859,0.011482733395187447
205,2021-05-27,-0.31051114101386695,1.4440780688230503,1.3132682195832233,0.012360962718891751,0.3827681955462263,0.3755911006230872,10.717164083580789,1.9002168609556955,2.4619107740063026,1.2993759644098097,-0.4055789849988354,0.49440676009236345,1.519181446141508,-1.2390368095784836,0.789794008705861,-0.003614439868046288,1.6519516877654898,1.774715966045979,1.137825854436028,0.9179614533564004,0.07425931807109308,0.9632944704413618,1.0955774823921716,-0.017273926552068542
206,2021-05-28,-0.1492611873787571,0.7549723891403487,0.46654343719638797,0.3986613550277877,0.4475377607039624,-0.2859076326772307,0.4541771530695428,0.673489417954305,1.9886026393559888,1.1216924086396984,-0.09997634444562331,0.5326536494273166,2.06259158216009,-1.430755077123142,1.322076506547192,0.23427258994538752,1.21024082965564,0.5625015607011487,0.5714905047141057,0.6977437196314177,0.07257362801648896,0.9683114283976498,0.8797899998396369,0.05062686123261442
207,2021-05-31,-0.003926643464740563,1.4440780688230503,1.2807318448583942,0.7473427847898805,0.5354947798402492,0.4290562968656966,1.1852930133186632,2.1221271394817336,1.8229572213791194,1.1715230557522671,0.12238144568801179,0.6142921424148499,1.338122427694607,-1.2984429543063403,0.8027936833101892,0.4262506199657706,1.3663899374488908,0.7755377622266546,1.3112386165601826,1.204372343110261,0.05253657983289898,1.258068783028748,1.2357920478524567,0.09090117119724565
208,2021-06-01,1.1685085393224652,1.4440780688230503,1.3132682195832233,1.0911059322541095,0.6858545461020756,2.1590901816169574,2.6144442443878426,1.978848480838995,2.752766707550062,2.2322835711621325,1.0682977236622282,0.7736428990422509,4.221731336683102,-1.5619088008748587,1.9472709622026194,0.7075105357518673,1.3761623673923473,0.904860678055047,2.696345615298682,2.1240859928800697,-0.018031211166260542,1.9905924787293718,2.3426072615191806,0.030663812886115416
209,2021-06-02,1.1301936640679815,1.4440780688230503,1.3132682195832233,1.4284143079673504,0.8831880888109548,4.11072144033551,3.73158773257081,1.9855059732411044,2.595863499163611,1.5799356846901798,1.3477775076631497,0.977400663463867,4.074168513420957,-1.6838973388564913,2.086680699762589,1.0270000926484233,1.8508652093486757,1.5097024634070086,2.6809799275155295,2.653924827322852,-0.07143537736514399,2.5806472490568004,2.963560124700127,0.011154126797205963
210,2021-06-03,1.161631510430635,1.4440780688230503,1.3132682195832233,1.7522908096162657,1.1017296787630924,5.921291816488294,4.833102084361923,1.5678148999329145,2.2252484711701555,1.29569483669474,1.8305319676256946,1.1901616779413224,4.160170207697623,-1.7906682449216482,2.2378104668045884,1.3568660808986086,1.6092221102909192,0.9717180588636495,2.22659458878515,2.7325370376607037,-0.10491681762596132,2.9259993186679645,3.00602197902653,-0.04806517106775719
211,2021-06-04,0.5373282780789425,0.6065947418370667,-0.7753736507891299,2.0268031467720298,1.2859916080189617,3.3435459224952617,0.9642731884844115,0.9629151402774793,1.4665597096587817,0.7224821733179139,1.869067613598184,1.3700235982297704,3.1488739844126163,-1.4326125256490216,1.6042394351576654,1.5940303891573808,1.183608304223588,0.27500186969473334,0.6724650244319678,2.299162895532263,-0.103761172385523,2.6982380598076507,1.9759834463724464,0.011866054388328075
212,2021-06-07,0.5506893627830702,0.6927538061419639,-0.915985041457771,2.187104980685647,1.4414052884871005,4.52879748292458,2.2196035794488167,1.1095575062545542,1.1330319431219702,0.3230846607825803,1.8366837809220777,1.5507655354409755,2.3730104202513025,-0.9045232262121743,0.6756564991375054,1.6603780130401702,0.7116079126649787,-0.12325911571182917,0.41783362688257636,2.334988115035885,-0.09989537877176623,2.5461468686460194,1.292437153781339,0.011143810337281736
213,2021-06-08,0.3107792977280713,0.773864314569869,-0.6822478907219114,2.268413796184197,1.5721500115210822,5.091339488246367,2.337060830027727,1.2488677539327766,1.1771914194580049,0.5338484124719222,1.7096369556546336,1.7017899781069619,2.4297560042936834,-1.0868827574422135,0.9336248276786999,1.663094555884982,0.2281476693591483,-0.4445780278177122,0.2861277315984084,2.0367936300866667,-0.09387481598698459,2.4424557022323476,0.8354567183140914,-0.045340303764105624
214,2021-06-09,-0.04577827643502293,0.11784079160575296,-1.1554781028689927,2.266586961135973,1.6478228800153865,3.7080758614406437,0.8059510550735388,0.6916267632198918,0.788172574989985,-1.0341054861628884,1.500538501368708,1.7941240613863942,1.8912525801686197,-0.5656540593139456,0.04802514012706885,1.5337863956145352,-0.3995090141252492,-0.9466132418885049,-0.5919115702960448,1.3989636847276505,-0.07886016090573116,1.9906790809373505,-0.17636232028165877,0.09122383278350993
215,2021-06-10,0.9657999257966065,0.69593914788699,0.03651382296585341,2.2659462532795986,1.7369436554012196,5.133423278232203,0.7663122297082571,1.8391032769905047,1.140363375186183,0.9236535753965484,2.126574723588913,1.9620042128035355,2.670174516159904,-0.9165531202196822,0.7997929389867714,1.4320005864385466,0.026389982978724455,0.10562000093976284,1.2980680270317655,2.244358809589103,-0.07623330312923832,2.283019836995503,0.3956663807300518,-0.0033482174136600595
216,2021-06-11,1.1712593508791975,0.2697036560338683,1.108756363547477,2.3031120342090143,1.8207893601394771,2.757527785802928,-0.17850074232708965,1.395236583194426,1.5029635462498026,1.9341772455139468,2.349269363767042,2.1406476481220245,3.270137661440134,-1.1395894732854586,1.2504579163990794,1.4031171279061039,0.23373303540435295,0.4807127253088627,1.1509964439644447,2.399034755606818,-0.06542873117406937,2.359008443366767,0.4516228470878557,-0.04809169379110203
217,2021-06-15,0.3597044461299507,-0.7414216894333108,-0.9782455570200453,2.312999566579446,1.8610260597654904,2.0124665806212767,-0.15469542107409168,0.7011570708312215,0.856686440986283,0.25304955899538656,2.1576328316030637,2.2189014606374338,2.5899824160473153,-0.29282542786951027,0.08723804754886928,1.2833076942426276,0.47836340462974297,0.5708863309071139,0.016130646265864006,1.3476430592281343,-0.039074432192970215,1.9873378292206778,-0.33470938317664595,-0.03978392157874782
218,2021-06-16,0.1119349194842884,-1.2834135594238076,-1.1554781028689927,2.2948699238839696,1.8445000912680984,1.5188690856608686,-0.3894303242087492,0.1575719234764027,0.3485332561656103,-0.6967460420562983,2.137069539725488,2.162918845628574,1.94824957278453,0.2486945247619524,-0.7272466525834544,1.0355267111015742,-0.5542939492275014,-1.073640153851916,-0.7148370725612684,0.10624773856610804,-0.008783922256340263,1.4317903959351646,-1.3051499004866938,0.04563189146117075
219,2021-06-17,-0.11513802497262704,-0.7533001847988375,-0.1465231977688266,2.2258575181372655,1.817097497540046,1.6547915968238642,-0.4339350550576918,0.7247143427512643,0.3837389079891292,-0.24973553965184986,2.1048158188599033,2.1128255746411964,1.4157344259142561,-0.006979564091168039,-0.8252057801235083,0.7316930216077182,-0.8415141810866064,-1.16150024711554,0.26417674905104704,0.24034426497357714,0.03128537557157347,1.3643823739679806,-1.1752518036204138,-0.017647516813578002
220,2021-06-18,-0.14729632198109127,-1.0238813653696222,-0.5755108489390649,2.0878397419498245,1.770064478061224,1.3342762151164833,-0.4283889799970105,0.5014010950704413,0.17574182415508954,-0.39822729409758567,1.7945572696239889,2.0367379576279436,1.054794527004558,-0.26017677319960214,-0.8252057801235083,0.42406376270886975,-0.8870598036021683,-0.692171290811614,-0.21874486699090218,-0.015912761344223782,0.07635484472031728,1.1668410616190938,-1.3129310298465948,0.0
221,2021-06-21,-0.20421192300014507,-1.0238813653696222,-0.5468288457976161,1.9355744645010302,1.7101004764868393,1.3579434623486935,-0.5882710493618323,0.18993002716718996,-0.13999224838122803,-0.2784202646832632,1.438889436163288,2.018731457516267,0.7656309179401986,-0.46302333854741257,-0.825205780123508,0.13961058137064575,-0.45165713397946744,0.05872533261762167,0.013935548011127874,0.4159033261284546,0.1332125599216247,1.0199296543110183,-1.3290779494954492,-0.0023767093778466627
222,2021-06-22,0.0091069636731095,-1.0635648127409274,0.08238824572366016,1.8212346397441062,1.6409461004394765,1.0378844658221973,-0.5587796459649245,-0.5373490654879856,0.04385722477854605,0.48642466856539324,1.2902617207210425,1.985629282498936,0.9468284957988051,-0.6712969268617978,-0.4133191616945855,-0.06359589922100607,-0.2148390148196777,0.2362730271236198,0.1939336048994908,0.2857758803479416,0.19471657312577134,0.8939965487879498,-1.3030484215975295,-0.018613566513989207
223,2021-06-23,0.10453392648641374,-1.2834135594238076,-1.1554781028689927,1.674500569663955,1.556724096538331,0.8361057920337042,-0.5495744948393607,-0.836786623986627,-0.7170200295806799,-1.4016834985107236,1.1018259639677352,1.9207788046531191,0.6458588964574106,-0.1515933739401616,-1.2829399310371625,-0.30630744229635765,-0.132339011561173,0.08118563638424947,-0.09362426647094264,0.019809267272522305,0.24131403774123472,0.6777392745614362,-1.4499152625349097,-0.010356473924161249
224,2021-06-24,-0.2792042856777246,-1.2834135594238076,-1.1554781028689927,1.4974435900548475,1.4600417388062077,0.6827940336477326,-0.5323946971963341,-1.0256442165328625,-0.8168386265419866,-0.9962264902599249,0.7804040150390216,1.8979660582710267,0.4231990966400286,-0.346462787052442,-1.2829399310371623,-0.5493614423062213,-0.4267487076290939,-0.46469565958700243,-0.30435369892561137,0.3333116619392229,0.28330634648911485,0.47267570497625655,-1.5466271710169397,-0.020102733560547308
225,2021-06-25,-0.3488260162683508,-1.2834135594238076,-1.1554781028689927,1.2862731052293972,1.348562105407801,0.6259713172494398,-0.64096250678138,-1.1789457782558772,-0.9617171551672749,-0.9032910248285498,0.5864788053501513,1.7473477772616939,0.203878777451147,-0.254477389762044,-1.2331718550628876,-0.7671665153682424,-1.0059050940403633,-1.1987932233956307,-0.4887419523234466,-0.627408290750227,0.31780114355008393,0.22108198567077456,-1.710381797980715,0.015191735353920079
226,2021-06-28,-0.38995719859282235,-0.9780917728122567,0.03172594649753844,1.044743241770425,1.241001410873887,0.6764650005625356,-0.5694176433555197,-0.9120122532865544,-0.6611526225877271,-0.4696141391278168,0.4597841948533995,1.609794362874742,0.04869430288390117,-0.4651496114965961,-1.2953617986591899,-0.9612853502617386,-1.0933072174397243,-0.9692145849624135,-0.032161515338330914,-0.4747430257908885,0.377131719686851,0.1815623553235427,-1.4476613974378947,0.007357482607297202
227,2021-06-29,-0.38425908893959143,-0.8225648469456365,0.6926806990967658,0.8455381835656904,1.1444370086591016,0.7648101567502813,-0.539119660801979,-0.7863187967347745,-0.4097518569419136,-0.07928081309394648,0.18775516292993155,1.5377006688185908,-0.10313966918437369,-0.6169340951806467,-1.29536179865919,-1.1274729342616205,-0.6192015131862044,-0.028537486556053378,0.23344537348474118,-0.0008910857695031702,0.40936053160092783,0.22170701578909194,-1.0895851071163556,0.04771328352634077
228,2021-06-30,-0.034971516747860816,0.08401399974947042,1.3132682195832233,0.7533116767862427,1.0847754323171825,0.8765992177881623,-0.27801738410896565,0.051637580277084615,0.4044229705691466,2.00285773115003,0.34308479917034024,1.5532701989903408,0.7679847052613047,-0.8318008934644174,-0.3283601699797557,-1.1573745477998054,0.641031098210147,1.5989367395502336,1.223434686370737,0.8023853878308462,0.41049045033177683,0.5815930103376158,-0.20951138842064101,0.013881078870713355
229,2021-07-01,0.44831987556468,0.37678327697181774,1.3132682195832233,0.8110468847395627,1.0570585454621526,1.0132621553340255,0.7741422690060819,0.30302449338064064,1.3740855933701284,1.7755780846931792,0.7739284030150511,1.5354667797069945,1.8369625089717325,-1.0633640257232715,0.6653382923509312,-1.003837960435902,1.2169057653858595,1.712671988433965,1.3309945008528077,0.5027379268023493,0.41031691562621797,0.8937924134551866,0.40601550566622174,-0.032397405094073586
230,2021-07-02,0.08062806414814604,0.11447918361546491,0.1675119607880783,0.9378253495793889,1.0306668263085914,0.6960985193482879,0.35099719433864446,0.21541996305667485,1.024428721542864,0.830861935596501,0.9131631503649972,1.5192203134408149,1.3217933568559876,-1.0118305942507964,0.3246085052854813,-0.8074638635933886,1.079994521053974,0.7762947339040592,0.4792963780151881,0.3667398759044455,0.41216919830614085,0.8438604879573459,0.2261255994566652,-0.0005934718275079536
231,2021-07-05,-0.234470850124199,0.09134538360912464,-0.20381333967532628,1.0707548873407455,1.0049093180187525,0.5042201054345582,0.2637217498717493,0.19954957712841764,0.4182933140338433,0.13123183396495053,0.6231525292114203,1.499927634749731,1.0293132648305097,-0.823342090625627,-0.1424282966189535,-0.6576521569862948,0.2026275215972578,-0.6431554023855067,0.28173753508893606,0.3613097692217154,0.4129903929752959,0.7963405348849374,0.086691598605971,-0.03596096808276959
232,2021-07-06,-0.15247046752827798,-1.2225042289870054,-1.1554781028689927,1.1053268230569002,0.9606463562545349,0.5048958578895598,-0.11593885156921771,-0.7447383856027471,-0.24956185551016297,-0.6553319057585147,0.6692783698865965,1.4440127133503113,0.6690385571275168,-0.3823822212089588,-1.0061411490715932,-0.6407093503103068,-0.5134400182020447,-1.2465492188885505,-0.495327247087655,0.05921526481038616,0.40282209288080806,0.5171995761979747,-0.4548693435658808,0.0024585138382073233
233,2021-07-07,-0.2500587822790146,-1.132609928507987,-1.0497760644858767,0.9996758309708267,0.9081726677027683,0.46366809352257093,-0.0828263906440552,-0.6812568418897287,-0.4284195646903201,-0.8956411897328435,0.35851112042919336,1.4109105383329792,0.4597537307933274,-0.54269849191031,-1.0061411490715932,-0.6929398849604739,-0.8889951675846466,-1.1337164585530755,-0.42508410293609866,0.24757371652165272,0.3943859997264189,0.36560520556168996,-0.6513227108201823,-0.0003069838857568919
234,2021-07-08,-0.33585790464375626,-1.1439750569707374,-1.0598802316497546,0.8289212497307081,0.8529313599145135,0.07030622267634601,-0.3337826670788448,-0.6891920348538549,-0.26410088964315553,-0.503126782009358,0.14466411306302518,1.3890455024830877,0.3967176001781418,-0.6980347352168562,-0.8591436714910999,-0.7597104517366394,-1.1343606477485626,-1.0395473736293614,-0.24508604604773582,0.3388112377977479,0.392387339363565,0.279673107049413,-0.6865807473325147,-0.0036911761380430752
235,2021-07-09,-0.33651285977631157,-1.2834135594238076,-1.1554781028689927,0.6361450269782138,0.7968015449747405,-0.28981139081041163,-0.5931840014006771,-0.7844143504233826,-0.37421054996803643,-0.5252944396459029,-0.010610405466384394,1.3830884648521562,0.19295488540507383,-0.6165765361249337,-1.1914037271323588,-0.8657185006121177,-0.865661294994654,-0.408081927317238,-0.06728308741410902,0.489794303805665,0.39784969914777313,0.21509445977684077,-0.67514363282762,0.03927997416843967
236,2021-07-12,0.3338992139072727,0.27129040150614203,1.3132682195832233,0.5258300679765926,0.7637935832609767,-0.4188839589319471,-0.2879599275457126,0.24716073491318408,0.5775454049319603,1.0676437988293201,0.07693135038131978,1.3924978765646503,0.880088022571385,-0.8183249738941063,-0.25978696887769265,-0.8785920923794374,0.3056904620670273,1.2405386576714454,0.7953905266971911,0.7159375056553077,0.4158608541298809,0.45167742969125546,-0.10687524878673356,-0.012822600019896867
237,2021-07-13,-0.20539084223874457,-0.2877564551401784,0.48607081157930004,0.4990069748660452,0.7394460509166895,-0.3243470531475863,-0.2937204210742922,-0.09405256254429605,0.5833255250011076,1.2947228332717102,0.03950376098751562,1.382953077633273,0.6685137350456701,-0.9734508303065146,-0.19007313660059885,-0.8350773672485546,1.0845229751461176,1.760581123954117,0.5495395221667443,0.5261153314522298,0.4164486980572228,0.5121554836795416,0.020793577214354122,0.00985523879209471
238,2021-07-14,0.1461890729169295,0.0948946997900716,1.02423138515315,0.5647091144274026,0.7266776108618588,-0.39156442609449,0.18786964036819329,0.1678088052719087,0.9607663345333071,1.3594234258127937,0.15811071068960314,1.3306936111437377,1.0021632654249433,-1.1362410762105062,0.32773828990966947,-0.7082621792195787,1.535351013131306,1.6100171461186685,0.641733648865662,0.18017760256673326,0.42016801265227205,0.6162965527942706,0.2039907871475784,-0.0384721078412476
239,2021-07-15,-0.21953787310193862,-1.2834135594238076,-1.0175233057930804,0.633226166945804,0.7011220298536497,-0.6262942930674897,-0.18042894457594058,-0.8399607011722743,-0.12651878461291155,-0.17775685863993426,0.2656387403420926,1.220217640533748,0.6325980534385794,-0.4948959548372498,-0.9030403814155833,-0.6873560012528726,0.4554450385478192,-0.41591075148873563,-0.18142819666038795,-0.27713946851591975,0.41509300405043476,0.42065303591624986,-0.20601362337546783,-0.02438382765662267
240,2021-07-16,-0.3760066542693949,-1.2834135594238076,-1.1554781028689927,0.6048597782734824,0.6567736433493816,-0.5909494986891177,-0.16971439155092133,-1.2070356599096044,-0.7660764468475577,-0.889247385000112,0.23787893504670682,1.1247696512199687,0.35200984514522543,-0.2845027848396878,-1.4272839684609806,-0.7809962934762886,-0.4907400175913279,-1.5008245678228602,-0.5963017668055172,-0.20868148993883293,0.3972894310599997,0.15090973464445842,-0.6715863910186458,0.002844053109962964
241,2021-07-19,-0.36650980484734336,-1.194035149041468,-1.0025056448324448,0.48432751303051846,0.6051635860456749,-0.8084481363816032,0.10359012257817835,-0.8062106510973274,-0.9647986426038273,-0.9975108549259023,0.07344330453867502,1.0308786149233624,0.1463831178502492,-0.0721616701443737,-0.9760137764719174,-0.8748153805218831,-1.0985108886515798,-1.5417153593258344,-0.45362038024766843,-0.17914702429936222,0.38360665203240235,0.023105898536247817,-0.7805282616205614,-0.006331138589896148
242,2021-07-20,-0.42761711871475094,-1.2834135594238076,-1.1554781028689927,0.2796781592854744,0.5492774027313265,-0.6390958357357098,-0.33290640508015673,-0.9407449318102427,-0.5726903784743438,-0.41926193758358277,0.024070854422578065,0.9719851747084758,0.5154338074126668,-0.3155267235835194,-1.2269488418450918,-0.9892144853064448,-1.175314774166502,-1.021964228026538,-0.34167036925612565,0.07967937462456208,0.3687620186060636,-0.07158199794255657,-0.8062006801434805,0.0025372674569669575
243,2021-07-21,-0.049380529664076966,-1.1575390379486568,-0.961634601504445,0.08757611485321691,0.49581264127281877,-0.33491353734279394,0.09520325757100272,-0.8102436698032635,-0.5972425377303662,-0.32251291493805007,-0.0754788376516921,0.9133625089313593,0.281369225321182,-0.44841129609981606,-1.310402749616875,-1.1141359583244146,-0.9298289355589998,-0.39761400242039197,-0.09362426647094264,0.08037758321373026,0.3568819001479632,-0.08581323980949027,-0.6773675897142267,0.019759149980462392
244,2021-07-22,-0.14755830403411338,-0.18327468822211077,1.3132682195832233,-0.03655414323652485,0.45759612775408715,-0.02580400576337955,-0.01937750643965317,-0.06561812108950424,-0.24419681631308196,0.34410609523554825,0.07244586672364879,0.8745740707208646,0.41471325893661865,-0.6946093890330728,-0.8458899847309852,-1.1821237137408664,-0.2778792076154572,0.4570057315033302,0.5056375570720217,0.2600825440445919,0.35383152318917793,0.05975757833904317,-0.2776221458632854,-0.018809331957496227
245,2021-07-23,-0.27416113115704893,-0.9626131874947809,-0.10324722635761215,-0.10088782743307965,0.4220342225290468,-0.2722581896892917,0.011220642149309916,-0.6766279793273198,-0.27916282880351795,0.5943756354481556,-0.014654505501902643,0.8219761361841267,0.18335159239666127,-0.858557376866276,-0.8458899847309852,-1.2155136332041803,0.008451221888509953,0.4993581030233626,0.18076301537107398,0.1243554759887139,0.3491724369045836,0.04828588564817666,-0.2493815479128541,-0.04531519621204249
246,2021-07-26,-0.1994307505324915,-1.2834135594238076,-1.1554781028689927,-0.2057704408966661,0.36866323410853674,-0.2623709273641198,-0.07879577581154351,-0.8011489652883284,-1.466144161012231,-1.7540603359722795,0.266493736187908,0.6885520319731598,-0.11956681730458625,0.5325060202212494,-0.14404456708494448,-1.1497995780247685,0.0034516299792259086,0.11281175328950593,-0.6336184371360314,-0.5983911966787693,0.31803150528533314,-0.21839570556820997,-0.7005965424084042,-0.0009938712098541567
247,2021-07-27,-0.3441103393139528,-1.2834135594238076,-1.1554781028689927,-0.3347241808166802,0.3081213824784788,-0.34819599352030345,-0.32322788351207205,-0.7291121594580028,-1.2895293683655282,-0.9393155199083904,0.2796509588685246,0.5685989560412323,-0.3211200843581626,0.29655973519610374,-0.048655416991085804,-1.0281868401386882,-0.5881116409232484,-0.8383295110501865,-0.4843517558139742,-0.5009706379787349,0.289930349057745,-0.3522356032386824,-0.8149425745428787,-0.037141338600185266
248,2021-07-28,-0.32826042510611503,-1.2834135594238076,-1.1554781028689927,-0.5095306180228729,0.23037581574266325,-0.28576069291684525,-0.3422515500669787,-1.0203424906435041,-1.421813010085297,-0.8890109672379041,0.38815587866687135,0.4082327952721917,-0.5143857664097921,0.5157407465937912,0.3883787087678519,-0.8389596261227563,-0.9187384422528063,-1.0650659276620325,-0.9892243544032849,-0.8813172963855744,0.24966618805492424,-0.6149712799295095,-1.145719614200895,0.006856386133009809
249,2021-07-29,-0.5058187615418513,-1.0894627150342209,-0.7619369048460667,-0.7012178023501466,0.15135745802096748,-0.03778826804427508,-0.46014458295527266,-0.8966979999377077,-0.9945897601570753,-0.5959667560822088,0.18734362448939695,0.29308596561067524,-0.6303828798482398,0.2393839941388287,0.3883787087678513,-0.6306823499194248,-0.9835241938120838,-0.7838086002503046,-0.5853262755318364,-0.5147787461471539,0.22690237474406216,-0.6827648664959063,-1.0484233908255143,-0.0023943914295584223
250,2021-07-30,-0.44130568098515627,-1.1201669353618688,-0.6436253558416387,-0.8369085342950644,0.07675225292645621,0.0035356648097859527,-0.6254821783597683,-0.9399735716847369,-0.8123296991529029,-0.5780481711952874,0.04565752598364791,0.20325654588061534,-0.7385618057110876,0.28564811289019426,0.6079497982559784,-0.4050584949849988,-1.046485050319222,-0.7130131697918483,-0.28240271637825004,-0.3308913617709354,0.20036743957914446,-0.6840258144142961,-0.8470658842680419,0.03201621389895835
251,2021-08-02,-0.3173881699056974,-0.167045033321243,1.3132682195832233,-0.9121642753683129,0.026464248773094418,0.23639100964704068,-0.4866648096566275,-0.35266224083220105,-0.37324491184162456,0.2838001694151827,0.08401828586888589,0.13427675785880971,-0.3354609416953341,-0.03830038753909277,-0.30813261620351934,-0.2917599868147197,-0.24848637073379834,0.4682248291624374,0.5934414872614671,-0.08061335449633011,0.19197041794561173,-0.4400014111915183,-0.23059772878330206,0.019705071079332556
252,2021-08-03,-0.27330968948472706,1.0754999786303356,1.3132682195832233,-0.8933876687053902,0.00583248738102869,0.2689261084410718,-0.19147250225869586,0.26977764117531344,0.17286603997739672,1.6353132193659257,0.08942195399543698,0.08993744367404059,0.3287560705733466,-0.31081207529682314,-1.422164594329976,-0.3699806448032842,0.6827355273385659,1.4891047379288747,0.9688032888213456,0.149010531591521,0.18634088224774298,-0.12880324346665156,0.3872875994754811,0.011960705057663914
253,2021-08-04,-0.34260394250907567,1.4440780688230503,1.3132682195832233,-0.7894208827616572,0.012775158802283417,0.2805444817330447,0.34814840813443565,0.9411365710729661,0.5391611063235782,1.5098627186722582,-0.023197957993405873,0.06028764273826871,0.38945545787056157,-0.5143354774363252,-1.1133690025950913,-0.504892065624837,1.6263486019035127,2.1254463331693363,1.120265068398139,0.23360422097362762,0.1840391887049981,0.16308588758344228,0.8457478564878459,-0.022750412479044087
254,2021-08-05,-0.459382442643682,0.7258102038616795,0.5042137802741059,-0.6338887731853,0.026883802447331774,-0.00036297955093137055,0.5713139175180949,0.34107725923545296,0.35939387714311644,0.8247854066613738,-0.050081538130381055,-0.00659364339081788,0.14193277668602605,-0.4673451120288335,-1.4108591216089297,-0.6910837655834289,1.5307402036009699,1.2318709063643727,0.43978460942993763,-0.14176769214214302,0.17761879452164636,0.21540664316241684,0.7677477078373219,-0.009578933688937016
255,2021-08-06,-0.5444611143626128,0.44364581681469517,0.21547055319879618,-0.49004441406737165,0.04179850857094393,-0.36546812878358526,0.10470634058547455,0.0719235495306925,0.002401937013294554,0.10451603336933711,-0.21381618851168444,-0.058717722661463786,-0.033766720779658456,-0.2214432768337436,-0.9098867422381389,-0.8320452582383894,1.0524140232168624,0.21183727411608927,0.12588555900267065,-0.06161134034150394,0.16952140658585488,0.20304266429069184,0.5852577697542818,0.020693791495233416
256,2021-08-09,-0.5385010226563598,1.237804048048147,0.5189911739406351,-0.3596244655003671,0.06865732272977608,-0.10857090369012815,0.7975808912438218,0.6566367809582732,0.4473542823603865,0.4875200793586451,-0.291073411780742,-0.049849859824509964,0.24179674329428846,-0.4327932126502627,-1.3731808404011674,-0.990390957061533,0.6507639394746144,-0.12458472599302099,0.3914924478257428,0.533688685669797,0.1779300328876457,0.33704508516819376,0.7110009454599333,0.010349380862003292
257,2021-08-10,-0.4401267617465568,1.4440780688230503,1.2516381347168901,-0.23409241377870418,0.10841411403580081,0.14501824840802283,0.6796463039875408,0.9536339778738653,0.8661657926025413,1.1364663694579917,-0.3402367205051687,-0.021012382202049776,0.4706249154611123,-0.6267144281450638,-0.8844495457521883,-1.089858764618948,0.8773239981530202,0.5520022976696616,0.5078326553267578,0.6400027503709046,0.18683381573152963,0.49131113950212585,0.849215739056722,-0.008076283601387667
258,2021-08-11,-0.4935711005630676,1.1724400537028181,0.4604576311093848,-0.1059460783456091,0.15127875164576254,0.26820626847101087,-0.08707805061430335,0.8205628435178194,0.8888329411480327,0.6230805459202827,-0.40169168979364483,0.05812144723611224,0.2389187196218146,-0.7742675918715711,-0.9142959502415938,-1.15451489505496,1.110183082388171,0.9524279400761827,0.32124930367418647,0.917981629522154,0.20468323926092125,0.5364746981928726,0.7572343891179308,0.009683742555457927
259,2021-08-12,-0.4429430688165445,1.4440780688230503,1.3132682195832233,0.075868815252279,0.2000379308169661,0.20285751316992953,-0.1506462052722659,1.9996175810677923,1.2954945329975227,1.257163816847017,-0.4382131953336063,0.14571697785457463,0.2846396629186419,-0.9300973517733779,-0.619426610667658,-1.1630562904970836,1.390740720974717,1.1637562108908004,0.5341738343835915,0.9454562320041477,0.21042807937586044,0.6242608392479012,0.7627798529008559,-0.017825783952600573
260,2021-08-13,-0.4367209950572693,0.8432706401808752,-0.49194027880699254,0.2249904888754687,0.24166830293176883,0.2410295318667598,-0.16597876663866687,1.2610342359451594,0.7241326300087347,0.02188235572864971,-0.33784508338467184,0.22342924149444723,0.018350402609280395,-0.4766944428741999,-1.2717287381236648,-1.2154394794521108,0.82596410766435,0.15666898999103124,0.12149536249319838,0.7964435578147608,0.21013968378475684,0.5631009081641418,0.4906918318890318,0.007817629391053502
261,2021-08-16,-0.6252825777199343,1.1394942603499036,-0.09697775047753877,0.3265766315941698,0.2816868877176482,0.46208698771261164,0.12660556573666518,1.5833251501804921,0.7594196512830487,-0.1941555578407926,-0.4219027024061824,0.26431618159765613,-0.1593713762566668,-0.6563830867779097,-1.2717287381236648,-1.2859147517133112,0.6592388575716328,0.03561500732703177,0.21149439093737984,0.5673521505719239,0.21166893892126082,0.5733953405871436,0.4056793237001488,-0.048871283617864164
262,2021-08-17,-0.22713535263957985,-0.40741837133085995,-1.1554781028689927,0.31390374574741464,0.2947191217752188,-0.12477202170578451,-0.35229057642591094,-0.4868446142686021,-0.2833534688334722,-1.7003314758065284,-0.163605197934779,0.24779894089370758,-0.4086908037443209,0.10142164431951607,-0.0749945661390215,-1.2256293957801838,-0.37034649524753277,-1.1259291875720217,-0.6731302057212817,-0.05254823969893607,0.20066974080406175,0.2827175102001048,-0.22109783124777335,-0.006494639133648106
263,2021-08-18,-0.46632496704876797,-0.575493624707569,-1.1554781028689927,0.16498491703642676,0.2883670239986854,-0.039337584403696724,-0.5284184725003878,-0.7506897803258417,-1.0075996706896917,-1.1837262596802889,-0.31411696877331824,0.21618602528410955,-0.5322887603691738,0.15157821237855743,0.16030678282085403,-1.0771568311569144,-0.785669576750449,-1.2299973930761703,-0.5897164720413087,-0.21224350424861044,0.18961776062774957,0.08018776741377462,-0.5588690743099111,-0.004123717183862041
264,2021-08-19,-0.49298164094376784,-1.2834135594238076,-1.1554781028689927,-0.03911438366497681,0.26967576719162384,-0.4283608651847657,-0.528482944045464,-1.0354465137238398,-1.160270608911887,-0.7613319506070535,-0.4534900902803788,0.19472715109087033,-0.6405314462329383,0.07490945128650789,0.28322156982977825,-0.8820235962397315,-1.4186171608056064,-1.5415741561906349,-0.4667909697760853,-0.05105167544313531,0.18650469364222227,-0.04609339718330989,-0.6875275071621797,-0.018770102681990492
265,2021-08-20,-0.4855806479458932,-1.2834135594238076,-1.1554781028689927,-0.2993602012849736,0.23665953078538915,-0.3564154283301272,-0.6430491520743078,-0.9715651278792208,-1.2330347873732075,-0.7494215820047272,-0.3374241294512701,0.18965013038269032,-0.7843608485416563,0.4162804487153089,0.7708514952928116,-0.6243154769076541,-1.3314080693641992,-0.9941760720736387,-0.5523998017107945,-0.13096553619724222,0.17159456122429975,-0.20515856724658002,-0.8513190822369656,0.025975486403260736
266,2021-08-23,-0.35897782082295765,-0.09377969046845641,0.40287446152606826,-0.4939033399668621,0.2109254054777764,-0.09077948355345382,-0.4927295811233507,-0.10692853603325785,-0.6276799768463412,-0.21823428464516162,-0.3077837102420825,0.18274538221956627,-0.8625574108432676,0.07772621699830663,0.7023013002785955,-0.3634080992218757,-0.9204861937252117,-0.19179950985791658,0.16759242584265718,-0.0851329127490386,0.165104632953778,-0.11775903838362087,-0.5247806853152039,0.014930715097803013
267,2021-08-24,-0.4438600060021219,0.5407152644233818,1.3132682195832233,-0.5784804169259182,0.20009597393628,-0.12037521068583536,-0.42744111018007835,0.4003249311830419,-0.07411644655310884,0.9825517536421012,-0.39153236894670096,0.16555120542119772,-0.4750534535776175,-0.1690080677631912,-0.2120143355509729,-0.22472619613492556,0.1416694274471585,1.1102305299459703,0.6395385506109258,-0.04518123814969296,0.16288968214240238,0.052451574735692,-0.10980784890760505,-0.016641579501432413
268,2021-08-25,-0.4251937847242964,0.0020803158418352197,0.5878575529549734,-0.616208919677563,0.1921376266614485,-0.12123225983998148,-0.3835346949877937,-0.16457097548965594,-0.39107074376016165,0.155013708513093,-0.36055215425654125,0.13454753229658106,-0.6276110649808349,0.18791674648230014,0.34651631653374776,-0.09707457135011775,0.7771015317534191,1.4139317145059267,0.29051792810788063,-0.11972670223252459,0.1644155959031478,0.078302981340028,-0.045838270735587196,-0.011365715599392305
269,2021-08-26,-0.4844672242205492,-0.34522568023261496,0.15397417389218862,-0.6183507622261012,0.18224354310904928,-0.4660122649609256,-0.3787374598420594,-0.5450110759018776,-0.398253810458277,-0.25022186645210603,-0.4748351513034334,0.09481138355389386,-0.7315316122201374,-0.05365284981655572,0.34651631653374776,0.014528819624633647,0.782675757669596,0.7352653239643759,0.07759339739847573,-0.30023438908160865,0.15954146125935867,0.04792766160746683,-0.09904979406561379,0.012734641206733859
270,2021-08-27,-0.4983522730307211,0.2290334540403279,0.9256046579954874,-0.6107455557007714,0.17960881931941508,-0.5932316161167642,-0.14617369555174528,-0.11845702392453902,-0.26090884055750974,0.029370103914256793,-0.4967279645414371,0.07964801503879612,-0.8392068404172783,-0.07628159711766082,0.541050474443769,0.13065483753785712,0.29561049090771235,-0.21342204769377918,0.33002969669313104,-0.036911667918709944,0.15996836022686914,0.12560288682838344,0.058981183191019027,0.0068166589790979405
271,2021-08-30,-0.5274322809161756,0.5359677567572894,1.3132682195832233,-0.5970432541486953,0.18653313985974604,-0.374713342922836,0.2751489969237724,0.11211273390105436,0.10627232704944477,0.9013728168127554,-0.48895727535020067,0.061776902146000394,-0.35144515631901113,-0.3366165216850093,-0.584841695054883,0.11331682239073874,0.3933208226720107,0.11961749046367051,0.36295617051417306,-0.04566456969354041,0.15611846036783888,0.23099944243906587,0.23687173326026606,-0.020590981443927226
272,2021-08-31,-0.40606909485368226,-0.17131560218684416,-0.8092727492869565,-0.5907578820171703,0.19002651070673365,-0.3065423910299846,-0.2773887946973819,-0.579596539575718,-0.3089650331735464,-0.6156885534320924,-0.4448133143247517,0.07687257705165709,-0.5233668174550588,-0.006143002517730226,0.016653768945436548,0.09677027228647994,0.24808330080453733,0.07149977403823465,-0.03655171184780318,0.20503462911153283,0.14689333751802294,0.18771948715498843,0.10316023260227487,0.02634882969675146
273,2021-09-01,-0.45761406378578273,1.3126564630162134,1.3132682195832233,-0.5470786503783559,0.20600455638131637,-0.016102551424429852,-0.28442093791723777,0.41732653958836186,0.16539834824667368,0.9207613921652301,-0.29571591648701284,0.11505177277716798,-0.30557886134997175,-0.34274789474442763,-0.66248604335601,0.005798857607339287,0.6987538954159661,0.728648964727201,0.5517346204214805,0.505224355902555,0.1483676921077365,0.33184968449332974,0.34412554133507717,-0.014285957247476428
274,2021-09-02,-0.5512726477411877,0.7315627722008036,0.21895368628096953,-0.4838037210508095,0.22278917483596056,0.09016394681486684,-0.2232474109046164,0.0078458563308474,0.2229481798458672,0.627667413057594,-0.43560863097863023,0.1436184759618616,-0.4405603049584696,-0.5262245739269226,-0.6624860433560104,-0.11571818881987257,0.551414465264687,0.39656231556622,0.23783556999421343,0.411285823391583,0.1442066778802221,0.34372682207625715,0.291364647239386,0.01967499016166148
275,2021-09-03,-0.45355334196394,1.4440780688230503,1.3132682195832233,-0.3956355474393023,0.25050015488056027,0.11557035347031018,0.2630917165058634,0.7924636816694397,1.191098092304063,1.3950715487506584,-0.4779892181724143,0.20176728647287767,-0.18082378016409567,-0.7179830330546499,-1.329302406566025,-0.31769706768748274,1.4741745285282406,1.580059897813662,0.560515013440425,0.7717496224123908,0.1436020697539962,0.4761466515673601,0.47294830269075827,0.009028651868248957
276,2021-09-06,-0.44451496113467714,1.4440780688230503,1.3132682195832233,-0.19715421195635333,0.28918238592725554,0.45106710161712965,0.3104279564990396,1.9132430945463914,2.3307306593220085,1.8254526297206821,-0.47396627825498255,0.24515889012545664,0.34002779351167767,-0.9000767506482815,-0.611232827843508,-0.4636936490268351,1.481884445809659,1.2773693638188144,0.659294434903551,0.6111457289122889,0.14566390350388808,0.6132919434631043,0.6269882386511486,-0.005340466631317474
277,2021-09-07,-0.5156430885301805,1.2360398029573991,0.8810839795342644,0.05241014991776557,0.3305294244375051,0.09125969256521155,-0.1266957466114887,1.4707820499687263,1.969333358565311,1.3162631268076768,-0.5307996583024308,0.27095015532301003,0.2684528251605689,-1.042800701343772,-0.44231920560481086,-0.5502626299458953,1.722653607104086,1.2418692716023587,0.48588167277939653,0.4225781622220763,0.15116879638822409,0.6608358088802607,0.5838715242626604,0.015607157240890686
278,2021-09-08,-0.469927220277822,1.4440780688230503,1.3132682195832233,0.3507052727221817,0.3801718230241597,-0.006190191001100216,0.6214855491114923,2.261170949157095,1.8109499044098822,1.1554504044075802,-0.604711919594734,0.33688373091990526,0.061201450663794114,-1.1629783241211815,-0.4423192056048113,-0.5994445509836592,1.6859869015263653,1.0894746738132588,0.643928747120398,0.7243737686061479,0.15444738166955121,0.7787638228285979,0.680049164093297,-0.003300333028656854
279,2021-09-09,-0.5309035431187186,1.2696381878495069,0.9217354427501411,0.6462648530910132,0.4308481272818438,-0.30032029191165777,-0.03092494344248173,2.042468236540872,1.6512413878973211,1.0606268210503151,-0.7144116081918559,0.4145283009503344,0.005603209245750194,-1.2591288236143818,-0.3060177467726321,-0.6102475960652197,1.693780169264879,1.0179607868047549,0.4924669675436048,0.8013863421110221,0.16264642853881772,0.8194792366354423,0.6136429687133083,-0.006966357580916509
280,2021-09-10,-0.578846258821765,0.8953650596210049,-1.1554781028689927,0.8716325916809604,0.475928151894017,-0.2525183486455504,-0.0025962402465479232,1.6555976730335116,1.189338972973495,0.48804367193906445,-0.719995304779224,0.4664492993926512,-0.1902884742676488,-0.9712195065244641,-1.1325862522456946,-0.6933042542959198,1.4966137158390127,0.7505474460122438,0.23344537348474118,0.6143594261307378,0.16596953419076926,0.7896282332877084,0.42950861201506774,-0.0013324452337786009
281,2021-09-13,-0.5772088709903768,0.8218570030184893,-1.1554781028689927,1.0457302507019814,0.5145424801587929,-0.23889827319090384,-0.3279249355866142,1.4599481595747779,1.1584159618441743,0.5053691106390795,-0.7213016445764142,0.510382451920768,-0.1805347907765873,-1.1134602868974286,-0.8517696773929089,-0.7749455465404013,0.6622200579569797,-0.3539549179709206,0.17637281886160172,0.5380685951793451,0.1733793443269545,0.7526089780276345,0.2688929777837128,-0.017146158834970514
282,2021-09-14,-0.5874916665714947,-0.08954443267599672,-1.1554781028689927,1.1096229078502737,0.5381567355014869,-0.4050908042213926,-0.5401613865292855,0.5610586565903,0.3529511294938227,-1.783917152578322,-0.6085644873967877,0.5527586514317099,-0.397330833635587,-0.3400584150831533,-0.515754525594819,-0.8115091503317017,-0.15970336245204,-1.1001992373142322,-0.13094093680145688,0.5702427263168461,0.17404901403791923,0.6184154548512643,-0.040007478407627896,-0.0074881221233903585
283,2021-09-15,-0.5922728390391482,-0.6059699708229105,-1.1554781028689927,1.0616286449505425,0.5475594106429544,-0.600885874898174,-0.5281873888343477,0.17330240040092035,-0.05151096372357802,-1.0571182604993454,-0.5721052586890715,0.5636573225519332,-0.5644798468404417,-0.4151317264917772,-0.31319940663328616,-0.7993684525372831,-0.7076763563024561,-1.2059936415446213,-0.21874486699090218,0.25896206948860323,0.17492913919472564,0.489678247932698,-0.2769979720972861,-0.02245732657548957
284,2021-09-16,-0.4729400138875763,-1.2834135594238076,-1.1554781028689927,0.9054885280832428,0.5365258332578601,-0.6070533528315932,-0.680062710024841,-0.9723410837949772,-0.8435723019513303,-1.124247583572486,-0.5460984931956028,0.5711036195905989,-0.7080092735986387,-0.07536146523343323,0.28400411096954875,-0.6963811168845483,-1.0894571431005124,-1.1923790206336191,-0.49093705057818265,0.18535589610104666,0.16925974606531186,0.2834684821968693,-0.6104212980629058,0.010773344859738862
285,2021-09-17,-0.5851993236075512,-0.6472766931688584,-0.2828276219237813,0.6619259453918799,0.5195315759659129,-0.6706060857225682,-0.5956291947611625,-0.42595726825539604,-0.7976868330628143,-0.804436425936761,-0.6390753098182065,0.5665004541485169,-0.806454759451063,-0.1485305267439395,0.4152787674212344,-0.5407254491657928,-1.1112283952702173,-0.847175338221086,-0.10020956123515104,0.10585307252162235,0.17582817465908163,0.23245682257636877,-0.5890284134863817,0.0037950709685515343
286,2021-09-22,-0.6552140272777106,-0.4223414578884049,0.06737468094633374,0.4382088012620583,0.502271301111493,-0.527290150218077,-0.5168305921404902,-0.23207914016070635,-0.4306200985444039,-0.19240545708589804,-0.5996745340989108,0.5645373394746872,-0.1497404933391028,-0.42080416231914264,-0.9800892886737316,-0.5274238183885116,-0.8859154396471761,-0.3650342260062117,0.10612967471004546,0.059439943721607345,0.1739225467343456,0.23728890048027723,-0.46823795413928915,0.003780722839905931
287,2021-09-23,-0.607009329521642,-0.1902657593340356,1.3132682195832233,0.26359955153509196,0.4882796651731272,-0.5184644138703935,-0.3537449435178913,-0.07431135077988545,-0.2637100961435492,0.26580621117360903,-0.713542317267903,0.5680574071656896,-0.29705419937712063,-0.5922110863311997,-0.9800892886737314,-0.5878376457060466,-0.28088594915089526,0.40907119042142176,0.2949081246173529,0.14048724809552943,0.1714577807089298,0.2756602888482105,-0.3093385036679679,-0.018698605734482437
288,2021-09-24,-0.6188640174208926,-1.0584830239069503,-0.298343824500796,0.14132242817388246,0.46806280051808263,-0.3684676767271504,-0.3358834179600318,-1.0400049803850135,-0.5849666797936691,-0.3423341080842216,-0.6497662876405539,0.5432815461097734,-0.48522574633573434,-0.26070254809004617,-0.2863711264426026,-0.6031149876266868,-0.4151838649130068,-0.1168446080349142,-0.0036252380267611578,-0.160539585446551,0.1645736009665207,0.20196737888329414,-0.3902708342921019,-0.017630922143578365
289,2021-09-27,-0.5022820038260528,-1.2834135594238076,-1.1554781028689927,0.021676870806768233,0.437005722754854,-0.35299952112788585,-0.3825898226313451,-1.2367203493786498,-0.9544388243876959,-1.586656461953567,-0.6240304037203138,0.4997545552383124,-0.6389355475364009,0.16024617523916826,0.3455170084007065,-0.5232372099454258,-0.8337698604512239,-0.8997346842627155,-0.23850075128352743,-0.28326184478407507,0.15232851433580297,0.07182246566094626,-0.5598221203506428,-0.0035637956464233326
290,2021-09-28,-0.6256755507994675,-1.2834135594238076,-1.1554781028689927,-0.12661555354238396,0.4001498236658282,-0.29302690012818533,-0.293573170071146,-1.2223436468318754,-0.9782360761830077,-1.0730441926491254,-0.7519907178012548,0.45534754744409983,-0.7333777438161233,0.09871791205040911,0.46847579727439126,-0.38753919522981056,-1.4369224393047628,-1.5298985713769568,-0.24069584953826353,-0.25428248148511007,0.13687781218837863,-0.006321961913715581,-0.5989221496737224,-0.01946708916483472
291,2021-09-29,-0.5878846396510279,-1.2834135594238076,-1.1554781028689927,-0.31653816898096826,0.35322836901706506,-0.2434244590434417,-0.507041538729712,-1.2367203493786498,-1.118514988164335,-0.9537444675814083,-0.7310948876305138,0.39828183468415845,-0.8502552633435803,0.5700434898606918,0.9734034059301784,-0.1778009043048971,-1.5790349686541572,-1.3178374195789757,-0.4733762645402936,-0.4076023872304735,0.1125380896415259,-0.13804169466759106,-0.7296668886510795,0.003996372257973172
292,2021-09-30,-0.631570146992465,-1.083899091524611,-0.6995838682052169,-0.5060778989066094,0.30593602415510546,-0.4021019893313794,-0.49017851420553776,-1.0272312551256855,-0.9784682998539685,-0.723523069767232,-0.7902330428388397,0.3601026389586475,-0.9360279661635456,0.37535633524090417,1.0313510298698252,0.05909155512628846,-1.4644462098111668,-0.8542279812911945,-0.20337917920774928,-0.22858229314936168,0.09633884188367692,-0.165703572295113,-0.6410750736583082,0.009742094008137327
293,2021-10-08,-0.6529871798270226,-0.5278336847895773,1.3132682195832233,-0.6425454119812453,0.2672013478319488,-0.5238360965417078,-0.5229703236680595,-0.7129976137462353,-0.6330268139425649,-0.2583919044035238,-0.8565072718417308,0.33722219896711647,-0.8140911505764169,0.10936335720834522,0.6287799092395832,0.24534344218816176,-1.0777845360574172,-0.2957739147247104,0.17417772060686557,-0.07986367281665771,0.08377513395446963,-0.09709776387270963,-0.3914767786680865,0.040807631760019655
294,2021-10-11,0.21096413552664667,1.3927812166519964,1.3132682195832233,-0.6248884129237761,0.2579783525662997,0.2506976613943867,0.3723524192887256,0.4028227702261528,1.2382497692569583,2.0889668728493804,-0.04351746752288433,0.37201671422050936,2.8583992911677836,-0.5802665910378172,0.48649327212200194,0.3745937120588747,-0.48844818328575895,0.33571516568130455,1.0324611382086935,0.48870667464397405,0.08313547049569213,0.20556433028069387,0.24273679460103637,0.01742740159895912
295,2021-10-12,0.5800313527215467,1.4440780688230503,1.3132682195832233,-0.481288751130744,0.2777408988031968,1.4161521150862697,3.4782895770183098,0.9221811497282923,1.2496660941855984,1.2304915741344147,0.012678291063660169,0.40606659977003523,2.1393085450994684,-0.8307677725068662,0.48649327212200166,0.46421048174057,0.17298359692461335,0.8772533382291419,1.23880037415389,0.5506249110053462,0.08341766780378942,0.5057365306786223,0.7454850650064839,0.005405418566907982
296,2021-10-13,0.06687400636448516,1.4440780688230503,1.3132682195832233,-0.23629755008871667,0.3180700723742028,1.819517499913267,9.078540695813611,1.085117111925043,1.4525755238139078,1.0029464732288125,-0.09407474075694264,0.43124862248260726,1.6921275598780399,-0.9954256680432104,0.4991685524883676,0.527712214973452,0.6122405058227407,0.9931757604492267,1.137825854436028,0.5656717594313537,0.08455695185871548,0.7208601916444048,0.9897876366584188,-0.006422195471994866
297,2021-10-14,-0.31234501538502174,1.2165265456932615,1.0095640476894268,0.04460549792104084,0.36610189277318894,1.1553959081667577,2.968339099093509,0.8916306568164005,0.9078511728322177,0.4934929304155293,0.013320499621577652,0.44735970152989635,1.138204134201462,-0.025887485882250035,-1.003318499118896,0.4041715003101688,0.7502197470129702,0.743334049584162,0.7273424808003711,0.47074551273581716,0.08531025977166332,0.8047756279638776,0.941636331431139,-0.015721444790646275
298,2021-10-15,-0.48413974665427156,0.6927626381777102,0.07181512510921526,0.2456732087650851,0.40843447758208534,1.233938586339447,1.5044485927023177,0.4231897655007461,0.8210121421327669,0.23784163984067055,-0.049312329292738925,0.4618461339505705,0.7695619660419231,-0.3078891490661628,-1.003318499118896,0.19528592159074257,0.2535666020188185,-0.1931344137289481,0.1939336048994908,0.49834451845148153,0.08875337163615804,0.7514313578331756,0.6482871045893228,-0.02759036541149728
299,2021-10-18,-0.42951648859916125,-0.07379709245709237,-1.1554781028689927,0.3385414828908059,0.4311217696762027,0.7660937698432227,0.7740353982037751,-0.3813065478457113,0.08797635174122174,-1.4849116860410543,0.011203019120481739,0.4732186603368932,0.3956415838866581,0.4140925033520005,-0.8126218452485039,-0.018700543431537108,-0.44351501427604073,-1.0348000912344406,-0.44923018373819623,0.40633947460334197,0.08779652815573466,0.5511434100276491,0.14080085718508883,0.0024756864987668242
300,2021-10-19,-0.5789117543350205,0.010938950536106433,-1.0195378564287216,0.3287503072846353,0.4423317842956169,1.0400314724543067,0.4053288008101182,-0.31002206438463253,-0.0011007018449178973,-0.9072022699448113,-0.1142186631477149,0.4893974329936269,0.15578054218471862,0.11129177771133747,-0.8126218452485043,-0.21782121860651535,-0.9932180320312943,-1.3301258912328082,-0.31093899368981975,0.46202264220318656,0.08772333655145312,0.4437054365908702,-0.09280841736329853,-0.007445522784108018
301,2021-10-20,-0.5806801331929198,-0.18613903368961973,-1.1554781028689927,0.2601108393779116,0.4426692668865939,0.7179254154969401,-0.28279804097047806,-0.5238755147678646,-0.03346841192000929,-0.5984106494996771,-0.22403786138038737,0.5245981099036721,-0.05354625548671843,-0.12974998439383068,-0.7889675568797067,-0.39044924617965865,-1.2032290720539576,-1.1231600528735541,-0.29557330590666686,0.5738657307920829,0.08738439674703136,0.3408287068890545,-0.27122770398824686,-0.03549811326750533
302,2021-10-21,-0.38157377289611477,-0.9795141470632613,-1.1554781028689927,0.10422251029730446,0.4192453746637266,0.29876554427892094,-0.6269959556224032,-1.1900783754673658,-0.708187648779746,-1.2752863428668257,-0.20759284336726108,0.5336013599595103,-0.2749450639870119,0.6581195314855205,0.1404595601913695,-0.4312142835934765,-1.3168629245732553,-0.9767578956906201,-0.7323978585991574,0.21141874244041922,0.07054212228428956,0.09046241936117484,-0.6877834477428694,-0.017107148321632255
303,2021-10-22,-0.16511110158659487,-1.2834135594238076,-1.1554781028689927,-0.0779411014671102,0.37517280705082245,0.1102119474335991,-0.6315358218132422,-1.0145349463830802,-0.923289399343383,-1.0696840653896569,-0.11542139213913556,0.523515012152595,-0.486291683422323,0.9949968114287674,0.6193187616839401,-0.34766067938273004,-1.3672424650990516,-0.9171785664313984,-0.7389831533633658,-0.026933109748354354,0.047307546622907384,-0.13352187249693345,-0.9720488034247055,-0.006019581758386039
304,2021-10-25,-0.34247295148256457,-1.2834135594238076,-1.1554781028689927,-0.278973424349887,0.31918502272168436,-0.19247413504776686,-0.6352265271297574,-0.7927834992527373,-1.0693450949843732,-0.9504787427415593,-0.1997151047918836,0.4650954272038076,-0.6256431804487634,1.1809214220296989,0.9026663769477431,-0.17571667229643373,-1.1519236098845462,-0.5460609856875208,-0.545814506946586,-0.4276270801807551,0.02435391440812469,-0.27141615919650486,-1.0396315201595885,-0.019048194970694474
305,2021-10-26,-0.4191027019915323,-1.2834135594238076,-1.1554781028689927,-0.4866238893173687,0.2512999351344966,-0.23357309364044598,-0.6354757999393073,-1.009741077462915,-0.9850481175448945,-0.7694804030239,-0.219740812823508,0.3739121352848957,-0.7587465522613518,0.9794944501392657,1.0144895850913382,0.03983149217753457,-1.0322766838814086,-0.4434063693511129,-0.657764517938129,-0.7269998643136303,-0.00431147654212896,-0.41955603470551883,-1.112719042522473,-0.01472324155289383
306,2021-10-27,-0.3268195238144934,-1.2834135594238076,-1.1554781028689927,-0.6545335921382469,0.17459904954939914,-0.3191752529074399,-0.680062710024841,-1.1698214597905674,-0.8678104404917739,-0.6758725716011003,-0.21995829188528218,0.2712886233702212,-0.8771385800163841,0.7255790894691523,1.0969484187882141,0.2692803509151373,-1.10679889049447,-0.6843636090214611,-0.6182527493528784,-0.8875891540951182,-0.0349484027170397,-0.5432569043510277,-1.1258170600546522,-0.03293295042148909
307,2021-10-28,-0.2445571591655503,-1.2834135594238076,-1.1554781028689927,-0.7946342702139289,0.08344211745200494,-0.4192525768122183,-0.680062710024841,-1.1843480758154092,-0.9319345730337208,-1.1187738509809264,-0.15059869073519275,0.15478792151985518,-0.9899457589529537,1.208625947857164,1.4779999587948254,0.529833600701345,-1.3514067465690047,-1.0488577576478204,-0.8684939503927976,-1.094223053797381,-0.07577264244338379,-0.7371986147565408,-1.266700428762994,-0.027813653854019404
308,2021-10-29,-0.26721860675196296,-1.2834135594238076,-1.1554781028689927,-0.9209440104665484,-0.021850172182700685,-0.5040359087716161,-0.680062710024841,-0.8594881760318254,-1.1098346771148484,-1.303449824682409,-0.03505927783372662,0.033751747836849484,-1.0924048183672175,2.075063963458182,1.8550045799736017,0.8272755592234049,-1.2079271846665744,-0.7166952975007969,-1.0441018107716882,-1.1866699904289122,-0.12381241698142136,-0.934918980437872,-1.3864223496961083,0.00990515733551916
309,2021-11-01,-0.5238300276871215,-1.0437348057387503,0.6190923393021448,-1.0219934357990168,-0.12311430910857546,-0.38151520187738797,-0.6291668470939004,-0.7319730751821936,-0.778300620436796,-0.6106230310583051,-0.21760146763788596,-0.05201605532666764,-1.100116390400795,1.6414810946761307,1.777213146333635,1.1105314119073781,-0.8694248292469532,-0.19664318466222439,-0.5194733278897524,-0.8963310119959741,-0.15969479738918466,-0.9413140463495805,-1.1269967485510781,-0.012396852976828682
310,2021-11-02,-0.5899150005619492,-1.125578389414522,0.7958471976342072,-1.1006013275432356,-0.21915671050753113,-0.34803106431689307,-0.6225885176326245,-0.8701144344359606,-0.6573964865897316,-0.41364845790544863,-0.27513793024547406,-0.15199951647308874,-0.948452327298337,1.1763355683309724,1.3980418114621336,1.3208947130008266,-0.6331854171488409,-0.057172788855167536,-0.4360595942097794,-1.012797811816818,-0.19569960960696495,-0.9403307234844328,-0.90575799119551,0.011575160243661058
311,2021-11-03,-0.6489264580051799,-0.7488813745183053,1.3132682195832233,-1.1428380468249963,-0.2985210780606262,-0.3712439131068472,-0.5789678747136202,-0.7064816232562547,-0.5286442993768712,-0.20753681172590893,-0.4539130341851536,-0.23566881774389284,-1.0129770781727974,0.862357011016181,1.398041811462133,1.476895422377195,-0.4299738528163862,-0.001968508224311966,0.05564241485111441,-0.8635367858604069,-0.22254923621468337,-0.8183523573712695,-0.5041348060709573,0.02154992928713375
312,2021-11-04,-0.5996738320370228,0.17470415254482452,1.3132682195832233,-1.125061763365129,-0.3501222439667906,-0.3510131877482849,-0.47810849936265065,-0.32644035649374326,-0.2487264594127202,0.8189030538638354,-0.5242389154646817,-0.2817681657741638,-0.3993277856158177,0.5240789904344504,0.22435828883245815,1.4607727657900305,0.42812806722466185,1.0349539259002554,0.643928747120398,-0.39845265747007563,-0.24038490580105054,-0.5783573224194387,0.03626644901764852,0.01358390843481259
313,2021-11-05,-0.5780603126626986,0.6403596474368632,1.3132682195832233,-1.0637749473966356,-0.371999694648658,-0.34046839929488315,-0.1901772867712291,-0.0032798878892314437,-0.012678797542630233,1.6345867502519937,-0.5425722108158454,-0.30437783132792473,-0.027665351839795623,0.19792238591497308,-0.5180267097456425,1.2748745481034118,1.3414754302157985,1.898576366687243,0.8875846533961089,-0.13704815006185908,-0.25320688361726346,-0.31577237093771193,0.5105265444987567,0.0
314,2021-11-08,-0.5950236505958804,0.7968624272912784,1.3132682195832233,-0.9718468415469166,-0.3709439084059929,-0.2951850322084889,0.7925345301358088,0.008356342879536764,0.050407737389155986,1.0950305526669806,-0.5603994645694808,-0.3223843314396025,-0.22354348381426023,-0.026208493373802336,-0.45910671342251214,1.024140592846093,2.0409188481512537,2.1722153252696814,0.7207571860361627,-0.08482984492813542,-0.2608721026601416,-0.11941566570829823,0.766979209789553,0.014966801633318956
315,2021-11-09,-0.5018890307465197,1.4440780688230503,1.3132682195832233,-0.8351473274975991,-0.3451963822545622,-0.11765656098645595,0.8363248701521258,0.49315171680113395,0.4856769243010962,1.4688390769391728,-0.5746612675723901,-0.3168334554653269,0.3530058061650962,-0.2864020643056781,-1.4241018933352267,0.6525513230042432,1.920081437753361,1.348906775999123,0.8700238673582198,0.2162214956643458,-0.2584890915100862,0.10466112874533497,1.0236048060122203,0.007012105085456258
316,2021-11-10,-0.5496352599097996,1.4440780688230503,1.3132682195832233,-0.6645407976326457,-0.29896060764564464,0.009609319729384372,5.207918422448602,0.79424199631324,0.8068997967579424,1.4515699679110536,-0.6619255293196362,-0.2884698331089611,0.3098214668383737,-0.48208482898214683,-1.2377846892527178,0.27053427921571566,1.8855102921456386,1.0659649638428483,0.7734395441498298,0.41402334584394374,-0.24857227654941882,0.29544270747822626,1.1670913717354223,0.008504110006300478
317,2021-11-11,-0.4716301036224657,1.4440780688230503,1.3132682195832233,-0.4741607250944893,-0.2353989141697141,0.1925914032216218,6.292446366217908,1.6646393455665525,1.0231975396305533,1.140265335126351,-0.6084728572819394,-0.22307780638760502,0.3202245524303719,-0.7089478484942777,-0.9225555771577119,-0.05025860417319559,1.8653776838211418,1.1003191057964714,0.7185620877814265,0.8032413782255863,-0.23385401685227214,0.4657547179962735,1.2438780450944449,-0.0026980166684349304
318,2021-11-12,-0.5814660793519861,1.371869624627879,0.9313424265513822,-0.26086632563665574,-0.16335653195046643,0.07056822747073137,1.2233668939737998,1.6388447959530605,1.2095847105580069,1.1299785095971862,-0.6826535661418659,-0.139882360382899,0.1378981593012518,-0.8639086031925197,-0.889362551638324,-0.309904220576257,1.8350422619359135,1.0795029628073178,0.5056375570720217,1.0471236848076342,-0.21920336589866074,0.557919368997393,1.160223658044536,0.02553005871108049
319,2021-11-15,-0.42958198411241677,1.4440780688230503,1.3132682195832233,-0.02866300473161384,-0.07458220316572091,0.1592534273460882,1.5096738250864905,2.2329427741860752,1.6520239049417627,1.7145115398112387,-0.6313765216851329,-0.048902149292316205,0.7148528113451235,-1.0388136079417671,-0.044399102867440164,-0.42237676882146247,1.8530966335301875,1.1254698917047479,0.8766091621224281,1.2019672195112212,-0.20920670695658758,0.7475393755474213,1.2742299477410708,-0.005659324668901355
320,2021-11-16,-0.5817935569182637,1.3069697687208777,0.4950658852877465,0.20568038827265314,0.018590939469352807,-0.2800582708659556,0.8094518474517101,2.069279419300948,1.6003889063771053,1.3590299230873812,-0.72626143744606,0.05067515019744785,0.4745055470164557,-1.152068026899141,-0.04439910286743987,-0.450579584476317,1.7055197587804825,0.9215405127205003,0.5736856029688417,1.2694866450057802,-0.1952260219424017,0.8229077211365947,1.1533221615307852,0.0056593246689013565
321,2021-11-17,-0.5868367114389395,1.443810917905806,0.7467268988088619,0.4311849684388096,0.11382695786101722,-0.7271600432917935,0.6897331648559932,2.2329427741860752,1.358080025860103,0.9483729051416435,-0.8021693700548027,0.14619083312067152,0.256207219106839,-1.0989354015121156,-0.3524279450161805,-0.4680370989171174,1.763788532409823,1.0564033036565026,0.5561248169309526,1.210177389800863,-0.1809007876711874,0.8862093502966707,1.0341935866897236,-0.025530058711080623
322,2021-11-18,-0.5012340756139644,0.8085335112589435,-1.1554781028689927,0.621186337581082,0.19290662659427,-1.0809025178698803,-0.055402663523361574,1.2782212514227294,1.0172429934521974,0.1161190213702144,-0.6700980503067944,0.20156420564455213,-0.03660407747154045,-0.6666745219426466,-1.4024095257015834,-0.5963641102505777,0.854205323496382,-0.19499985609515022,-0.025576220574122507,0.7504776080987912,-0.1754798063807237,0.7746171157570944,0.6141932129026587,0.02553005871108049
323,2021-11-19,-0.5718382389034234,1.442743337191227,0.194996061706506,0.7674355459645132,0.27199007365752476,-0.9363794005004482,-0.13678293184312165,2.1165351183565195,1.0888793863637938,0.3940169375454706,-0.6055290216535506,0.26878395982085357,-0.2647788954429596,-0.8644679221879285,-1.4248307249216743,-0.7732965128305824,0.8332595956976696,0.1196490758052927,0.4507601007036184,0.8650814522991553,-0.17499585823255318,0.8315621806392435,0.5910892097546491,-0.0018828851354508467
324,2021-11-22,-0.602162661540733,1.3881284176140072,0.05192644351810899,0.8832163095742006,0.34635754751109576,-0.9127096332964835,-0.1171268281214107,2.0365467483239272,1.118904553400071,0.6210593633419116,-0.673977262693744,0.3318067102117241,-0.41768623358782014,-1.0077050137783834,-1.4248307249216743,-0.9605841229788235,0.6144931053555531,0.18631796355653982,0.32344440192892265,0.8469272265840803,-0.17515024170902804,0.8431488577443681,0.4883963303796023,0.017560697854680646
325,2021-11-23,-0.5557263426425636,1.4440780688230503,1.1184137258828943,1.0020018396407766,0.42353101284385014,-0.7548132246654977,-0.22327667231036777,2.361699332346629,1.429515405869565,1.9617545492963193,-0.6844872109080302,0.39862030273137206,0.003993897855993493,-1.1494098292474966,-0.5377365528118713,-1.0383604735496927,1.6164171975565238,1.7014963104889615,0.6549042383940786,0.8719457084022129,-0.1796545121477284,0.9313307447408637,0.5484441242165865,0.0029585820397450414
326,2021-11-24,-0.5650267055248486,1.4440780688230503,1.255326631934078,1.152304141002496,0.4998235894783044,-0.748709346886354,0.19557117602720853,2.210469597097374,1.5830652151548898,1.5826525703052177,-0.7719106062970832,0.46333539335830215,0.1302688418463413,-1.2527972807411418,-0.1787767175645013,-1.0136499597375739,1.7877798232228166,1.6273283895131678,0.6285630593372451,0.8328774345089334,-0.18299532237692612,0.9835411195816991,0.5296997957267348,0.0033179753941821937
327,2021-11-25,-0.5795012139543203,1.4440780688230503,1.3132682195832233,1.3139406405811025,0.5729353479298586,-0.6230743539328181,0.20436756989552216,2.3071368284006706,1.5855105712357667,1.1945820962836848,-0.8829373497534898,0.5219580591354187,-0.0014145627829133733,-1.3359539774167517,-0.14044996520930872,-0.934368285501583,2.087226153974796,1.576683721264422,0.6219777645730367,0.7831232988861556,-0.1792240221788638,1.0137254883794724,0.4738121640939636,-0.0051660631499001524
328,2021-11-26,-0.6252170822066788,1.1432168618552025,-0.1443287855783356,1.4651377168282915,0.6367633813391638,-0.5450937343983168,0.5996051808231065,2.035323097072446,1.3738327499271252,0.7758903796353154,-0.9401525697915661,0.5823407587580383,-0.17091830654401308,-1.1669383061106309,-0.729642737148896,-0.8998061687805916,1.8664670511115802,1.0737878545599528,0.35198067924049237,0.7595361051429975,-0.16239727910038898,0.9830411261697722,0.31609680397114165,-0.012283794882152423
329,2021-11-29,-0.6360238418938409,0.3215991883592268,-1.1554781028689927,1.566718668180972,0.6841406134071439,-0.3626001697829292,0.0007196804396893655,1.387210310871045,0.9878833502504548,0.023476955376050723,-0.9732822759312065,0.6104336066766338,-0.33021510479259975,-1.0459229144401736,-1.2082395465035274,-0.9445659651469124,1.1636559968745706,0.04712980359873781,0.06661790612479507,0.40533285759873666,-0.14523928444868275,0.878727126612038,0.053228123606267067,-0.002625165580362945
330,2021-11-30,-0.3474506104899847,-0.022424411485580137,-1.1554781028689927,1.6073444049159207,0.7168308545711025,-0.3603999468819283,-0.2666568815191633,1.2569442497238965,0.703532127799171,-0.7734426392745949,-0.8354339322622621,0.6402864884407312,-0.5368421317576402,-0.6207174675587045,-0.6138243740671256,-0.9594664525444295,0.3795487978912349,-0.6892598230830631,-0.0036252380267611578,0.43326227818470664,-0.11834751116909029,0.7867563909248995,-0.1341510533305681,0.03939401336745199
331,2021-12-01,-0.30959420382828956,1.4440780688230503,1.3132682195832233,1.6594733512667308,0.759577311268187,0.0760455677529237,-0.08396884018281135,2.256411481679038,1.8143424725397646,1.7779327187727931,-0.6524610554548911,0.6937644399002219,0.1666590862594082,-0.8885401114073852,-0.8165292555723394,-0.9806537282070728,0.5647490081293638,0.17424804365659183,0.7712444458950938,0.7495664828958737,-0.0983525982213173,0.9354261817017971,0.1627044509538209,-0.0185831545489134
332,2021-12-02,-0.5322134533838291,0.4161341939607908,-0.3109283353094164,1.7199777192827808,0.7948737145011785,0.21567613893930795,-0.3388888058510641,1.2792025963064706,1.5425022858132669,1.081566311185397,-0.6325074529171933,0.752657880115111,-0.0338431067491495,-1.0619337974001344,-0.7546778249560077,-0.9963810731482585,0.861744889737299,0.8368644524057232,0.3410051879668117,0.8160377169401271,-0.08083156468337334,0.905426380693962,0.06848154894837491,-0.004053810600305227
333,2021-12-03,-0.5650922010381041,0.20608830914833096,-0.6237691520077857,1.7796069867676387,0.8205000347518481,0.4789616880309148,-0.47821937549592936,1.081522936288349,0.9929450417923614,0.38400964870226467,-0.7176843300135941,0.7844061829435935,-0.20880477081755375,-0.9811470331597214,-1.1418055658177908,-1.0514631635629677,1.0805658866332437,0.9515923272603602,0.26417674905104704,0.5361416352116485,-0.06630565861758589,0.8491573090935876,-0.055666733324157384,-0.03954572903760011
334,2021-12-06,-0.4924576768377236,-1.2834135594238076,-1.1554781028689927,1.771581325493728,0.8168980093872709,0.7078700605093011,-0.5007600861504444,-0.8054192729754835,-0.5233820475712709,-1.030834714384084,-0.583546313437597,0.7850154254285748,-0.4456756226013143,0.21129405650951336,0.06978912140845923,-0.9862225985367596,-0.12070626857076873,-0.957429980011794,-0.4558154785024045,0.1915836284357184,-0.05329401606272529,0.5905465156396055,-0.5306409290815346,-0.007713111898725015
335,2021-12-07,-0.6063543743890867,-1.2834135594238076,-1.1554781028689927,1.619870830934824,0.7911817687541797,0.37898934064025475,-0.5051260337216712,-1.0292075673356231,-1.1449556144260158,-1.0717755241610498,-0.6974791232661464,0.7663996828319157,-0.5685023562860327,0.39423052570201633,0.39333129432433805,-0.8286268158755444,-0.8126618431502158,-1.539564975662459,-0.5063027383613357,-0.03246346705416129,-0.04935435572743298,0.3918570244088289,-0.7993739706320967,0.014222803659302076
336,2021-12-08,-0.5785842767687429,-0.7133199325157726,-0.5565728903930168,1.3819233655927856,0.7605160159771328,0.6812781899019126,-0.3151911375094769,-0.2868777515725935,-0.8540151301746158,-0.5362281017736332,-0.7285736391475912,0.7558394797589011,-0.5173786431885355,0.08367186846581384,0.08196979509900307,-0.6717015426571493,-1.143044111794717,-1.2415440534377493,-0.1441115263298737,0.06669239312622295,-0.04381546115529033,0.3526861300296605,-0.718207693164811,-0.00038175224743054753
337,2021-12-09,-0.5630618401271827,-0.7264912851466884,-0.21643517656090996,1.11402278650561,0.7281038200418222,0.4081567046762079,-0.5966282875934691,-0.3035416567972574,-0.5061589207583586,-0.1700002492870191,-0.8103403663614374,0.7427069195270753,-0.31312949649842603,-0.15306675042054468,-0.4511908804060378,-0.5877334604227452,-0.7500046689632603,-0.2717287604310858,0.053447316596378275,0.03400144511773973,-0.041380905317103936,0.3352701578500253,-0.6128857804422692,-0.006127939513146574
338,2021-12-10,-0.6472235746605361,-0.945403136920672,-0.4665169140023325,0.8877028597779555,0.6931210027149792,0.20432389241929053,-0.5858204647999099,-0.5701641403919401,-0.6193797219615844,-0.26408600801814097,-0.888396218023334,0.7263250660420173,-0.44955280633385897,-0.1450275676150871,-0.2306830275577519,-0.523108509102556,-0.4533924432098296,0.12278766117478464,0.07978849565321187,0.025522056732601456,-0.03974699808717229,0.3016186124793395,-0.5587702469048924,0.006127939513146536
339,2021-12-13,-0.6352378957347745,-0.6705079098292464,1.3132682195832233,0.7382402610486682,0.66171118271296,0.16263837713222445,-0.48010820892801137,-0.3035416567972574,-0.28204249980964813,0.6329677928606874,-0.941359046934736,0.7220603686471442,-0.28760817385337833,-0.36049220951798866,-0.7097379139909629,-0.527363806095367,0.1635638515607295,0.7171777229298344,0.33881008971207555,0.18925470354424595,-0.04255801113646424,0.3239528850442741,-0.41153789037358113,0.006090616467750856
340,2021-12-14,-0.5527135490328093,-0.3950944610009547,1.3132682195832233,0.6522978782299543,0.6374668816101353,0.31726955613552804,-0.14395431640111883,-0.03691917320257476,0.0020697023706498117,1.463496535854799,-0.9679262227003339,0.7238204024926496,-0.08971520027418362,-0.5639732726058125,-1.2425265849893095,-0.6261778557731058,0.7406087171448016,1.1645139762000105,0.42880911815625705,0.2678203789689622,-0.0431115294538572,0.3791430136114045,-0.2327537829367048,0.009066930267557045
341,2021-12-15,-0.5407278701070477,0.010082981023773219,1.3132682195832233,0.6391859700105387,0.6237806924340603,0.288062518600783,0.4678534863970334,0.3630145521894461,0.4535128886788036,1.832937320570363,-0.8912008216589574,0.6922074868830503,0.5404586668846862,-0.7951200719512717,-0.5794431431188505,-0.6907913520831879,1.1734691897949494,1.2943405049451413,0.5210032448551746,-0.0026249981604441405,-0.043071863779529165,0.46784497195758745,-0.02751043299389397,0.0011276077120372548
342,2021-12-16,-0.5795012139543203,0.06123860562546971,1.3132682195832233,0.699519725561907,0.6179195490739332,0.2656031440378083,0.4663549012842112,0.4130062678634513,0.5345525826695232,1.2882143285749117,-0.9625664346794655,0.6794133946984346,0.3169763111799141,-0.9339680970816051,-0.5794431431188499,-0.7326810153436422,1.0526566193198819,0.7148925546939912,0.4880767710341326,0.17221364332708283,-0.0365613450229996,0.5306927800439228,0.08868497393752559,-0.014759019088183261
343,2021-12-17,-0.589522027482416,-0.6237683403522006,-0.5368231015318485,0.7499133210868658,0.609418928795896,-0.06258879183525451,0.5795121734486035,-0.23688603589858806,-0.005705523367705146,-0.041657226132688456,-0.9532859581690661,0.6616099754150836,0.07063684208998355,-0.28521767392619823,-1.1104679182975963,-0.8191226049474329,0.3425796613266606,-0.41642868218950113,0.15661693456897652,0.07682872594793425,-0.03908786477450836,0.49073278095600864,-0.00922554223671061,0.06744128079553248
344,2021-12-20,0.1428488017408976,1.4440780688230503,1.3132682195832233,0.9124243592945116,0.6362013056232076,0.7360575874032107,4.0385721074640815,1.573539503336593,1.759365646532888,2.1795866072208163,-0.23788326307483534,0.7367498818961462,2.921553022730388,-0.8639271171513236,0.8218512576266436,-0.7044892193528831,0.5055133909776927,0.1502425904725905,1.385871957221211,1.0775842314608006,-0.04720253470622271,0.8366080873508156,0.6287648556754705,-0.006435488781991729
345,2021-12-21,0.8727308014605012,1.180917118132756,0.9461144235277258,1.137703169174973,0.6789927993827165,-0.4356770693228563,-0.2817447860822613,0.841020982160514,2.349137732080998,1.643332366922706,0.06894702529333238,0.8172375835231579,3.005059458755594,-1.1459143030680976,1.1889215380722147,-0.45544995296177637,0.3525990811998321,0.15507276572456466,0.9973395661329155,1.0901938511660862,-0.051834386193993186,0.9964714031623307,0.7938184089794108,-0.01736657249829859
346,2021-12-22,0.10204509698270367,0.5130693828475407,0.03797981036103489,1.3321077758124262,0.7189577624461294,-0.6383862171094898,-0.4469196102514474,0.3977694980988256,1.1045488795373235,0.38168715375009776,0.1563803823526173,0.8732878921414609,2.1929646095303896,0.07341037705264998,-0.4425467180263126,-0.3411685069269507,0.5719120278931034,0.4614597854126257,0.4639306902320351,0.7830964146423737,-0.05250086238680174,0.9765835510014981,0.5921459563619552,0.045308266501254024
347,2021-12-23,0.40483085476300945,1.4440780688230503,1.0919586895145887,1.6152588742808143,0.7794110518078757,-0.2500866441925991,-0.2746721852768564,1.5705390496787122,1.92238554344,1.1652824293789659,0.38751855910799904,0.9627788438243096,2.9199746226726693,-0.3744634059108191,0.3005730060124307,-0.22161408155447546,0.5803596156471241,0.44656375816622595,1.1970935073139035,1.2304368044564273,-0.06496080927600865,1.2006754551162495,0.8837662549655956,0.14669859602716442
348,2021-12-24,3.303531280426166,1.4440780688230503,1.3132682195832233,1.9023343143261482,0.937365853307718,1.5145641207208291,0.43267927863313715,2.0868805801017722,3.0842316849524583,2.2213147508542863,1.6343965713411712,1.1772321985378247,5.638683395996726,-0.9851478647567333,1.5348334679687277,0.029318634447139225,1.0843502249820969,1.0678530115078464,3.7982849391762215,2.884330715073751,-0.1650954512583807,2.2176307158068407,2.589045302782056,0.06979576193554192
349,2021-12-27,4.3491016540374146,1.4440780688230503,1.3132682195832233,2.1774706096185747,1.1896680871944274,3.547803133521716,1.4961395433839408,2.012222736824552,2.917775673167551,1.6700015780225845,2.448583167710823,1.4459081344147011,5.8278785951684755,-1.303087018365875,1.8518603569729726,0.36235783307730235,1.7314970974278991,1.776648655628661,4.226329098849767,3.6514993183761386,-0.25758679854881866,3.2409621790666123,3.965106218347804,-0.1100531568360186
350,2021-12-28,3.465567180220342,0.011622242304953543,-1.0271134173047303,2.4663662649183644,1.4057246944126554,0.9956402914571867,0.061273455814831804,0.7677915561208805,1.7425143440052817,0.8321830121712799,2.907134778971541,1.6091851203897618,4.12859718272019,-1.0730481706167596,1.3662948550261391,0.6556351245651922,1.4397173300903237,0.8980766807580699,1.041241531227638,2.2877251213336396,-0.26216588475973207,2.9950684246019303,2.7095871281986366,0.000313528768832621
351,2021-12-29,2.433423386826477,0.013440473207073873,-1.023930364827486,2.6809499715461707,1.5817614330267837,1.6476827114541917,0.6011190960509212,0.7711213101167264,1.1953686719244718,0.41398379819995823,3.027447905109127,1.7631880818712162,3.040451071026324,-0.4626550203756045,0.432064022923629,0.799891641180583,0.8866732453484878,-0.028482922422449496,0.5627101116951612,2.191217941318729,-0.26828380555621495,2.7405813508071044,1.6892180120521603,0.020785609497343267
352,2021-12-30,1.4020000440784226,0.07099120087397201,-0.9043148252503179,2.76502792813927,1.7304376132764412,2.0767628841085015,1.106520909430141,0.9770672068469582,1.1010568832278238,0.2770050888925941,2.7412636918218967,1.9276835528162408,2.3691611065694747,-0.7042921560627243,0.4320640229236287,0.8563411080352787,0.35754010825761334,-0.4358022122071585,0.42441892164678474,2.4091372220509597,-0.27231439483471814,2.6247453926207003,1.1303341090325687,0.10815060193683676
353,2021-12-31,2.8560004383511433,0.6395639277969338,0.08096573207153837,2.795467671616425,1.9192702004348237,2.8261709144887206,1.3862550436268612,1.9923043045333644,1.6456648145280217,1.4638481264780427,3.454180328058191,2.20299346241847,4.061479293322377,-1.036490623255308,1.3132833212447004,0.9622296970236098,0.7499965412760756,0.5573887132423235,2.0202553528399534,3.8732235030664217,-0.3068298151265918,3.2108449419376104,1.9863985753345197,0.002202037773918681
354,2022-01-04,2.385808148689708,0.6498996011260915,0.09732928073967513,2.8342287793137437,2.1136611761615045,3.5911732165429227,1.2815219858215319,1.853158493990099,1.617714407340564,1.3147908414352731,3.2027530941439353,2.4174468171319865,3.566370457727115,-1.1982772816075238,1.3910452451812985,1.0934209507477923,1.1220106812924038,1.139253889414937,1.7041612041579504,3.0737273995020082,-0.31559126267501336,3.4637961369854318,2.0527467880663584,-0.07387534761924355
355,2022-01-05,1.0614888706629328,-0.1760449114128114,-1.1554781028689927,2.864895613271861,2.241076540950329,2.683068838636142,0.284516241936091,1.0799424356012053,1.044340593728084,0.41716682675643124,3.1153935360299103,2.564477336840872,2.759943645621155,-0.20895297199399496,0.07847227295254976,1.0795803484284765,1.087419248652044,0.7811140071177934,0.23125027523000505,2.3003019239385285,-0.29075857025323226,2.967610719149907,0.7150230131045848,0.005314450063492446
356,2022-01-06,0.5588108064267556,-0.14418029741461047,-1.0432240648607778,2.877171070940637,2.316072421187838,3.123033111667611,2.875482674725887,1.13367945896414,0.8866451061284757,0.15149580183153427,2.62514376566893,2.730055905536977,2.25434511058532,-0.2798336102510621,-0.07825871745319604,0.9752931620084923,0.5665185041591397,-0.09268918095329286,0.12588555900267065,2.5546170571692888,-0.26464724113768756,2.597225044723214,-0.1216037079343188,-0.06571707165701543
357,2022-01-07,1.1473534885409298,-1.2834135594238076,-1.1554781028689927,2.796787673006669,2.307545752000858,2.241653532381836,0.6436560676737322,0.48883517860892267,0.49119162486501944,-0.6158041100272857,2.7260002751221197,2.7885431840952104,1.6283156932340042,0.31205801704944486,-0.9724657481250395,0.7330694021957678,-0.3611136862992584,-1.1811016187158943,-1.252636144971621,1.3629314898126563,-0.22960695765054076,1.8488177106478476,-1.4927175468906857,0.0
358,2022-01-10,0.1962931405574084,-1.2834135594238076,-1.1554781028689927,2.62749486559788,2.243935671725459,2.229046035359983,0.3006217095588043,0.40818659722594836,0.2312475035334915,-0.8828797447475317,2.155598283307449,2.689101271824329,1.3037296141714625,0.06744075082796024,-0.97246574812504,0.44024320777962156,-0.8725231716188193,-1.3191743982166892,-1.1758077060558563,-0.02180715528502291,-0.18870500302093424,1.338988305635706,-2.1466790675104046,0.001885014695771204
359,2022-01-11,0.22065747148846482,-1.2661034108431746,-1.1165612947435155,2.431297947408744,2.147208108411173,2.449895872483413,-0.0022826017509383857,0.4268433867904614,0.22650701416088928,-0.4531216281088564,1.9173592954723546,2.5116763214758002,1.3797462854210778,-0.20268987150529497,-0.6542816870034973,0.1811944701893662,-1.2908326601341709,-1.3293019656906055,-0.6797155004854902,-0.5972108320405163,-0.14557086927100893,1.007824311904405,-2.338148739847357,-0.004719215931646446
360,2022-01-12,0.06215832941008715,-1.2834135594238076,-1.1554781028689927,2.2100715498292414,2.0291295009144017,2.255676329563272,-0.4146162268622027,0.24099370994649777,-0.10192284996876404,-0.5169211568084109,1.4675974724424712,2.4537305917931107,1.0875106581796048,-0.3158915966337768,-0.7393505802881138,-0.049016250590529345,-1.2413890536980217,-0.8833071740386671,-0.28020761812351397,0.31238006380260414,-0.1004819224859779,0.7569920007803722,-2.3421854680377723,-0.024582243405335907
361,2022-01-13,-0.08487909784857312,-1.2834135594238076,-1.1554781028689927,1.9804456505723262,1.8875590554124975,2.088384502502072,-0.3357047616200362,-0.37255064333513754,-0.5247975964915491,-0.9281282622947409,1.1109486314912715,2.3764921834193378,0.8193887817299708,-0.18315524936665967,-1.0968680596789222,-0.2858238788144471,-1.3066456626490284,-0.8264976901559024,-0.49093705057818265,0.08867245359813046,-0.057420442536523626,0.4411186838494445,-2.4661661018989913,0.006764400088542063
362,2022-01-14,-0.0241647570606987,-1.2165807657559145,-0.23418708286366102,1.7597776579656201,1.7407460973896682,2.1696421755244795,-0.4084769953538452,-0.7672859460983796,-0.4956045534824728,-0.835755292695012,0.8825206732390001,2.2858504403759636,0.5594440175969738,-0.2412757946427819,-1.2675969814579138,-0.5258167795844727,-1.1937193342619035,-0.6602543289553483,-0.029966417083594776,-0.034888786886258454,-0.009532049837724772,0.29679738354331003,-2.2468573689924267,0.056480459807808914
363,2022-01-17,0.5980426188668169,-0.39847964871288866,1.3132682195832233,1.5888488897098625,1.62804681178672,2.4308997478912637,0.1875064775764096,0.041929549079995014,0.16153929271282244,1.389200196614192,1.0758917858890735,2.1206103397270746,1.2644817253298364,-0.5217693093517227,-0.37506669276805044,-0.6477280463674027,-0.23127607137260775,0.6828124920262137,1.089533692831833,-0.475561843243612,0.05773224304185711,0.5841018524286415,-1.2700797285599623,-0.038032099446166805
364,2022-01-18,0.3104518201617936,-1.026679377040038,-0.0701433969004481,1.461922203823212,1.5178061017123419,2.128693140663026,-0.10283613883560881,-0.507979323334038,0.05763613137281169,0.7934236860650163,1.2242674410637215,1.919357238854825,0.9920335133801694,-0.7579385369044065,-0.2615617928787432,-0.6867097467346079,0.2249412471593206,0.8936790773648102,0.24881106126789412,-0.8032764171467381,0.09606440835003166,0.5086165581975121,-1.1621914479082602,-0.007275059763516796
365,2022-01-19,-0.234470850124199,-1.1399272863115564,-0.30624028397708547,1.3577135813734407,1.4090179665528035,1.966734356365812,-0.353373430625626,-0.8251262412184518,-0.25981758513898795,-0.04592136113054801,0.8973209015520415,1.8021119073005918,0.7355534065330529,-0.7770530630055766,-0.4349703684402204,-0.6996495805514907,0.3466718137705321,0.4922396165830844,0.13027575551214293,-0.25354130691315196,0.1405324923883578,0.418178692604198,-1.1036408753705627,-0.05715841383994864
366,2022-01-20,0.05521580500500119,-1.2834135594238076,-1.1554781028689927,1.2267353842937265,1.2754234623578433,1.7344889965525767,-0.3526312573339498,-1.1366231712373018,-0.7441371731070318,-1.0936831362443509,1.0782501161213915,1.6326071092568308,0.3873565232752425,0.0014535247573779068,-1.1671709648034752,-0.7803776983836592,-0.6695338826454709,-1.1799473713430146,-0.8684939503927976,-0.7702614639880099,0.18241325850463933,0.01716199295219786,-1.6334025528299163,-0.02346647384950202
367,2022-01-21,0.2938814553081451,-1.2834135594238076,-1.1554781028689927,1.010701432895623,1.121751360911671,1.4740868030949412,-0.388738501354228,-1.1177173822244793,-1.1444754175102192,-1.1414275643106577,1.01123211710564,1.5190172326124882,0.13730078441364552,0.17575751176898088,-0.7340521510919351,-0.8405184967552207,-1.0577807820195384,-1.3677605903393248,-1.1450763304895504,-0.42434811905610786,0.1893969690680151,-0.3408822733598726,-1.9774318386126881,0.007542030950974147
368,2022-01-24,-0.22759382123236854,-1.14492428847075,-0.9052577586182751,0.7497715273559229,0.9680173807937075,1.515519044600552,-0.4172485836571747,-0.9687187839722704,-1.0427406417669616,-0.6222292380647131,0.8343536364575459,1.4109105383329803,-0.05892075662374996,-0.08169584593868931,-0.7340521510919352,-0.8852461077798144,-1.287968661198337,-1.1255894458588651,-0.7806900202033523,-0.36104810184580705,0.1573940807848973,-0.4743078623376593,-1.8356416307033752,-0.053308553454507
369,2022-01-25,-0.06549242592493684,-1.2834135594238076,-1.1554781028689927,0.4673233302064599,0.7971272236308291,1.408287183267362,-0.6187693150926312,-1.159594280316372,-1.2936442571314937,-0.8752698744719414,0.9457002497554668,1.2641507930618647,-0.27891396247116623,0.39016593737789296,-0.037657592853604885,-0.8403437296455502,-1.319409644144739,-0.9199803335782021,-1.2899528153021351,-0.8134356927423569,0.11608250852300354,-0.8158464504760184,-2.108579643473315,-0.01013766828445523
370,2022-01-26,-0.1822709260595432,-1.2834135594238076,-1.1554781028689927,0.2132005973972708,0.62135432672534,1.2004591266778009,-0.6104470776483549,-1.2004227340377898,-1.1832059586825554,-0.9747625497242272,0.6555034436692082,1.1138709800997417,-0.4103245686975523,0.2666476736795494,0.05856324287462857,-0.7425841319118209,-1.380946889107652,-0.9012760141067188,-1.004590042186438,-0.8565162334597194,0.06789398155979899,-1.0189174998081196,-2.0698594815311564,-0.038202309049840184
371,2022-01-27,-0.3027171749364591,-1.2834135594238076,-1.1554781028689927,-0.005901877022527636,0.4361086185242427,1.4268414677204528,-0.6091127726922932,-1.1867740394409547,-1.1485088480552612,-0.9781900986526338,0.5813768724354483,0.9627788438243096,-0.5533820181570128,0.6471486914232957,0.5275901627879933,-0.5732259840051255,-1.489300314003577,-1.0170478712174515,-1.1889782955842731,-0.9637801749865786,0.0077753443787784505,-1.280121626268998,-2.146809755000424,-0.011406967793376478
372,2022-01-28,-0.34332439315488644,-1.2834135594238076,-1.1554781028689927,-0.20602061593119378,0.2519176040421076,1.5216212669917442,-0.600170552960136,-1.1652107430829377,-0.9744447423057735,-0.8464712625932779,0.4177752388491774,0.791920173591699,-0.6671479889644408,0.5783703177542869,0.6659281910032111,-0.3656456808995547,-1.485309684040598,-0.9426900850684408,-0.9804439613843404,-1.1046316397800773,-0.05010043275414233,-1.418251138684361,-1.9798769874515276,0.0011465699708219088
373,2022-02-07,-0.3774475555610165,-1.2635729399724411,-1.050338001460094,-0.36664199426418675,0.08106989560191476,1.4263769342290546,-0.4753569644017685,-1.0958986150856838,-0.7961015237550831,-0.6278381061660834,0.20787849516253754,0.5651465819596685,-0.7604089449649596,0.39563448914949656,0.7160112220632043,-0.14989177340204451,-1.4004796317878272,-0.7804049584349116,-0.5919115702960448,-1.5181101220818705,-0.07694825303332453,-1.4095939509202025,-1.573815342534793,0.0003818980378668175
374,2022-02-08,-0.2536610355080687,-1.2564760585903652,-0.8257308952739387,-0.49168875151848124,-0.06966831641858752,0.9932799649551765,-0.48128744094551457,-0.8833652506387092,-0.696806120569896,-0.6564348798302371,0.0747278924129789,0.3799368665252694,-0.8497195607862282,0.47639767657239135,0.9228601989878367,0.07562211744401001,-1.0596707998959802,-0.33390922543814716,-0.17703800015091567,-1.2335012685999889,-0.08742929081844024,-1.3166200211471695,-1.0924285933690796,0.02078291315417659
375,2022-02-09,-0.15941299193336395,-0.8587059937259258,1.3132682195832233,-0.5644256295588281,-0.1876872978332737,0.44435714727389125,-0.18596492379853305,-0.6404336202550011,-0.3588024537032083,0.2307632794102098,-0.01282888495043856,0.22058610989786595,-0.3432792253109259,0.19756918500877388,-0.09411269828979434,0.17363199633447013,-0.32071799438075815,0.539942745907365,0.41783362688257636,-1.018601007897043,-0.10615755493337348,-1.068233306058999,-0.4187890880919792,-0.02460847252516003
376,2022-02-10,-0.17139867085912555,-1.134395477073041,0.31259611128405274,-0.6017410049813039,-0.28731516666049406,1.1540927749653442,-0.1896959992893017,-0.9275346379812021,-0.3673841052052478,-0.10187922640177922,-0.04810751464141707,0.10340847195307631,-0.487989240844374,0.12565227597543874,0.06855008957896795,0.21683395806408723,0.14981977682998976,0.7693037646801472,0.0688130043795312,-0.7616226034220026,-0.1235466701655535,-0.9780314022746402,-0.17355396789801705,-0.035502070532435925
377,2022-02-11,-0.16602803877217226,-1.2834135594238076,-0.7139946540702035,-0.6233670926281488,-0.38272091602340225,0.5280848536986045,-0.23221346191103287,-1.2238419214532623,-0.45225733067406715,-1.087246610636856,0.1543946571132624,-0.014446102086138111,-0.6533933640375411,0.2980720707047742,0.46811159599295704,0.2733649962669818,-0.20253049803429343,-0.21860602313045122,-0.5194733278897524,-0.8576183801328495,-0.16191470827809606,-1.0396600842593218,-0.2592454797090159,-0.022490907859893577
378,2022-02-14,-0.19052336072973972,-1.2834135594238076,-1.1554781028689927,-0.6491878201194907,-0.47669831287104897,0.11181133777308133,-0.2717859459412383,-1.113252036055982,-0.731002531071092,-1.5654255648541253,0.02878020450085452,-0.15585805221130603,-0.7559096365062071,0.6342793681687732,0.8433290018006641,0.3741701068362271,-0.8594205155521772,-1.1962376144046796,-0.7872753149675608,-1.0921821679920451,-0.20163604343635827,-1.119996275685496,-0.36252993517574766,0.0064777554446888656
379,2022-02-15,-0.445366402806999,-1.0713463664301788,-0.47020269791866104,-0.6886206832359683,-0.5582845163259639,-0.3673842875730651,-0.2906920370529064,-1.0289275230953443,-0.6793614891170353,-0.7915275350246863,-0.16336926429751547,-0.24372435726753738,-0.836866235708142,0.3771928058693028,0.8433290018006641,0.4893350412193868,-1.2255027350164687,-1.306261990860965,-0.4580105767571408,-0.6181868015718498,-0.23100581922300198,-1.0633894314765187,-0.19091722903306718,0.013229296968497282
380,2022-02-16,-0.3896297210265447,-0.5585968410428798,0.964770080455466,-0.7219957611564422,-0.6180975478362343,-0.7702409677236086,-0.3285406823256384,-0.7769303222766163,-0.48570159581333255,-0.20279160768331556,-0.30444636944539205,-0.313651855821532,-0.5897490060090893,0.13592686851016209,0.24328080708652594,0.5351175267381527,-0.8547944586404856,-0.3678000692680591,-0.023381122319386372,-0.4250894253314957,-0.25013054464358864,-0.8923333829907688,0.1588525009843215,-0.01970705241318609
381,2022-02-17,-0.273178698458216,-0.9335540843008583,0.40614771085268286,-0.7461497146393805,-0.6658850908185453,-0.6451725404842592,-0.5340680551360413,-1.0706619210073964,-0.5877945022359038,-0.3160371085937105,-0.3351319992733648,-0.35474187675306756,-0.7043344982052612,0.17098665005735306,0.46825107087357665,0.5669984715331909,-0.849107898983376,-0.3616216197167722,-0.14630662458460983,-0.2690188621827831,-0.2740691163733383,-0.824441989836324,0.24713894027852834,0.019308725381430757
382,2022-02-18,-0.41818576480595493,0.452504485312636,1.3132682195832233,-0.7424520614599047,-0.6908745628036096,-0.8032793110900457,-0.38309481226894676,-0.7199805835546684,-0.4686223929786051,-0.07160537272029152,-0.39760791280820185,-0.3761330573368658,-0.801619446756429,0.014763312749667355,0.5356854897064717,0.5967484158842562,-0.07455003128237647,0.5825454034971361,0.4200287251373125,-0.0033639441068133366,-0.28526983318197524,-0.6269191040371925,0.5584341876896921,0.02982952720597315
383,2022-02-21,-0.12528982952723386,1.4440780688230503,1.3132682195832233,-0.6960039273726099,-0.6823003168872736,-0.47557621776952785,0.07411719718484164,0.19161438416429113,0.22188318353248132,1.9911020173878313,-0.35909135440033213,-0.3787054144956769,-0.009552507046616436,-0.24622334370488874,-0.967587494793714,0.4543597550358623,0.6843210914482559,1.341178506578857,0.9863640748592347,0.252187025644543,-0.26017975390479187,-0.3034504176181937,1.0412938456539893,-0.008153801726932957
384,2022-02-22,-0.24658752007647167,1.1871476005603423,1.0189856652129692,-0.623940584088928,-0.6529165438058259,-0.5715199525883315,0.11704126637177581,0.20073141437839467,0.3667614478240997,1.2781173182875156,-0.46418465900035066,-0.39441033188631375,-0.1693592140311173,-0.4332965934779476,-0.967587494793714,0.23576883935904258,1.5327194757314178,1.9219271142136825,0.6483189436298703,0.1753706006992059,-0.24062698976476454,-0.11304704062875642,1.1805404566538622,0.036367644170875006
385,2022-02-23,0.3965784200928129,1.4440780688230503,1.3132682195832233,-0.48590599477140367,-0.5905352405079068,-0.5375938220346764,0.5284755814321455,1.4735015960722486,1.3928268710454648,1.719823747668266,-0.1753064409011787,-0.404361292474347,0.9149789471570564,-0.7112358039332652,-0.3837881061349198,0.061628413337037655,1.5161479572037373,1.2484407189387792,1.1992886055686396,0.3161204782678056,-0.20442578100386558,0.2217204700092821,1.559955583830177,-0.03364231641823484
386,2022-02-24,0.6086528920142125,0.682653242765548,0.35026377499400513,-0.3109880785275749,-0.5235665538878955,-0.6077320720348203,-0.2470730004603181,0.17971159471809992,1.0686585612981072,1.043026060439299,0.31812738381267025,-0.41363531696795425,0.41179386826078623,-0.5680530423741066,-1.0211277811869601,-0.1471083186880702,0.8625700972174175,-0.013120223960537664,0.3541757774952285,0.23426629395644147,-0.1891331831866193,0.2611997577150619,1.3152731865256475,0.027230829246779182
387,2022-02-25,0.36907030452549117,1.4386312826702707,0.833895369857343,-0.11967174524983414,-0.4405409094968315,-0.30198725400893833,0.15324386494344075,0.9191723890627279,1.2850896263735845,0.9963872917173762,0.3557246691680889,-0.3729514576930721,0.12677778556156324,-0.7879693452213323,-1.0211277811869597,-0.3564564940188336,0.5135649843601057,-0.2361106305372403,0.6988062034888014,0.8182409544335068,-0.1731870158367182,0.4400594998245052,1.3782927054775813,-0.024125236688626005
388,2022-02-28,-0.10878496018684082,0.8948002477607747,-1.1071563224461805,0.05760800710393916,-0.36078553450654527,-0.5328442113582103,-0.12447701999823031,0.26303112084144,0.7847901861270242,0.12471661100163531,0.38896311492512814,-0.33145527510488304,-0.11843805895507395,-0.5487672609539017,-1.183405969937412,-0.5672297992049302,-0.20361572307139356,-0.8458100721879047,0.06661790612479507,0.8025577680248802,-0.14579624287567433,0.42596098051706666,1.0704735235689131,0.011943890783465584
389,2022-03-01,-0.17257759009772505,1.2317799455648686,-0.33198587009739605,0.17920034782375172,-0.27861138505104976,-0.6738948405603725,-0.1335440136963659,0.5858942845693743,0.8016627908159676,-0.1845768104068686,0.22275620569575694,-0.28589747595015125,-0.28480946001880314,-0.7242655180930512,-1.183405969937412,-0.76152422736325,-0.2909016500562635,-0.5381656034400946,0.29271302636261676,0.8551120130929105,-0.13564014909109076,0.48479710727328135,0.959624290950264,0.03905866366890696
390,2022-03-02,0.5224607965699376,1.4440780688230503,1.3132682195832233,0.32048963921943824,-0.1768439789367659,-0.27683366908868084,0.3104762263474384,1.669048124172771,1.4942837087593326,1.275107963497304,0.25414278689291886,-0.22226548307429814,0.24537022596338584,-0.9181788452685872,-0.680866061175272,-0.875180172512023,0.017206916878604046,0.22331554840058765,0.9534376010381929,1.1073720432405663,-0.13181937871851787,0.7318569004125425,1.2203897352317201,-0.011856381942411733
391,2022-03-03,0.0245639048014141,1.2025784254725795,0.49760872700369024,0.4691991355134148,-0.07249800579404177,-0.320121679703406,-0.16503373918999503,1.3357700196794176,1.4114354160454152,1.3084606734188104,0.09909685590646543,-0.14908869126706642,0.12352840400109431,-1.0511204069634938,-0.5850117828008883,-0.9276639815041301,0.7072236064539844,1.1107320632027056,0.6527091401393426,1.1853450000805177,-0.13358764902833628,0.8084612916814798,1.1125447601950804,-0.0268193600293024
392,2022-03-04,-0.11710289037029288,0.6460632161801075,-1.14226379710938,0.5990274001510412,0.015707448587073694,-0.29159372732687905,0.016776901963905196,0.5698966954397867,0.7667744534353201,-0.12259701514273082,0.006666285844350525,-0.1111802699793245,-0.07776204045897879,-0.6377606649666406,-1.3583932610639182,-1.0314036656351786,0.724212013436425,0.7311066960034543,0.005155154992183333,0.7358465100374156,-0.13361020775668997,0.7002867678938494,0.6832192696027923,-0.047833500937568454
393,2022-03-07,0.36009741920948385,-0.20954996051539493,-1.1554781028689927,0.6383478514104912,0.0668674316378989,-0.3026802784021847,-0.39828353866421556,-0.7190347634365267,-0.3919079040808486,-1.358595326650047,0.10971640826613743,-0.13466995245583455,-0.3014325622101811,0.23529458034916076,-0.12419197463496935,-1.014384858594329,-0.10615803286799566,-0.730223194372519,-0.807031199260186,0.024359680645758493,-0.1419212510535822,0.382678658927895,-0.049063023188390904,-0.04057102200042846
394,2022-03-08,-0.0874334228655387,-0.7808186728498779,-1.1554781028689927,0.5200654182211009,0.0746127066658049,-0.5043033955886579,-0.4001697037059708,-0.9791517908709056,-1.2365000386996512,-1.2450487283266132,0.19531712367627227,-0.16547054475212566,-0.49236980462007646,0.792503882920276,0.5205457517996493,-0.8648233519154797,-0.9417193034228774,-1.584010089184716,-1.3931224332747334,-0.2566585997796984,-0.1648195187775634,-0.0013198680031505784,-0.7581453468428908,-0.033166305226885594
395,2022-03-09,-0.1366205533204402,-1.2834135594238076,-1.1554781028689927,0.25686231759068195,0.041717123183048585,-0.49462495281868696,-0.5188034573827519,-0.5321885740636205,-1.7616223330039034,-1.0689922398567644,0.4313104220577424,-0.2507644926495459,-0.6829899209856397,1.6124741044234223,1.149426711477218,-0.5893052670712471,-1.0905758323631218,-1.1209637393182923,-1.6697048133714862,-0.8295677439249131,-0.19732492656729894,-0.3663558499039331,-1.2902064758887952,0.02011623578821672
396,2022-03-10,-0.33068375909656955,-0.8045678802523379,-0.5880074446598467,-0.04180440968695395,-0.0030038545984521483,-0.32726309889074245,-0.6267183315114883,-0.23915323388834028,-1.085392031184693,-0.4890635457295222,0.2187066417293895,-0.2967961470703758,-0.7818929454316847,1.2204890706162173,1.149426711477218,-0.27201489417073577,-0.7671394911050664,-0.26500821125525537,-0.7741047254391439,-0.3901519695070389,-0.21730243936774593,-0.45263800043196656,-1.198337645077231,-0.008083430528745056
397,2022-03-11,-0.02835646990905249,-0.9158054182138677,-0.485777313508132,-0.295213495297846,-0.05402828296897807,-0.37076829871913675,-0.6259660580920735,-0.3576143288528156,-0.9357297537128176,-0.5340178310554056,0.2003332561565454,-0.36340665876169587,-0.8920224846281546,1.4096468550082344,1.3849211264955692,0.06710212798354448,-0.42185838342919785,0.15313442986598513,-0.45362038024766843,-0.6814607573234717,-0.23636658214511244,-0.4993085736054007,-1.051302088971134,-0.01810394272772934
398,2022-03-14,-0.3133929435971102,-1.1630622162775217,-0.43820203214043296,-0.47162515788843884,-0.11204224278509937,-0.3753654291814487,-0.6229802265695316,-0.6194756966690225,-0.6596588029793934,-0.34884719655325414,-0.000841883191323763,-0.389401004787576,-0.9284351848152218,1.0544240165900352,1.3212917940442048,0.38253484319519515,-0.2752423996268708,0.0902205667237469,-0.3745968430771676,-0.632515511805836,-0.2572290695492495,-0.5662161541076614,-0.9712444646384171,-0.04401688541677421
399,2022-03-15,-0.2994423992736827,-1.2834135594238076,-1.1554781028689927,-0.5876034469747685,-0.18834495961593772,-0.5111270508947438,-0.6099837625211704,-1.2367203493786498,-0.7554067666457938,-1.1550613884719465,0.005730731383744354,-0.4364480633500431,-1.019169673819762,1.4440636547804888,1.5964910650797184,0.6910033424460633,-0.711771004743025,-0.7266273996287459,-0.8662988521380613,-1.076242864730494,-0.29492736460092955,-0.7569827215041416,-1.1371475713350812,0.01533634028273873
400,2022-03-16,-0.26630166956638557,-0.9449405370534061,0.46659877134751254,-0.687131116340276,-0.26207163993952115,-0.5134701556358844,-0.48425841237297984,-0.5865817810073813,-0.681599086087203,-1.048018186473925,0.07420117249789794,-0.5346037970415202,-1.104565621975153,1.5912200512059076,1.7729608944959327,0.9905322668475578,-0.6132605173677483,-0.46993544719022223,-0.30435369892561137,-1.2569770244908327,-0.32301871508812047,-0.7468965231303126,-0.8969787937924704,0.03172072119985834
401,2022-03-17,-0.16275326310939586,-0.26094914239856815,1.3132682195832233,-0.7404101361105787,-0.312565734475979,-0.5140893180286209,-0.23400719138173168,-0.15315606875986873,-0.2602234151660826,0.31170519680778463,0.0183559138445478,-0.6023651000933583,-0.48690791845848946,1.1380930236429432,0.6900820713287705,1.1395818480677238,0.011342522586010163,0.5508999488732089,0.39807774258995116,-0.9216435038141085,-0.336615195938541,-0.5394799312612036,-0.3384919350943789,-0.14888845827718739
402,2022-03-18,2.8068788034094974,-1.2834135594238076,-1.0538672497789194,-0.8252154183537816,-0.40765120908494396,-0.8193411042499148,-0.5800038361244609,-0.870555596788479,-1.0938267483234303,-1.6112976666225278,0.9313468011514707,-0.727936745609006,-0.7807894447400849,2.799779611897587,1.5879278056372073,1.300400693155866,0.25548308132626574,0.604033430850381,-2.128480348611338,-1.8253247563988908,-0.4058757745218869,-1.0078168434061456,-1.1462660910833087,0.016966474851804227
403,2022-03-21,1.1613040328643573,-1.030215994835705,-0.4997806780773146,-0.9087348296108736,-0.5148766764621716,-0.48368260999168117,-0.3567763202173577,-0.7205603969322651,-0.9835261548059526,-0.8514794523380911,0.7451604439125703,-0.7778269357680508,-0.8831823108956363,2.2042543120051383,1.587927805637208,1.4540961957204745,0.06621966939232478,-0.015217063500871715,-1.305318503085288,-1.3593580118251127,-0.45636416480858255,-1.1544672656208568,-1.1952614691297503,0.0029644290483788753
404,2022-03-22,0.41982932729852535,-0.9586663932660268,-0.3909601928785202,-0.9792222814724503,-0.6189369488853601,-0.23507055478225614,-0.1807643339118145,-0.6940906557811691,-0.8443427990062605,-0.4397918606846997,0.4160561621772658,-0.792042593750956,-0.9536644275510143,1.7943245460536372,1.587927805637208,1.5916107682167815,-0.6046270980781598,-0.9869998879783466,-0.809226297514922,-1.02890768801192,-0.49853637796077616,-1.1565250358479262,-0.9660156796746661,0.01079500178689959
405,2022-03-23,0.19904395211414058,-0.6532719496725292,0.0028558093716566416,-1.0591154863689702,-0.7069097796825398,-0.1338816835555565,0.01145495805079953,-0.5543344999988065,-0.6272287647660484,-0.20895772846032784,0.13380903195279406,-0.7914333512659735,-0.9801939084131922,1.4303276972570445,1.5297982786499544,1.7031236700993506,-0.4023266395971858,-0.3527869734651221,-0.32849977972770883,-0.6803023096224096,-0.5278886733547297,-1.0389415222473943,-0.5605001778508608,-0.02220668603414431
406,2022-03-24,-0.09417946073085809,-0.6871728240925474,-0.4081530534655738,-1.0870304586217159,-0.785414008681174,-0.27777666816465285,-0.15195247186200542,-0.7189153847703335,-0.5804522722099502,-0.28941169638114383,-0.035097557718095314,-0.817698471729625,-1.0472811866382785,1.254290727164474,1.5892357566209134,1.7989344475733955,-0.30179936159352444,-0.02099527417368638,-0.41191351340768195,-1.0161886497681245,-0.5617237752466054,-0.9888844630450369,-0.3614533632838886,-0.01053433368495944
407,2022-03-25,0.14081844082997622,-0.7742186128940011,0.029309424057197477,-1.0843368627138952,-0.853918797845717,-0.327956620848964,-0.29979071832858334,-0.7564240429031551,-0.49803103429510437,-1.1280947372304722,-0.25872011869054523,-0.8578407821289655,-1.0991972530962921,0.9887435494234147,1.6009765749344964,1.880229621891454,-0.29223276836735756,-0.12992654879276022,-0.06947818566884516,-1.0352076653576545,-0.589240442254181,-0.9336009027062331,-0.19251270141140764,-0.014732295917067846
408,2022-03-28,0.1871237687016345,-1.0293192927473713,-1.1554781028689927,-1.0722025297201339,-0.9142229159538213,-0.4757428282630585,0.10013827480523756,-0.8664113443860354,-0.5049877810105885,-1.3806211874854248,-0.43761816746850596,-0.8916198932407212,-1.1470862244508944,1.0349198795013284,1.7046569754211702,1.9591124116876053,-0.6177773886441504,-0.6352628422085083,-0.32849977972770883,-1.0090316225596974,-0.6179865586490926,-0.8936683492124006,-0.08585993544544779,-0.01859557715934446
409,2022-03-29,0.025611833013502547,-1.2834135594238076,-1.1554781028689927,-1.0620506510175485,-0.9693369598526205,-0.6284992653114952,-0.36734586350663656,-1.1300159250710065,-0.4915322457958288,-1.0699070243189,-0.4985605522005441,-0.9012323857815421,-1.1987879831765833,1.0036952943516555,1.7952572782739915,2.040487657542365,-1.0314731437527531,-1.0930611566546085,-0.5414243104371138,-0.80880417399701,-0.6432912477977744,-0.8788390090865398,-0.04714285105978116,0.054780429365245305
410,2022-03-30,0.5368698094861538,0.9252313703132011,1.3132682195832233,-1.0321808510710055,-0.9898329337764674,-0.4148345372001981,-0.3501114763137906,-0.23837388457936315,-0.15083806190994742,0.4460031049964637,-0.37664111646010673,-0.8941245567900902,-0.6378422478084167,0.5638163258158112,0.6102397037870103,1.9835677438514179,-0.27429801329084885,0.2776977005091585,0.6527091401393426,-0.48787481493143875,-0.6373323963344244,-0.590396758004527,0.4918042243372238,0.014212442121706272
411,2022-03-31,0.05095859664339187,1.4440780688230503,1.3132682195832233,-0.9673426467460328,-0.9760854279274541,-0.46041000012466915,-0.37191726783199136,-0.0010620199959273462,0.1742486027860276,1.6113770521012676,-0.3992090318305463,-0.9087463764296487,-0.25025259542662703,0.24610715319272758,-0.18715582286551172,1.7712913912065298,0.6990947312302314,1.5166290640563855,0.9622179940571374,-0.6318911227360802,-0.621567143149256,-0.3080512126824239,0.9116431044447412,-0.03163882286613867
412,2022-04-01,-0.12528982952723386,0.7298680568030661,0.5236565303440347,-0.8844545260460537,-0.9509303929533208,-0.384507509658096,-0.36895654843070075,-0.491516737228792,-0.012752543592096485,0.6828779463540486,-0.4488695388539472,-0.8313048872275464,-0.4050924404514793,0.173878430505034,-0.021395015373518997,1.5156736939779536,1.2531198926412184,1.600961049919333,0.27954243683419994,0.3824440067812951,-0.6098957632418628,-0.22872935936658018,0.8705925334894546,0.024312782774065653
413,2022-04-06,-0.08579603503415051,1.4440780688230503,1.2850334512237662,-0.7755847998405153,-0.9040614719862202,-0.4477448385477001,-0.1135801799766115,-0.07180435797197761,0.21462319194229276,0.8975840670023689,-0.5233647366724222,-0.7398508208708691,-0.5353969361687487,-0.07254173212667228,-0.021395015373519885,1.2588098166335018,1.0863682482781334,0.7471879649697527,0.7141718912719544,0.4500440533634555,-0.6002709357179334,-0.048473144941035086,1.0251407902430507,-0.03542400819913641
414,2022-04-07,-0.22497400070214743,0.691167978585161,0.43675042687493876,-0.6843351612749978,-0.8576231693367488,-0.435514928486427,0.007215159402636144,-0.6799590299563412,-0.1714393010354274,-0.05785329927603082,-0.5387122503093335,-0.6779788618405154,-0.6630211243410717,-0.04300008868399976,0.22791920221775333,1.0502442985549016,0.338416284982296,-0.4681691915760806,-0.09362426647094264,0.10221706424878643,-0.6022852340955656,-0.056333514661592546,0.7995333677625875,-0.021561410224759228
415,2022-04-08,-0.12784415454419945,0.2728845226560737,-1.1554781028689927,-0.6480204443331843,-0.819195972995768,-0.5765629762007324,0.06649553225157509,-0.9418974107883752,-1.0236305224768523,-1.3477506163548991,-0.5035809991282874,-0.6364826792523264,-0.7859747025985627,0.3230992229309588,0.7172964565732868,0.938240219385626,-0.12041277685417734,-0.7477109910998052,-0.5699605877486835,-0.18076142964216046,-0.6115467095131971,-0.11925580995360333,0.5168227435245961,-0.05383660725945255
416,2022-04-11,0.15417952553410394,-0.6388849791473856,-1.1554781028689927,-0.6743350316122546,-0.8071189703324247,-0.8148337210737736,-0.41659395546625866,-0.9729750868299495,-1.9871941869429006,-1.3893809138183089,-0.3743362390568916,-0.6189500344067442,-0.9105213255815876,1.0545599571527187,1.2913030638283207,0.9490319447226817,-0.9919721634868783,-1.4933506734484085,-1.3404400751610661,-0.44867572501716846,-0.625303851830702,-0.33128025565846864,0.013840086483378885,0.010351495319713553
417,2022-04-12,-0.11913325128121424,-0.2716906451793887,-0.7118694821355983,-0.756525996058755,-0.803458798444139,-0.673477872665885,-0.44707998093358353,-0.5508929574790621,-1.4718515524367775,-0.9066717368468474,-0.4321319221077277,-0.5938357053036168,-0.9929264835982187,0.8641664784901243,1.3622015243277277,1.029546345116229,-1.0606181923531426,-1.0524696054207847,-0.7543488411465187,-0.27271885213934205,-0.6306657895435057,-0.382904111574993,-0.09075587297150184,-0.026360669691068508
418,2022-04-13,-0.15410785535966617,-0.7028424720682042,-1.1531921502211522,-0.8618970164878922,-0.8123800564634853,-0.6703721139690823,-0.44455292870264745,-1.1494332267732474,-1.1886252827919415,-0.621531956239505,-0.497332173384627,-0.5704137164365466,-1.063998320533502,0.5289984316184763,1.3622015243277277,1.139060934792186,-1.165226939975474,-0.8202960790645633,-0.9519076840727707,-0.37113770168587873,-0.6412826267397465,-0.46998198995662344,-0.24025446360661548,0.0027785513847243203
419,2022-04-14,-0.2542504951273684,-0.5975382906669112,-0.9104769551933182,-0.959221527918336,-0.8231592199861357,-0.4967718568980156,-0.47507296485726436,-1.087085282055103,-0.9120528328362907,-0.4823496034277485,-0.6537927510054096,-0.5437424343162429,-1.1146953351931805,0.28991611549401386,1.362201524327727,1.254431572903989,-1.195970265518716,-0.7937439287433772,-0.45142528199293236,-0.18934778025556043,-0.6554387594158039,-0.46813162073141856,-0.19475445669218833,-0.03214260353175572
420,2022-04-15,-0.06902918364073536,-1.1202037377907925,-1.1554781028689927,-1.028749694028942,-0.8439752564265445,-0.49869585158024005,-0.4864376837722992,-1.0813788599961565,-0.9782136389591566,-1.0255881453113804,-0.6493758967211332,-0.5709552653120857,-1.1768122505543792,0.800696062848176,1.6926252896840954,1.4004357589389234,-1.372294435845641,-0.9885916167563624,-0.7016664830328514,-0.90501469504393,-0.6696231403535461,-0.5372334622188303,-0.29008009285993286,0.04153234388159476
421,2022-04-18,0.013036694468441178,0.437352976912114,1.3132682195832233,-1.065680117550896,-0.8473594393878073,-0.31529949847276595,-0.26279445982729355,-0.140782032221934,-0.5785265089624108,-0.47646696763726576,-0.5130964794401031,-0.594918803054695,-1.244927736844836,0.641242498669764,1.7873014799000908,1.5607704670769773,-0.4430093649429738,0.410563099694571,0.40685813560889567,-0.6867470623293266,-0.6504566153919701,-0.38287377364646835,0.04852474414207402,-0.02167353523199143
422,2022-04-19,-0.28686726072862134,0.028160399151320514,0.6334615607291609,-1.0724601247360688,-0.8447681048035124,-0.4326553251841273,-0.157464610262864,-0.5190262301786763,-0.38479217068095933,-0.004684503739708615,-0.5715856716686413,-0.6098113971320215,-1.211221482247556,0.32829998524977894,1.6008590356772487,1.694414787344053,0.13506144309045653,0.9243062496417003,0.024911039284808548,-0.6056351369768245,-0.6661503870598968,-0.3273676228278654,0.13588303273534813,0.03423857352912134
423,2022-04-20,0.2848430744788822,1.2492507491501952,1.3132682195832233,-1.0466059800916652,-0.8185346199085063,-0.1872690921101469,-0.046167563120682154,0.08228505888076011,-0.14144751475441816,1.0159177475281436,-0.548843441051963,-0.6242978295526955,-1.033094828997002,0.009034343053481695,1.022280996534364,1.7386324687092596,1.3323670643345238,2.0094805337759643,0.7888052319329829,-0.5240371835931821,-0.6719016752395087,-0.13104003531919203,0.46721034215554,-0.062152661639043046
424,2022-04-21,0.5339880069029106,-0.014481215255474692,-0.006315152887518079,-1.0091501640403882,-0.8025134574682461,-0.29621187248242403,-0.22527367111022284,-0.9942561199191997,-0.45416483012365655,-0.7845198884048584,-0.3915824877596016,-0.6447412996043,-1.1283572341020949,0.20611194603167501,1.3526854462995748,1.7706763200029716,0.6041579821634844,0.26067801689101716,-0.4382546924645155,-0.7419354024113707,-0.6901870574410057,-0.20595679667848285,0.2286961128777232,-0.03348330412678868
425,2022-04-22,0.19223241873556568,-0.5794229189837802,-0.4874766765762652,-0.9959484163559529,-0.8040179177888351,-0.3531500893004703,-0.42332620965388845,-1.2367203493786498,-0.8158821326246629,-1.3872455193540127,-0.4585713909607162,-0.6626801061065344,-1.1865526536790219,0.4251540936827094,1.5822273380589105,1.8196410240713319,-0.05030533176527366,-0.8554369791406233,-0.8882498346854228,-0.8372629975618093,-0.7130853678460025,-0.3329805225434705,-0.05885395236398688,-0.08148739868625973
426,2022-04-25,0.3255157882105651,-1.2834135594238076,-1.1554781028689927,-1.0358837394727163,-0.8459549866918473,-0.5272438638405103,-0.450162591368874,-1.1452447851894965,-1.5378837359202302,-1.398451862993829,-0.26247373317791606,-0.6863051758019337,-1.262112282789471,1.6403863973638018,2.048538601015044,1.9255480374676048,-1.2944205452118605,-2.057296444957516,-2.146041134649227,-1.0540329661513772,-0.7592302984884783,-0.6346524778231775,-0.6131354885116697,-0.04846617259037885
427,2022-04-26,-0.049184043124310385,-1.2834135594238076,-1.1554781028689927,-1.138966932889595,-0.9257104294492986,-0.6611150395877722,-0.5685555745170516,-1.06951832736087,-1.7488234657779143,-1.110947680552792,-0.19093227871470983,-0.7422877908107933,-1.3171510172557566,2.055316545228001,2.2010517248548083,2.0689692433354563,-1.44441942134486,-1.5017774004957838,-2.42262351474598,-1.495676348249495,-0.8119673401188032,-0.912041949063194,-1.01147930615235,0.03935152615628021
428,2022-04-27,0.04860075816619286,-0.32780127828124983,-0.2289389633693282,-1.2518815646838377,-1.004910219831992,-0.1687074364146048,-0.45951509922241685,-0.5085305183281056,-1.2199922787241135,-0.6275962734125968,-0.1084141753625052,-0.7698390898538497,-1.3651067133847263,1.7435570313850837,2.2447138669077025,2.2247200914979435,-1.0688385754073932,-0.4063171248864268,-1.1341008392158698,-1.0005425540571924,-0.8449890081228993,-0.8972449798215374,-0.7876984454778059,-0.015156797569223309
429,2022-04-28,0.08082455068791261,-0.47985154525561813,0.2985745406675918,-1.3385746368130775,-1.0809195391904973,-0.5676224604845946,-0.6004866329660737,-0.5708150741897825,-0.7467685286774418,-0.2965877903305806,-0.13721821686189067,-0.8042274434505867,-0.9656691285277492,1.2287380508031132,1.4440363786752601,2.284234871805059,-0.7486171316536023,-0.04427347595038677,-0.7236174655802129,-1.1389274577242494,-0.8774371907109595,-0.8713205306557315,-0.5880151415295339,0.032018416253495594
430,2022-04-29,0.08357536224464479,0.31861550911976644,1.3132682195832233,-1.367556498323049,-1.1327307521380734,-0.6179958837730306,-0.45865517481592905,-0.07211095515355553,-0.46746460163447734,0.04634925446413224,-0.23927688687902263,-0.8038212817939321,-1.0429988933622518,0.8366181964685127,1.4440363786752601,2.28979126807926,-0.12313322121218813,0.5596999915311452,0.36954146527838144,-0.6322208247008699,-0.8937538828681133,-0.6950917068136558,-0.1492223628722666,-0.09011469651623383
431,2022-05-05,1.0008400253883138,-0.603246765735278,-0.0701092508183049,-1.3739423664928345,-1.197965373455943,-0.8951634050734768,-0.4996457489947556,-0.6186873893220104,-0.8950040558177738,-1.4525515036388899,0.15632941548572152,-0.8680625171547678,-1.165450092480191,1.8786470211898323,1.930293566050114,2.3219079762218375,-0.02149668464304439,0.32109493274402773,-0.9672733718559235,-1.6379501332578943,-0.9224053479426146,-0.8035921168521181,-0.32679944982337966,0.0014064699927516034
432,2022-05-06,0.5051044855572228,-0.5707034061420097,-0.019286947819163736,-1.3649985971382788,-1.2625574752140125,-0.6754105420334255,-0.2565234323725367,-0.5910347849003341,-0.6378340067641393,-0.6925536807806589,-0.026563103309867483,-0.9153126565455616,-1.2160197685710716,1.4415196256238414,1.9302935660501126,2.364954091795825,0.0917877169382266,0.18737998490298613,-0.657764517938129,-1.4710614271346953,-0.9482198845542752,-0.8060551881495444,-0.2719985220182406,0.000702493882068753
433,2022-05-09,-0.10112198513594406,-0.553242489148263,-1.010839550385719,-1.348342294324623,-1.3177505757103178,-0.49648516103310336,-0.020159345843553236,-0.5838605008505752,-0.43968635341885903,-0.21920443088550337,-0.19500144065527372,-0.9781323261081054,-0.9692522862853793,1.0640209782555885,1.3941276477479296,2.349920499679527,-0.12893774138283914,-0.21197926344160864,-0.5326439174181693,-1.7122982175272083,-0.9621545176950977,-0.7463314704586008,-0.1127054971399746,0.01809374344269908
434,2022-05-10,-0.14402154631831487,-0.08141989640029115,0.5109878407705974,-1.3319241102993935,-1.3512158257922964,-0.29127898922068546,-0.05600802503482675,-0.3973291155568396,-0.3654366922530292,-0.11681598846212876,-0.2760216134956141,-0.9977634728464012,-1.0471207388879331,0.9527134840813439,1.4930523286248871,2.3175780607008534,0.05555807363520049,0.09262846934054905,0.04686202183216987,-1.1212865943472603,-0.9722977061407749,-0.6013980662431825,0.172924143513323,0.002066828155662667
435,2022-05-11,-0.11906775576795872,-0.025005486882752788,0.6997257318287656,-1.272139559732916,-1.36260274965604,-0.07281959513920247,0.4144631197983236,-0.375806263407563,-0.15634554128670577,0.5238051388374821,-0.40405010122198615,-0.9908587246832777,-0.6932684765107279,0.6271725408334725,0.7358430154890799,2.1941082741355635,0.5558228865469587,0.8154095859065348,0.22466498046579664,-0.8439144110378333,-0.9800957379331962,-0.45756452545782833,0.39938591520491884,-0.16987354707412614
436,2022-05-12,2.5780374800946824,-1.2834135594238076,-1.1554781028689927,-1.2474512185334161,-1.4199142263478826,-0.6556860609248865,-0.3817440737093939,-1.0669953887570354,-1.1951553919451074,-1.830369159149026,0.13513245555602357,-1.0070374973400085,-0.9083386793305731,2.466890273302969,1.6776269523405352,2.139864428390169,0.1954448838482679,0.028353436426296355,-2.477500971114383,-1.515731712787616,-1.026412517220117,-0.7830133340460587,-0.29068628188232404,0.0
437,2022-05-13,1.3243878608706219,-1.2834135594238076,-1.1554781028689927,-1.2532126439143572,-1.497996601404643,-0.7081131832531339,-0.2185192386399244,-1.0493179647434099,-1.1824927220301942,-0.8811881093750343,-0.040360053780921015,-0.9937018562798572,-0.9870755645500725,1.9853295978573298,1.6823635609075116,2.1258993167168465,-0.32523599510039397,-0.7652489306430991,-2.0187254358745315,-1.1547058315437773,-1.0624128320090218,-0.9215235843266932,-0.49568506416449504,0.008123521521479347
438,2022-05-16,0.6481466865072958,-1.0042473054662737,-0.7740656198301763,-1.272746356134878,-1.5766269704683293,-0.4810718717885764,-0.20275860163090026,-0.9547157994227359,-0.8891934718542871,-0.3998070444547237,-0.2218420883956415,-1.0018927830223867,-0.8327385136202232,1.5651547916845756,1.345277786581612,2.095813528820751,-1.1284591219902014,-1.5458901707986734,-1.3953175315294695,-1.3893243074543007,-1.0922755064674816,-0.9208608358370779,-0.40130380294774126,-0.009756174945364572
439,2022-05-17,0.05279247101454665,-1.115366302140648,-0.8880739709317527,-1.316481263032895,-1.6493677950734458,-0.6327087290477331,-0.3376306514237242,-1.0080680115765568,-0.8265287044142747,-0.37366009106721887,-0.3891520383963522,-1.0034497360395624,-0.9111562866582668,1.5508143516598158,1.4576590005347347,2.072564739099934,-1.1293494775367658,-1.0117229285365448,-1.0792233828474664,-1.3492711883480752,-1.1172884458790382,-0.8803312154541602,-0.2517843379067324,0.025011388493612997
440,2022-05-18,0.11042852267941125,-0.17807311198628992,0.5052097763069554,-1.310761387813175,-1.698967550357352,-0.4819895080748078,-0.3139579160233001,-0.6513025270879687,-0.47603179064182716,-0.06942975614576079,-0.5261606158696261,-1.0061574804172593,-0.7318761034125768,1.1858063682340536,1.0602093542275608,2.010119972150584,-0.627309681485891,0.024126560764006648,-0.014600729300441833,-1.4011963530763798,-1.1359054307708012,-0.7310586440072399,0.06971690992550005,0.028281539280758126
441,2022-05-19,0.08580220969533274,0.8857184611775036,1.3132682195832233,-1.2623488664822275,-1.7135694489215199,-0.3131747113563473,-0.2948978603392519,-0.3058100418016659,-0.20292968394332772,1.8151213453697457,-0.6104825380666055,-0.9559288222109992,-0.47828177025335267,0.8333984451095042,0.5230454115475017,1.8725208734438772,0.45316718740644996,1.3508697055961387,1.0917287910865692,-0.4730370133635375,-1.1392564221859647,-0.5125738460464863,0.45541319902723276,0.00848443192187191
442,2022-05-20,-0.011589618515637334,1.2122585747657273,1.3132682195832233,-1.1849318457327718,-1.694950399283802,-0.10654291383971952,0.5943280003451176,-0.2002428935197407,-0.019983807853580064,1.5498047325948783,-0.7506342776964028,-0.9082048275541085,-0.4458857104664706,0.5665829018262702,0.319019920544515,1.684924678165168,1.599962152886014,2.334148427362804,1.054412120756055,-0.4139915520034288,-1.139100488983213,-0.31211069296169675,0.730512319527258,0.03546203343924148
443,2022-05-23,0.025218859933969377,1.4440780688230503,1.3132682195832233,-1.063226714977953,-1.6341065820297893,-0.08647348802280277,2.0819044620079987,0.29080429621588477,0.3156452499791737,1.669809387239236,-0.7552946753282724,-0.8563515227212327,0.17488876719492194,0.2482813699893344,-0.7142781319196855,1.37122823733362,2.182332879643743,2.25772140503537,1.4978219682127538,-0.11787807914326784,-1.1184945172781717,-0.058992054517889955,1.048348648840568,-0.06192272121058467
444,2022-05-24,-0.09522738894294654,0.5880875920999465,0.21338037486499123,-0.9368281484490364,-1.5695376604595082,-0.09415812290647546,0.37968619838323925,-0.3294013625639696,0.09750480112669468,0.5662336756474031,-0.6926500265069636,-0.841932783910002,-0.06756437824600912,0.3413932212657002,-0.351293285857769,1.0595189794033946,1.3297837084500024,0.35160357020435423,0.013935548011127874,-0.7844240163282391,-1.111590115854665,-0.04245211897185846,0.8633998057792094,0.01642586794201627
445,2022-05-25,-0.30907023972224534,1.0136513706341432,0.2916560618107298,-0.8255905249014466,-1.4926298913200258,-0.10174672067734734,2.002860001600888,-0.07191894738682968,0.01262068162491697,-0.14473480219466545,-0.7910833286670496,-0.8281232875837526,-0.220247773667757,0.2738858331663734,-0.20611714694744343,0.7905537154921117,0.5688688368519623,-0.6162088654511061,0.1873483101352824,-0.6687044828087362,-1.102467234452049,0.035391548826600484,0.8292535835077688,-0.015637535224799853
446,2022-05-26,-0.2788113125981914,0.7971634146192125,-0.9195077232658879,-0.7385023995576758,-1.4125271065567608,-0.07417757551016356,0.5118815896554413,-0.3171402951745826,-0.005121935610170521,-0.6620277047019115,-0.8635087354497085,-0.7397154336519822,-0.3621246073179089,0.05866215460305972,-0.18175595956881258,0.5680855649936137,-0.42895906083087204,-1.3761074716743191,-0.1902085896793325,0.6849370409130868,-1.1052308635832198,0.06445607117973494,0.7113761542149918,-0.011093616148503304
447,2022-05-27,-0.2155426467933514,0.6427199395906141,-1.1554781028689927,-0.6936720246141191,-1.3335204266084095,-0.24653901395686836,-0.11379202620471075,-0.48879523862600677,-0.015907349061381925,-0.6869444656403538,-0.9404127657120656,-0.6563846004283916,-0.4846559147399136,-0.15408271412989735,-0.18175595956881258,0.3875010968892709,-0.7820930072652564,-1.1646815855744608,-0.32849977972770883,0.5804539930782028,-1.1118547868969912,0.07482100692985877,0.5823576738321204,0.003976148379639417
448,2022-05-30,-0.33729880593537787,0.7609498195920967,-0.8913329285947176,-0.6632203517586689,-1.251928450375041,-0.1326433712632873,-0.20780812177568886,-0.42748990167907036,0.029082291565484225,-0.49306658000318665,-0.9987753724492464,-0.577927707084652,-0.5978030569535071,-0.2595371135356458,-0.08833480755895862,0.25350653552246427,-1.1044823760452758,-1.074655673803713,-0.12655074029198463,0.5416894781047872,-1.1116303864824653,0.11161800021770829,0.5282150707252494,0.057819570888826236
449,2022-05-31,0.627712086371571,1.4440780688230503,1.3132682195832233,-0.5975734189075342,-1.1408796761370756,-0.08469169317627812,-0.03389819554254436,1.8772214582670759,1.3410096311039128,1.5602596265297872,-0.8084191473861188,-0.48180278167644763,0.2583792616859606,-0.5716108587837648,-1.178433800991427,0.0319437817578216,-0.13522298999708302,0.5705409553002687,1.1992886055686396,1.1937797273050443,-1.106144932015605,0.3034715149537912,0.7727696759421887,0.049681509268111025
450,2022-06-01,0.8549815173682531,1.4440780688230503,1.3132682195832233,-0.4412055759406719,-0.9873087942627186,0.35166392546174613,1.152083288882246,2.0376658139983523,2.527815975990101,2.041878195986296,-0.6529735498629117,-0.3754561212424422,1.1978040100546135,-0.8280474405680377,-0.02086308710950526,-0.0863646486429305,0.951064337263774,1.8465749606654724,1.950012208688397,1.4430367783709566,-1.0912244368191166,0.5665375329280284,1.1006222453899848,0.07150811852403449
451,2022-06-02,1.7336038276911605,1.4440780688230503,1.3132682195832233,-0.17923362287816286,-0.7724440981651748,0.9548153315008294,2.125175869286433,2.278995680355649,2.83770374670337,1.6741563382603077,-0.3737468156818027,-0.24825982910017766,1.9264012431439155,-1.085934286657717,0.7372874470727365,-0.057292391215116804,2.0128060491810116,2.518152222803828,3.0146348622354213,1.8948858823972727,-1.0990834850965503,0.9334399888625888,1.5556808372212416,0.02619665194657065
452,2022-06-06,1.6541577701122052,1.4440780688230503,1.3132682195832233,0.18037232711776172,-0.5119362512352847,1.7006490561006717,6.757605691510426,1.8618652707757666,2.6021768284953324,1.5163146317431107,-0.24202333504535936,-0.13554996937858604,2.5329331334989633,-1.26384505628504,1.2120128056192776,0.09785100187999682,1.9117250242491235,1.5063421573626226,2.821466215818642,2.085748164573434,-1.1104318380215399,1.2183344745965492,1.767476605461571,-0.020242284370749195
453,2022-06-07,0.6244373107087947,1.2061775703678768,0.8097214165185352,0.5605573927335948,-0.24586935190218703,1.478748612522704,2.2200689562002838,1.5319180707614433,1.930181585488111,1.0783746937090668,-0.17773257768136888,-0.044840532725773416,1.8849199266998888,-1.4008446984615182,1.2120128056192776,0.3046516361853565,1.7521053470434103,0.8918784991108172,1.5966013896758797,1.4967193147694895,-1.1164654560052878,1.2984323374476536,1.5567000273126264,-0.018642350809279718
454,2022-06-08,0.2602167614948037,0.9344088019960674,-0.4672862894742989,0.8772909377283697,-6.726045175524843e-05,1.0653653202381783,0.9074071849906745,1.2334585427485547,1.3786100035867097,0.6638385246919715,-0.2274397309167354,0.06610929315031575,1.4228080386005153,-1.216555389451351,0.705206757068697,0.46407766354507124,1.2618503974488784,0.3033541971061067,0.5736856029688417,1.9515173677425233,-1.1186805760431375,1.2572611744092448,1.1629379257258168,-0.027940488761553344
455,2022-06-09,-0.05887737908612852,0.5596518782471822,-1.1554781028689927,1.090819723059277,0.20462512466787935,1.1003453249900224,0.33481449683174674,0.8315643579183349,0.9629590975442277,-0.08713921802359008,-0.29565101075937367,0.16033879749413266,1.0407055184882812,-0.8375692683585576,-0.11394772238901676,0.49443368451900294,0.6211907572722526,-0.34067519497745585,-0.31313409194455594,1.4855588040548302,-1.1184198570644823,1.1184755354825118,0.6667030317901969,-0.004849334061437595
456,2022-06-10,-0.06804675094190243,0.4793632822449934,-1.1554781028689927,1.1987655235709884,0.36982868547540887,0.809425628255928,-0.0549241992589818,0.7629482775814678,0.7922115169290682,-0.6512040434416226,-0.4355567063965183,0.25639602929289546,0.7586771421883625,-0.9116355942908071,-0.21486520204114956,0.4451396607214543,-0.25852928704070915,-1.1285490743822961,-0.5041076401065996,1.5969671307018025,-1.1093639894006775,0.9951319008857418,0.29838382067583535,-0.002781642961876914
457,2022-06-13,0.09562653668366193,0.44238342701796207,-1.1554781028689927,1.2353654261230966,0.49963032875264907,1.0202298615923688,-0.4290679877246771,0.7237390888175431,0.7070182763801713,-0.5943654755422747,-0.5727662026878737,0.35468715020325453,0.5186472438352802,-1.0221838840622635,-0.23762918468168884,0.35667841495666797,-0.9407071068915612,-1.479288721539746,-0.3943527273697929,1.6836272820308202,-1.0985746603804076,0.8925729820093096,0.042316115062213416,-0.011204599012863132
458,2022-06-14,-0.04885656555803274,0.27666330733511707,-1.1554781028689927,1.205897078302174,0.5938733605749595,0.659294930152139,-0.680062710024841,0.5669023337618477,0.42001774369104816,-0.8934475311243734,-0.5813940405943997,0.44499042519941256,0.24514109513250865,-0.3505564811262189,-1.3884256391363603,0.12636987339125,-1.0046275870456014,-0.9380890658916835,-0.32630468147297276,1.5258952683278904,-1.0873308861355064,0.782964586474216,-0.17562568725109803,0.01883557603617753
459,2022-06-15,0.2749532519772975,0.5641415937981684,-0.03910487377406487,1.179668263883515,0.6706210622004547,0.7174255086254132,-0.5546125127408714,0.8315643579183349,0.6838207786584642,0.21418750415770793,-0.54404766630175,0.5147825365345251,0.8625517871757441,-0.5988502209073455,-0.5744705874504746,-0.06620734331821301,-0.33739874999886754,0.30812366933549884,0.25539635603210253,1.1316426002144393,-1.073068294652792,0.7603425803911928,-0.1884853876862946,0.03597266045881756
460,2022-06-16,0.10387897135385846,1.0839658183572782,1.3132682195832233,1.1860723855410877,0.7514742611381895,0.7557439063128645,-0.37054488262058394,1.3510861090403254,0.8359470365906386,1.5523798279376404,-0.4857250096132859,0.5832207756807892,0.7667150840353566,-0.8226233068967136,-0.3429454441783562,-0.19784301760374526,0.7575484213910945,1.6140334282794344,1.0280709416992213,0.9966148345079101,-1.0629942184461425,0.8435486019162111,-0.002299145231320312,-0.026343975339601977
461,2022-06-17,-0.1267307308188555,0.6438084140692435,-0.2922967279235041,1.2078085649446386,0.8143795536824868,0.5347050122892258,-0.3632057709024019,0.9687965185920672,0.6352579797048443,0.8880022653692423,-0.5370460259163686,0.607861249517822,0.47812632631568286,-0.9816905884285838,-0.3429454441783562,-0.28764029887416753,1.2103975324334373,1.5423666255201864,0.4002728408446873,0.0847364556232647,-1.0544162315820091,0.8021411132858628,-0.08470016030514695,-0.0034281829940681612
462,2022-06-20,-0.08147333115928566,0.16726411761737045,-0.4861136905658954,1.2671303283604232,0.8596944212893003,1.1632570037627612,-0.3617120906641675,0.9197850326371635,0.4937969245141848,0.6766927606965393,-0.5907453088496543,0.6132767382732133,0.2293584591423942,-1.1188089872061768,-0.3429454441783563,-0.34876107095153974,1.2373203129459105,0.9544995521903115,0.28393263334367225,-0.17419457510738237,-1.0459846738416112,0.7555771730967645,-0.1601941327160228,-0.0034399758724435315
463,2022-06-21,-0.0883503600511161,-0.6394276116967921,-0.7044916116730991,1.3077125572768948,0.8886346843346898,1.0791102764103582,-0.33972853960993343,0.43309426320277167,0.11353500108881776,0.23620373456981902,-0.6400259701416932,0.6311478511660048,0.011345017969641581,-1.087398012415626,-0.6499666906196926,-0.42470022873258917,0.5670594469635443,-0.18829444290301942,0.17198262235212944,-0.028278894076669787,-1.0415797490293528,0.7079434628530007,-0.2225753819102446,-0.031504180513577625
464,2022-06-22,-0.1094399153193961,-1.2834135594238076,-1.1554781028689927,1.2691880784289813,0.8879838330037465,0.6441580615846437,-0.331809411301786,-0.5741795392412608,-0.6251128192229435,-1.4709365131707575,-0.6636474118117992,0.6415049734106927,-0.1893075754970404,-0.8815479722619507,-1.2845492504129015,-0.5731820778652169,-0.20884229373717397,-1.026403658637529,-0.4733762645402936,-0.1401941561685229,-1.027647988672641,0.5813578050021939,-0.4190578572525236,0.016226105559257176
465,2022-06-23,-0.19248822612740557,-0.7294973912611141,-0.44093162088909504,1.1721898651061646,0.877124365705292,0.9640423075813663,-0.4182309618228723,-0.25712559690021414,-0.6408854008245572,-0.9219357745748082,-0.7520781495473935,0.6691239660631901,-0.339689534473838,-0.8545955914525676,-1.2972837520058815,-0.7479829715978991,-0.5172156157068909,-0.8780358036690636,-0.08045367694252584,0.2502064841476259,-1.0148071805224046,0.5492967354741487,-0.4007551257847328,-0.00631802733456098
466,2022-06-24,-0.08114585359300802,-0.836742737722186,-0.3083857263865853,1.0422772673799403,0.8565058886733626,0.6213383829503145,-0.5977618815287788,-0.3907066995109102,-0.40625521002009113,-0.34171438268481596,-0.8544289144629184,0.6898382105525642,-0.2720512828968968,-0.9791295173298935,-1.2400958319606217,-0.91552769440217,-0.6451353450395079,-0.620592951500708,-0.01679582755517797,0.23694524255755436,-0.9970915838338064,0.5114558512174973,-0.39684339983625166,-0.018479559274837198
467,2022-06-27,0.1908570129571996,-1.2834135594238076,-1.1554781028689927,0.8651896793379248,0.8208036601319052,0.27194299739382755,-0.6050375322439419,-0.64480454921077,-0.8877089747742888,-0.8528983352857396,-0.9110245866136988,0.7061523704281818,-0.41507705801039085,-0.6981572192006245,-0.9348608265577555,-1.031454823874559,-0.5922761392537379,-0.3693199897390556,-0.247281144302472,0.0964143421057615,-0.9750277322305722,0.4376153594978209,-0.46054874270851104,0.024797586609398247
468,2022-06-28,0.2727919000398651,-0.17301568805317946,1.1048935753792,0.7045926919324111,0.7905476435609773,0.3196503037132958,-0.41889197804225453,0.3447169307662767,-0.5468581026932287,-0.4879635174116304,-0.8836069224621091,0.7341098311278923,-0.5704958399928459,-0.5861971180534674,-0.5066439241218387,-1.0635497287357052,-0.2377623856770765,0.16285377255361252,0.3607610722594369,0.4220160675233481,-0.9460915158789386,0.4678713376103498,-0.3182537210723676,-0.037067679201212504
469,2022-06-29,0.15470348964014816,-1.2834135594238076,-1.1554781028689927,0.5549175286014071,0.7456168951922109,0.0358223632750551,-0.43895085023041175,-0.9012639566206373,-0.6280820922310765,-0.7353061153616015,-0.8142635290502631,0.7391868518360717,-0.39089379559439025,-0.8069138869989582,-1.1374084140616374,-1.1210062290193998,-0.4449021148140387,-0.2951082941057763,-0.25606153732141645,-0.07860204905257338,-0.9381220042383577,0.3848446306884494,-0.41473157883098316,-0.005096479906484315
470,2022-06-30,-0.021479441017222056,-1.2834135594238076,-1.1554781028689927,0.3746242222293774,0.6916503559699778,0.02435676504249007,-0.4454713235938946,-1.0017165577487226,-1.0191462354598215,-1.4117224751175856,-0.9010166005925093,0.7205711092394131,-0.5144337273559996,-0.7633451845635133,-0.854499337677046,-1.1549779564697553,-0.41785774883395466,-0.31642937737016896,-0.27362232335930553,-0.4289517566714016,-0.9427984849926925,0.32744896179983435,-0.4443288088649468,-0.020649701290543426
471,2022-07-01,0.0489282357324705,-1.2834135594238076,-1.1554781028689927,0.19230658872347745,0.6250322546425668,-0.15600000137496384,-0.5583288853013187,-1.1343164625231492,-1.1663048864412955,-1.1386414221474874,-0.9166885607903218,0.7125832633252108,-0.6456418365879729,-0.5492102389326342,-0.3162146367852558,-1.1138148225932878,-1.2061670228386316,-1.3594511747087974,-0.4931321488329188,-0.38123037352682126,-0.9538273754886241,0.24585790048567344,-0.5129263150742815,0.0
472,2022-07-04,-0.26957644522916197,-1.2834135594238076,-1.1554781028689927,-0.008853956166992262,0.5549355636540598,-0.08942742513729289,-0.5118239487025796,-0.8587761071696943,-1.1843604670596155,-0.981244091171536,-0.9987597133480813,0.703647706878813,-0.7405786404619087,-0.4469426616399045,-0.006500001774549953,-1.0029370045160009,-1.1732883869292654,-1.0050322391480444,-0.2933782076519308,-0.3523688537318081,-0.9579761841858281,0.20950909154512007,-0.48381025324694554,-0.0248975516217272
473,2022-07-05,-0.23558427384954295,-1.2834135594238076,-1.1554781028689927,-0.21751621989330397,0.4751294025673477,-0.08664302147892894,-0.48938728951268073,-1.100308846144161,-1.1602809178624796,-0.9024306563490472,-1.004364903412894,0.6916659380075094,-0.8451214620066418,-0.28132434199799267,0.38011486501597763,-0.8221749604694175,-1.2501216634325516,-0.8082709272411434,-0.6028870615697254,-0.5314001436509085,-0.9692779585020954,0.13577293339729046,-0.5299285259516766,-0.003827023423301714
474,2022-07-06,-0.11867478268842555,-1.2834135594238076,-1.1554781028689927,-0.4019703384431589,0.39302630291325924,-0.22901372708836198,-0.6497314411753495,-1.0725684471655061,-1.022757526007028,-0.7999811142850446,-1.0594189350280239,0.6860473684237898,-0.924779466519868,-0.36207558037943327,0.4848352751213454,-0.60876724976628,-1.1879309531166182,-0.7024628829698245,-0.35484095878454247,-0.29975358110732087,-0.980995036353829,0.09896059646196019,-0.4982725803718385,-0.017015105005982814
475,2022-07-07,-0.16609353428542778,-1.2834135594238076,-1.1554781028689927,-0.5621660494010451,0.30719258226148427,-0.4833851043659052,-0.6469597517196628,-1.057490790962225,-1.011285233436273,-0.9537243886814877,-1.093980307902013,0.6628284603850481,-0.9995831152814856,-0.10478733163201137,0.8684768248346502,-0.3530913825871168,-1.2704928850158117,-0.813408034987587,-0.46459587152134907,-0.5772000023343907,-0.996268699910634,0.05191333104685145,-0.49194938155084195,0.020077894536528654
476,2022-07-08,0.032423366392077456,-0.5099632551031028,1.3132682195832233,-0.6728405609726134,0.2350418733781992,-0.5941825246196855,-0.5023403093124779,-0.5968892714126385,-0.53879811875056,-0.16951774691380722,-1.06789890916522,0.6408280373162679,-0.5197788157276599,-0.3619065476129651,-0.33406608741951926,-0.23161139726088564,-0.7245399770353452,-0.03236869861875241,0.13686105027635134,-0.3576440036091448,-1.005121928942276,0.09722713881331538,-0.3154187638973702,-0.013857034661426241
477,2022-07-11,-0.3022587063436704,-0.7895761198585923,0.5934812332462421,-0.7460291339905583,0.17021877762378645,-0.9580957983893847,-0.47663915195178713,-0.8758129719739317,-0.5803464090352719,-0.5366609248697424,-1.0628368775393107,0.6178122101058535,-0.6542342966277418,-0.3684850908695441,-0.09465514778315189,-0.16166060147887606,-0.5203955323619105,0.0691897703156793,-0.021186024064650238,-0.31859490131165275,-1.0154224697607093,0.10793266747748212,-0.2384459361718944,-0.028303776162851936
478,2022-07-12,-0.20067516528434656,-1.2834135594238076,-0.5159204267705799,-0.8060688363614199,0.10185112886504427,-1.2937642561193927,-0.5421198144567537,-1.2367203493786498,-0.7770106288326198,-1.180041067159019,-1.0809115745475173,0.5771960444404154,-0.7653564183018388,-0.18177084848553285,0.30367699736119463,-0.0790293852964346,-0.6453565495484471,-0.4110559887784846,-0.38776743260558444,-0.7564809213624808,-1.0301622564794528,0.06107090395069071,-0.2837436744512973,0.01739174271186924
479,2022-07-13,-0.23008265073607861,-0.5906240435339333,1.3132682195832233,-0.84399188339202,0.04539064099499453,-1.1641887304899556,-0.3968756350008646,-0.5482585372797045,-0.6760451924266255,-0.8283821729718202,-1.0827288622632631,0.5585803018437563,-0.8687372966206778,-0.06068922971909028,0.6141817971364324,0.03815548796397535,-0.7191296986743623,-0.5475066714942074,0.07978849565321187,-0.3070882535445335,-1.0388846827731613,0.09805438029101608,-0.16431979459105084,0.007806440892829492
480,2022-07-14,-0.19314318125996083,-0.2803474766492593,1.3132682195832233,-0.8699930805718773,0.005295327903182295,-1.0245788197282373,-0.11436870708935809,-0.3761430842549689,-0.3562856162552831,0.08232419402578933,-1.0747008400177454,0.548358566817954,-0.4948087810596284,-0.3185282908513325,-0.33052263302614443,0.05743575371947321,-0.36503064277991304,0.03409751247020031,0.3014934193815613,-0.19698050581167936,-1.0402780668484828,0.15996815191999236,-0.02249659170625584,-0.046149796090476966
481,2022-07-15,0.25661450826574966,-1.2834135594238076,-0.6432115835396041,-0.9094276061131574,-0.04222772246837751,-1.0450055815068813,-0.23328181313585536,-0.8641533626482759,-0.877638258296607,-1.126209388102216,-0.9513355757312469,0.5228380760581702,-0.6831791841610747,0.3781479161992048,0.5713667602176415,0.12635612058802084,-0.08345570117854777,0.3192966031998848,-0.5436194086918499,-0.41322494843942137,-1.051313505285386,0.09754960629627295,-0.13986599246791012,0.037559348885438874
482,2022-07-18,-0.08920180172343797,0.7841198209454135,1.3132682195832233,-0.919128827156731,-0.07146202014716645,-0.8971597692707682,-0.26239618045602403,-0.1637274275951716,-0.445106948786826,-0.10487330199567357,-0.953783123428607,0.5101793710924414,-0.8044471620228959,0.05538019637477655,0.5713667602176415,0.21497691725967108,0.3412917747936395,0.6634438195034789,0.36295617051417306,-0.09277986741207359,-1.0535252556072734,0.1737766554433819,0.02363962716262981,0.03165065429273605
483,2022-07-19,-0.08573053952089499,1.4440780688230503,1.3132682195832233,-0.8654031879658334,-0.06974070558766125,-0.7149132413866883,0.06368255253349063,0.9436200921226024,0.396133717109043,1.7292583763073774,-0.9715442489500202,0.5198595572427038,-0.11283930711330371,-0.2143658635028559,-0.7983446434304158,0.1527734710759219,0.9682398479659305,1.2652351570511253,0.9951444678781792,0.41295385871494145,-1.050756700118029,0.31838997720340956,0.28140599696349783,0.01358511459030645
484,2022-07-20,0.002622907860812232,1.4440780688230503,1.3132682195832233,-0.7497397453219111,-0.03980439482348639,-0.5060300461379915,0.8305596297868181,1.3733543711372298,1.095957940824995,1.5754559152033212,-1.045804881348545,0.5378660573543816,0.14559640600271312,-0.40879922026742194,-1.343522426571491,-0.04245611928426781,1.9846195319056563,2.2785904385872664,1.0675827102844717,0.5745247403636453,-1.049772370399197,0.4517495076727791,0.46672597524769915,-0.014345281863704058
485,2022-07-21,-0.09817468703944529,1.0415361991704946,0.8361751362792684,-0.5549351775980511,0.0006582439314615504,-0.7552184563163447,0.08519605618997135,1.5564675739942144,1.1587337577720511,1.0765140366499324,-1.086249682431135,0.558377221015429,0.1513467936608861,-0.5987780562222813,-1.2636095938682679,-0.28065522428671735,2.0558299074786794,1.7147769303862204,0.6285630593372451,0.599548287534322,-1.0467932884922084,0.49807610397669,0.4534018043213925,-0.005337412594720939
486,2022-07-22,-0.2961676236109063,0.892255840428303,0.6578630399846056,-0.3329821703513941,0.04456369840102803,-0.9349379316128812,-0.20654971564793573,1.4180121381373685,0.9509996748629518,0.6712074546042305,-1.112284288351797,0.5528263450411527,-0.050271343138579144,-0.4745887803887697,-1.180572167236602,-0.5120183814059922,1.6506583862480837,0.7013985804511693,0.4485650024488822,0.36402482256308094,-1.0435623816791917,0.5138837953547415,0.3860828893241972,-0.0007648183929220399
487,2022-07-25,-0.30579546405946895,0.8697799281341363,-0.18149160675796933,-0.14148068614528242,0.08949897313397905,-0.9206516002619435,-0.035520184112877,1.4482807178072385,0.8035600113287185,0.2737720950070712,-1.1173088857248012,0.553097119478921,-0.24080942994800691,-0.4157747727046218,-0.8436334453369434,-0.6832124567471053,0.9937814115312908,-0.09335171461769261,0.20710419442790756,0.4846026566148357,-1.041738137916781,0.5226110270800113,0.3190825983254583,0.02568116965745657
488,2022-07-26,-0.1363585712674181,1.4440780688230503,1.3132682195832233,0.02782316156426259,0.14740142561621397,-0.7567839229124063,-0.050098471382584935,2.3260695282333934,1.2676064372499622,0.8901921909141856,-1.080240536478041,0.5754360105949136,-0.04146618412297516,-0.6537748893417895,-1.4269377240237833,-0.8751624924308041,1.1828432894838645,0.6037919597793008,0.5912463890067309,0.9988146863227418,-1.0327485637522493,0.5970245216885626,0.3874315626300562,-0.005233656806109538
489,2022-07-27,-0.40705152755251517,1.282958280814141,0.5786152910775609,0.1979733263460201,0.20861158793624007,-0.723618279559856,-0.33314441691135804,2.052688887435881,1.417190000800204,1.4843739124667235,-1.148564998734486,0.587620860294545,-0.05259878543834154,-0.798900894099203,-1.2278551037364234,-1.039701727874732,1.2858192681266483,0.9387540891282716,0.42441892164678474,0.779921629853893,-1.0298286428426,0.6254584299447205,0.3567477770001535,0.00523365680610955
490,2022-07-28,-0.22995165970956755,1.4440780688230503,1.111601022232599,0.38688650931813473,0.27223994387805733,-0.5514943020700472,-0.391991596563884,2.0916754573378613,1.4338384122716106,1.4825340920754548,-1.206385186012347,0.6004149524791577,-0.05638501199209297,-0.9296610990908455,-1.0205068376740734,-1.153565740447461,1.695138573363095,1.4000396468764498,0.5210032448551746,0.7553429693919181,-1.0274797624674032,0.6529923466587584,0.33052987788883265,0.013333530869465168
491,2022-07-29,-0.0007173633152196936,1.4440780688230503,1.3132682195832233,0.6087339591361611,0.3416795529128593,-0.515249968500608,0.04888314362178169,2.29355883155094,1.4642479471033063,1.3252858941889358,-1.2273563960529958,0.6401511012218437,0.026561998794882493,-1.0632192483355294,-0.6770061348564526,-1.1937494008175376,1.6843951089532259,1.1776442013408221,0.694416006979329,1.3400953426055247,-1.0286990733598298,0.7008818028935043,0.3473464389482532,0.005869422572805952
492,2022-08-01,-0.16314623618892904,1.4440780688230503,1.3132682195832233,0.8380748752384934,0.41444494932915477,-0.29858355702618944,0.826975703581925,2.066761521533487,1.6030204696036203,1.4721751797082465,-1.2314908941946954,0.6668900769515914,0.3547525233570763,-1.1895573246050815,-0.08177277013144024,-1.1262931571013661,1.7484671693488945,1.1071423575778852,0.6614895331582872,1.02424061703885,-1.0305318619458619,0.7388692335089941,0.34241617774418015,-0.055653457952092124
493,2022-08-02,0.09700194246202802,0.011382720550324115,-1.1554781028689927,0.9717424638701123,0.45616867043008336,-0.28263411531456145,0.3189016851803454,0.576166043195084,0.4093202836938855,-0.9272730719622254,-1.0040734172005925,0.6628961539944903,-0.06840419123413695,0.34078291329627824,-0.35072456681106107,-1.039593668679092,0.9236345719115131,-0.08198232511146523,-0.5128880331255441,0.2041131322217804,-1.0313181208325932,0.60438384205911,0.01826921633577057,0.011534153245286545
494,2022-08-03,-0.06208665923564939,0.3204883934067952,-0.6784565957477329,1.0221682342924048,0.4828320434908694,-0.3512003846539922,0.34882549383297745,0.8783137752907066,0.38901619954567274,-0.7127682899513801,-0.9801703092405585,0.6513882403892831,-0.29207844899417523,-0.014952538767168634,-0.35072456681106073,-0.9501537075228695,0.1095891817297934,-0.9265949180734645,-0.17703800015091567,0.18569425751784494,-1.0311685950752134,0.5504562402209667,-0.09148956633589683,0.046311486805026496
495,2022-08-04,0.129749699089792,1.412688137143789,0.7227595953421327,1.0538435769347139,0.5236285100417426,0.014509888586062092,1.267081250071775,2.0790783717590395,1.2240685356166057,0.580716152689612,-0.9136385607819568,0.6645208006211076,0.08280432757001895,-0.3568902162501163,-1.2070358285593517,-0.9626695789322016,0.18119493103238968,-0.1624236982522979,0.7405130703287878,0.7467131395378972,-1.0312181735993577,0.6420568843415482,0.090882467372128,0.033025255431494455
496,2022-08-05,0.41039797338972933,1.4440780688230503,1.3132682195832233,1.1154186641270076,0.5889528540402715,0.48583079784978567,1.629971575993708,2.404228805874077,2.3981438356283467,1.6990426654320097,-0.9299467464145849,0.6911243891319704,0.8120261374782639,-0.5921255413261566,-0.6242414914671117,-0.9608097308352734,1.2641861191964618,1.6708242039060828,1.2805072409938765,1.1195070963574005,-1.0371969445110958,0.7854280895958022,0.33289422972591126,0.01053750530278592
497,2022-08-08,0.07086923267307237,1.4440780688230503,1.3132682195832233,1.2864213462967378,0.6710117198883842,0.9940971965732824,1.670540168223704,2.2728606656214754,2.3822418939203285,1.4406549776169757,-0.9904025570112611,0.7211803517243939,1.0251562085605763,-0.7671969286483845,-0.22460310423923813,-0.9069395422815499,2.1220690505332676,2.4182096094003773,1.320019009579127,1.2320940576735138,-1.0413703973379975,0.8914778045552516,0.4572147871703677,0.0006985679641400653
498,2022-08-09,-0.007201419127516962,1.4440780688230503,1.3132682195832233,1.5273693626313856,0.758079997613034,1.2457540779468448,1.7589151161648027,2.2738090179513346,1.847646271828618,1.0193381056535162,-1.0103216482342583,0.7403376431965933,0.691720995756762,-0.763832977284568,-0.4909439180099454,-0.8608065986137701,2.236087876547928,1.7946548843027659,1.155386640473917,0.984923710106859,-1.0388369351787117,0.9421693384364057,0.4538965365716635,0.019364367181791152
499,2022-08-10,-0.050624944415932,1.4440780688230503,1.3132682195832233,1.7763602955347029,0.8530001005547759,1.73441801364314,-0.680062710024841,2.3333686652464807,1.8696432687334152,1.1782450476745732,-1.0325781561580656,0.7745229159650024,1.0224731140620094,-0.9342209414641246,0.016261118411141588,-0.7654937709833349,2.204378499725242,1.3567030159805313,1.140020952690764,1.2282421762438405,-1.039932874744236,1.0114438733209659,0.48574202717213005,0.0006846970483173846
500,2022-08-11,0.01008939637194242,1.4440780688230503,1.3132682195832233,1.972320705831238,0.945867857726004,2.4280569429671544,-0.680062710024841,2.043437836950665,1.7277798402106725,1.3269847874640597,-1.078828919751456,0.8112128522827828,1.163082351175251,-1.069811995667847,0.31998438231320075,-0.6188010324433058,2.0085295417759106,1.0461888170669018,0.7470983650929962,1.1827925863570743,-1.0395989827448844,1.0346354162220968,0.42566348585308456,-0.028464261155393057
501,2022-08-12,-0.07747810485069846,0.48348830666517834,-1.1554781028689927,2.0946695732617133,1.0138958122022392,2.358198176502114,2.3122599713992047,1.3242587693597454,1.1625986413441265,0.3820350433959031,-1.0557777986447738,0.8377487471842016,0.7758861336846113,-0.5153728518217504,-0.751996202818043,-0.5781135057492409,1.1183400733839377,-0.12184970047061432,-0.010210532790969562,0.7747190943690188,-1.0249446474090451,0.9445360614648484,0.1672715306626234,-0.0049417679107788565
502,2022-08-15,-0.24265778928113999,0.3304853434654598,-1.1554781028689927,2.1561210566594426,1.0581662056871275,1.7487263555035264,0.5522292217634599,1.2014720992832493,0.8466118812192169,-0.5547474773978388,-1.0657824590137732,0.8623892210212344,0.4717495213361947,-0.3324057914080865,-1.2504738186668483,-0.6507461554211229,0.0989893327732649,-1.1255212187578174,-0.10898995425409559,0.6719162409817376,-1.0162541273459935,0.8582638941800845,-0.03233670554219993,0.0014144273928104849
503,2022-08-16,-0.34568223163208545,0.3666034037703821,-1.0732216783991442,2.156521317564911,1.0843037636475124,2.1831937597150755,0.38297370537919045,1.2365540050193913,0.7972290238408675,-0.44697403216772197,-1.1369985367630724,0.9105193773347792,0.263231465650028,-0.5120786542363799,-1.2504738186668478,-0.7752660257146606,-0.7690205154623853,-1.5819190476014444,-0.03874681010253932,1.2273403916029426,-1.0121022409004417,0.7961868592268849,-0.14710405519886527,-0.006380737706727764
504,2022-08-17,-0.1928157036936832,0.1501615531971674,-1.1554781028689927,2.09362531214283,1.0925169718117622,2.1774233647883494,-0.16372110731215192,1.0786854292067505,0.6014316820027475,-0.7104829757107851,-1.1750076941262817,0.9492401219358304,0.056418492905883855,-0.3482087247592533,-1.1646617195436029,-0.906468499405544,-1.0521916009715633,-1.2194431809567365,-0.11118505250883172,1.0495550339690374,-1.0091037792545918,0.7293521442735926,-0.2477507597892389,0.007793167320070283
505,2022-08-18,-0.29492320885905127,0.37203804888442027,-0.663814219518402,1.9971777992738184,1.091897794754821,2.1552840838396476,-0.2311399534674476,1.2716359107555328,0.47095503834925323,-0.6422697603211158,-1.1927725501260291,0.967178928438066,-0.13968093204485169,-0.18319550195245454,-0.7294277894874154,-0.9815496768607561,-0.8290882947076859,-0.4380656975128753,0.16759242584265718,0.677920661058483,-1.0036451998507068,0.7027792844841746,-0.25352036501682484,-0.02356410351306562
506,2022-08-19,-0.16327722721544008,-0.417774670010061,-1.1554781028689927,1.8766239921186059,1.0714215482492404,1.5947590746709042,-0.5017811578214268,0.6927844661091828,0.306970301701143,-0.8792996465925689,-1.1342902330536129,0.9601387930560574,0.10512807201985705,-0.4777029045926813,-1.3799939321414696,-1.0948427551363769,-0.9649834008980476,-0.606133017548711,-0.14850172283934596,0.15725126865578423,-0.9968052903164374,0.6132694607490515,-0.3749810619065615,0.0007222824438240891
507,2022-08-22,-0.4448424387009548,-0.6365043235083669,-1.0590988555457375,1.708548057103141,1.0390738313176584,2.39368114689563,-0.3399578193538105,0.5183079668363471,-0.18247749344770803,-1.278218617278276,-1.1380742589589592,0.9480216369658683,-0.114239104589686,-0.31886289786743366,-0.9104948651371132,-1.1657193693623527,-0.6876546486599268,-0.2488416935472003,-0.043137006612011586,0.06990353047481906,-0.98906519897648,0.5579946072348558,-0.4085910160201665,-0.002892265212146686
508,2022-08-23,-0.22530147826842506,-1.2834135594238076,-1.1554781028689927,1.5081172684057007,0.9986098701386159,1.7721834514147792,-0.3434802251078193,0.3402995081960445,-0.6042413490448744,-0.9373670151332277,-1.1758682718829911,0.9333998173263097,-0.28204988926218877,-0.4955557002324741,-0.8787647593583325,-1.2056099044933122,-0.8712909669946372,-0.5659804519533276,-0.023381122319386372,0.03816154199025179,-0.9857633788301675,0.5157909865358415,-0.41121170824102643,0.036264194111298755
509,2022-08-24,1.7958245652839122,0.2844624512126843,1.3132682195832233,1.360297628409496,0.9740820988937252,2.4023522318204904,0.27164679458542645,1.1218631593435409,0.22268158887753095,1.054757930775282,-0.8900417349517203,0.9249381161460105,1.1570596603939054,-0.8952092156169714,0.048779714813248665,-1.1223917729290869,0.0140862400031572,0.6493857646533783,0.7317326773098435,0.1885505531855882,-0.9806073355877308,0.5938915282315373,-0.1899587309548238,-0.021172279926055602
510,2022-08-25,2.3131736244893273,-0.7484327788485244,-0.08342681771797145,1.2343637704340484,0.947867152601385,0.7335526752067945,-0.29867238136718127,0.4229145358348707,-0.3332390918633237,0.27932613927095734,-0.6803442102429332,0.9116024750858592,0.5497195835991318,-1.0675994961786452,-0.13169695892687208,-1.003400562027558,0.3202450028216288,0.7989502500246007,0.2729571420699916,-0.005471451128550751,-0.9757389026708906,0.5784620612074842,-0.18659858370894825,-0.007876875671092482
511,2022-08-26,2.3020393872358875,-1.102767707688256,-0.5128668610155956,1.1998153446964128,0.9169005907371408,0.1719156816384013,-0.49009083173836815,0.03843065911765762,0.3496362202484996,1.2930121493252504,-0.4714981633307384,0.9065254543776774,0.8232091169233241,-1.3019357658834887,0.5110795756467551,-0.8037708211068277,0.4816376209103471,0.5455089184279918,0.16759242584265718,0.1771641443577725,-0.9732095172195083,0.5453712934208986,-0.21669938330922195,0.012147344794544759
512,2022-08-29,1.0580176084603898,-0.5792270698204532,0.2422453446768764,1.2259266378047076,0.8904556092313124,0.5795145699692329,-0.3421477616523628,0.42553007241117896,0.08443633397543089,0.6691978072739697,-0.39607923250942767,0.9080824073948538,0.38395616277457645,-1.3503888334873622,0.27802041758542584,-0.6054376268875751,0.13198843935148982,-0.1385143931854822,0.3717365635331175,0.3316478595043479,-0.9707308167715523,0.5593400732535772,-0.15341207425372355,0.023860781126906695
513,2022-08-30,1.3545812924814202,0.36438478461387847,1.3132682195832233,1.307670129402713,0.8803616743183951,1.075757062660555,-0.21183861305827958,1.1997288989982213,1.4062260378452316,1.7694784681657665,-0.4748112566513972,0.9178302871545579,0.280852425611782,-1.4555070435653903,0.4308688816899389,-0.4068113213401649,0.34393456473025386,0.2376337468960142,0.7536836598572048,0.5386133056236769,-0.9539257383725949,0.6353070729304066,0.012319969400913046,-0.05634288614836175
514,2022-08-31,1.055070310363891,-1.2834135594238076,-1.1554781028689927,1.34574932682449,0.8497435085589397,0.5364906517116022,-0.2874614525695058,-0.5991448451304946,-0.47266527767254335,-0.8857029704785248,-0.4303358818930041,0.906186986330465,-0.03419844455686087,-0.6973192325370587,-1.3555050793011947,-0.4246282159758941,0.11475704704427375,-0.03107745541249866,-0.4316693977003071,0.08419667199614801,-0.9416408929477312,0.5182786523669145,-0.21339817960045232,0.05772888775623893
515,2022-09-01,2.5569479248264027,0.9604712199556438,0.7545901486111747,1.4114058421337523,0.8386226169265667,1.1421018298697665,-0.24124523063767447,1.0209092963136115,1.7540558036365272,1.2251753628496973,-0.2272428560329269,0.9143102194635542,0.5679374584275937,-0.9956214834071485,-0.2390242569983818,-0.4261847285186044,0.2642750453889942,0.18753533969145275,0.7997807232066635,0.5383668857463861,-0.9375398621400254,0.6113454455382813,-0.00392245837609947,0.09000780656824094
516,2022-09-02,4.867040172862129,1.4440780688230503,1.3132682195832233,1.6136643582790504,0.8906341106938643,1.9653735780735704,0.5918087156031516,1.3005239772021027,3.842653307520208,2.2883754234544065,0.2860601041253869,0.9698189792063188,2.3608748636144354,-1.3072624872735061,1.222488343464811,-0.2553795529929197,0.2762093322915899,0.2366451782224953,2.410982842182985,1.6597958001916824,-0.9590651310901219,0.9378508768746912,0.5970463682556223,-0.05730734525730641
517,2022-09-05,2.8715228749927033,0.14958053724131495,0.12788190867632013,1.7700409724556938,0.9429093379339945,0.9647388563592388,0.45845300889570195,0.38918723949146466,1.7587405182208748,0.8277103432104587,0.23841293870981786,0.9994010865326484,1.7423985755805955,-1.4369265334679377,1.222488343464811,-0.010578020332395468,0.5805099939924606,0.6020888555542101,0.8041709197161356,1.0708992517057325,-0.9604645906035091,0.9408583405249673,0.4772344012798143,-0.06865780698390045
518,2022-09-06,3.3343796671695194,-0.9704340349736,-0.790547670021573,1.9228593274621193,0.9532854396058159,0.3111186934056777,-0.12194588027103975,-0.6360665904330028,0.1812277006146427,-0.36628417080171327,0.18449211901383772,1.0058996730391172,1.238016843711637,-0.5368018807938453,-0.3748194618650272,0.07282223669536092,-0.027165217093504244,-0.3859752827240751,-0.6533743214286566,0.4435300775411932,-0.9627261614703915,0.7261030857642962,-0.022900444496900565,-0.029874717176896284
519,2022-09-07,1.8633504394503615,-1.2834135594238076,-1.0978750254942768,1.9243586424922383,0.921103161030267,0.1296027731645184,-0.32584758064856384,-1.0606666614118223,-0.6412060758918289,-0.7278371485094848,-0.06092405499606396,0.9805145694982178,0.9438242727789437,-0.3000482058550175,-0.8678076477766872,0.011768017785467301,-0.9071105594458148,-1.5088507483567082,-1.0594674985548413,-0.14713326460998513,-0.9694102894916646,0.5057515930997122,-0.43339796256271734,-0.03003228709887509
520,2022-09-08,1.2245726986691972,-1.2834135594238076,-1.1554781028689927,1.6924805213500862,0.8493101934184201,-0.09681795517331379,-0.330727532710963,-1.179288613356298,-1.1619164380747742,-0.9204007343816327,-0.2572569942039858,0.9539786745967986,0.676649257781503,0.07959745635884383,-1.3718370245946503,-0.17454064381965698,-1.4199448109993351,-1.633132058985243,-1.551169507615735,-0.22333300799027822,-0.9812720289901737,0.29371351806092966,-0.7463617817947539,0.001523229540521638
521,2022-09-09,0.13086312281513598,-1.2620650410617262,-1.1291475781601765,1.3583810288288916,0.7582392875700505,-0.09672732032848566,-0.4256469077288293,-1.132247161182546,-1.086581481595101,-0.634175519126486,-0.4933387823879469,0.9298120560258619,0.4815311183512492,-0.06731502182246958,-1.3300925529704117,-0.4048632672158141,-1.5005999807875936,-1.1840171228765735,-1.2087341798768982,-0.14246632880330015,-0.9912621458491828,0.18043952242647554,-0.8133733392068968,0.0022805026987250815
522,2022-09-13,0.0011165110559350892,-1.2278879169337589,-1.0254628465087605,1.0405967809429488,0.6619719011153424,-0.13004362299501318,-0.6160237785127332,-1.1037544734927003,-0.8455074811465247,-0.4382016237332682,-0.6695617430442959,0.9007038039656322,0.3855620639422793,-0.2522660942566798,-1.4277423199975794,-0.6497935641620697,-1.4004867775175334,-0.8022807075326663,-0.5019125418518633,-0.22732845030354357,-0.9996023617357356,0.1338471583060958,-0.743185446012588,-0.015302517426837107
523,2022-09-14,0.1490053799869172,-1.2834135594238076,-1.1554781028689927,0.7666168921660903,0.5609809384728899,-0.2594872179590425,-0.5978265026309191,-1.0587563129987034,-0.8724326827630144,-0.6747966195157831,-0.7631308494788007,0.8524382604332024,0.17643643146770283,-0.03126036193241148,-0.9702800226157683,-0.830868698313267,-1.1996566336375216,-0.5258735049557824,-0.31313409194455594,-0.5560242864921835,-1.0100329066226459,0.08337537084105784,-0.6942374374087923,-0.012412882419709606
524,2022-09-15,0.22517666190309624,-1.2834135594238076,-1.1554781028689927,0.5481529525174531,0.4576292895834225,-0.37819170198649343,-0.5583179688758664,-1.0900779834015746,-0.7048977806599694,-0.8825898659931305,-0.8253436647355848,0.8262408335789956,-0.01979879923841388,-0.06143832617939149,-0.7641561058456869,-0.9414620135825371,-1.0037734344311562,-0.3703100697726964,-0.2780125198687778,-0.1864358086567468,-1.0215707521290207,0.04081733434222082,-0.6403868325829256,-0.02210034700066608
525,2022-09-16,-0.16340821824195115,-1.2834135594238076,-1.1554781028689927,0.3653534141213968,0.3492739923549757,-0.4639190491890957,-0.5028065860999219,-1.2367203493786498,-0.6568525991427939,-0.9630486931516999,-0.8782745344137166,0.7635565512353344,-0.19506080543257517,-0.11464935989005408,-0.5838270149814913,-0.9868395978447744,-1.1116610962657851,-0.6834689862255026,-0.47776646104976594,-0.8462233659660009,-1.0362785437716844,-0.019206734760199743,-0.6297327429041767,0.037592523616437085
526,2022-09-19,1.0103368748103654,-0.7476959456654356,1.3132682195832233,0.21709564505920734,0.26342990714037456,-0.39035901338019824,-0.01700471514315959,-0.75996826268188,-0.3844323194667092,-0.15936484337816742,-0.8447644108113034,0.6695978213292877,-0.14966650176375804,-0.38329433472417995,-0.9358031748561528,-1.0347208783427104,-0.4546213501828699,0.2109877790853332,0.3651512687689092,-1.251655306013506,-1.0423792382252226,0.06560965164957017,-0.35230732202817583,-0.008490981156787444
527,2022-09-20,0.18306304687979177,-0.8377420996991412,0.9483052827528458,0.11659087171561221,0.19358763534998125,-0.4051753328658403,-0.3241763110770745,-0.8503867618829917,-0.21063439752479116,0.5955580707339037,-0.9001323662197017,0.6012272757924658,-0.13661724967440286,-0.5735473569842443,-1.1908175588921681,-1.108575954766719,0.09516286533735555,0.7671175986369144,0.24661596301315797,-0.8747455605470866,-1.0493180130463857,0.11565000009476469,-0.19493010282059592,-0.005441132740081448
528,2022-09-21,0.014739577813084905,-0.8971136861772406,0.6968155484378059,0.039266667016442734,0.1365444196458143,-0.41952214881990946,-0.47660924099756247,-0.9079258068291537,-0.3145352217218299,-0.5058183445163349,-0.9159811732920758,0.5620326759253182,-0.3129676560819875,-0.19706514332306518,-0.49565284467844917,-1.1116770496929884,0.7797190869967794,1.248035481832045,0.22466498046579664,-0.3584951154439295,-1.0564378195114796,0.15051220557499587,-0.09720716221926441,-0.02445881295559268
529,2022-09-22,-0.16727245352402728,-1.1568220401366742,-0.34837543538233884,-0.021264075068486092,0.08065846421420464,-0.47977987600787564,-0.45991436424633936,-1.1627415773050134,-0.36874407201398685,-0.8883158769578205,-0.9634270111497301,0.5298105178307365,-0.4551644784176316,-0.40715228184955715,-0.4956528446784495,-1.0784260238611234,0.05523041907389059,-0.2766891442110255,-0.1792330984056518,-0.31273033722966165,-1.066570779703889,0.12642889987809083,-0.12846352934898678,-0.03743317437291306
530,2022-09-23,0.11894293940262989,-1.2834135594238076,-1.1554781028689927,-0.10194930003290775,0.0131407699814734,-0.4957166529308891,-0.4536746414432442,-1.1636080586493385,-0.8305947580116444,-1.5228005701883807,-0.9065651572547043,0.4993483935816584,-0.618734080127834,0.14529849384459947,0.2996177382057311,-0.9401365153268209,-0.6728884712365878,-1.2911971850206063,-0.7653243324201993,-0.37520639283491714,-1.0822877353161546,0.0376281033896126,-0.27361925568374673,-0.040614719154190244
531,2022-09-26,0.09549554565715088,-1.2834135594238076,-1.1554781028689927,-0.2261513760448657,-0.07383793364352886,-0.5681621660734146,-0.4683021673520878,-1.2367203493786498,-1.5172096572237037,-1.2668321081286344,-0.899003083811143,0.4512859308775571,-0.7472367541516199,0.5524446555357945,0.7842384930116794,-0.7051847600142859,-1.3574446928960118,-1.672712613226649,-1.3448302716705385,-0.7222444640594976,-1.1037187579097427,-0.09040428698450333,-0.4625788735681381,0.02977676396497552
532,2022-09-27,0.1337449253983792,-0.2830564084285761,0.4237879013075149,-0.3588801426142452,-0.15200051504336914,-0.47908004376447955,-0.5736080714589514,-0.6082530666197559,-1.2347291771372022,-0.687490564862794,-0.9340414522014588,0.4148667689975468,-0.8481781884693561,0.36615524862672183,0.857937286073342,-0.43182844088523803,-1.1271200474835184,-0.7753569700901518,-0.4206939064266264,-0.4974531503217612,-1.1167750363795748,-0.06969199942213777,-0.3375960722991605,-0.025468269579251638
533,2022-09-28,-0.3648069215026996,-0.6704592585459971,-0.028409106933234222,-0.4890154726185712,-0.22923516550702558,-0.5193710968567513,-0.5567474627000067,-1.0178511464277895,-1.0188876119085435,-0.5442477664969978,-0.9873570866953513,0.37986917291582717,-0.9317517121547121,0.09810109567237994,0.857937286073342,-0.16119275810523884,-1.0853453988144097,-0.5325193932547909,-0.5941066685507809,-0.5812826468997674,-1.1306086917207987,-0.09063816827825817,-0.3149504363026606,-0.0008602151068079921
534,2022-09-29,-0.3501359265334614,-0.6882099423766899,0.44233758476849666,-0.5938668124610955,-0.2990849996358176,-0.5132904810531898,-0.5422061613104832,-0.9923164060835263,-0.7857435503422704,-0.46733138361120224,-1.0394914467085798,0.3512347761216931,-1.0049146575921548,-0.0069131344246290425,0.9478805210184523,0.09605110840976613,-0.9513348164387098,-0.45287170510471714,-0.2538664390666803,-0.485950073211586,-1.1444894211153067,-0.0775524141172476,-0.23365228943290467,-0.010380716054560741
535,2022-09-30,-0.4216570270084979,-0.9106178869270938,0.06670858228146216,-0.6613276011059487,-0.3620888861921629,-0.7014155757836112,-0.529857571937638,-1.0621461041678462,-0.7020778941058717,-0.873196122346821,-1.1001626395553925,0.32754201281685397,-1.0668684567063644,-0.04515813754259391,1.0665829799690068,0.33877782343321194,-1.1754151990184993,-0.8411521897535431,-0.16825760713197113,-0.3881077914201437,-1.1550293964231897,-0.06658288576677689,-0.17254263053183824,-0.017544309650909393
536,2022-10-10,-0.11140478071706195,-1.2797991877794586,-0.5310150474250381,-0.7130480882029767,-0.42197863041900185,-0.5909568648681102,-0.516598744272736,-1.0019480885779122,-0.6896465901620179,-1.2056510402937788,-1.0696841570152187,0.28171343922435016,-1.1397316089694873,0.14799233278228477,1.3501928463614656,0.5860960465006853,-1.0737960633778867,-0.6608825122158953,-0.31093899368981975,-0.8385914641610053,-1.1448666149474265,-0.07345440661436416,-0.15677753103032194,-0.017857617400006572
537,2022-10-11,-0.275536536935415,-1.2834135594238076,-1.1554781028689927,-0.7625161012726381,-0.4811531504552474,-0.4477924635240346,-0.4895046086888611,-1.0075916525394712,-0.7833615712186844,-1.2812032148019086,-1.099031868019064,0.23412483178634513,-1.1937003382416822,0.31338362763345606,1.5535935936379002,0.8383831844778276,-1.017612932622439,-0.5318277544416179,-0.5436194086918499,-0.9126816556319716,-1.1436500351569652,-0.09080693430264351,-0.16362386347685753,0.018742181809740664
538,2022-10-12,-0.25058274638505884,-0.5308533454823021,1.3132682195832233,-0.8033681056564738,-0.5247005797078226,-0.5555612797124161,-0.5721502065188337,-0.5963606726228617,-0.587196424972383,-0.6361994463720503,-1.1067069494586153,0.19689334659302618,-1.2448446318354467,0.12707936477865797,1.5995061684714986,1.077760648470403,-0.6049385511135607,-0.011504053891364392,0.05125221834164214,-0.7199649853718189,-1.14766376731495,-0.03132223591697533,-0.026449519290158097,0.014047641013250269
539,2022-10-13,0.17533457631563945,0.029606137267134198,1.3132682195832233,-0.8150152022332764,-0.5460096219726029,-0.6526772724787726,-0.3082723227856794,-0.3402168019205464,-0.21893613157605002,0.4845989839099924,-1.1002045447194366,0.1740129066014969,-0.5495096262508856,-0.15162518544204684,-0.06965036698573875,1.1037805024270073,0.12152479821796164,0.827190051037032,0.411248332118368,-0.40332471804536657,-1.1507634624788674,0.06193793555108995,0.1459954844816526,0.018998844342697524
540,2022-10-14,0.8092001536026391,0.943751639632065,1.3132682195832233,-0.7790433784639368,-0.5396233774376583,-0.40929464799881493,0.31388016234596633,0.011981020295134807,0.12247193017981405,1.457025594209193,-1.1139663257643238,0.1731328896787454,-0.22937924793629097,-0.3828263729543912,-0.8217571945757244,0.9344562088681762,1.0248004114927967,1.6450813300295983,0.8129513127350803,0.08331172046132172,-1.1528534847649305,0.183572382202576,0.33662947411500815,0.03281741702269187
541,2022-10-17,0.472880693035503,1.4440780688230503,1.3132682195832233,-0.6686455220060707,-0.4966563026213234,-0.5956869567923275,1.1355830181237014,0.865872398086769,0.6655510435277641,1.645433519513926,-1.0680846360915432,0.20027802706514658,0.23996164529927425,-0.6275581414686981,-1.1234928539190956,0.645443103346296,1.6952370610136793,1.9349729996611302,1.3683111711833218,0.7590908743937318,-1.151176789854399,0.3511791953878055,0.5744862190106721,-0.006644542718668613
542,2022-10-18,0.0758468916804925,1.2753638093575008,1.1013504758815331,-0.4993460987579945,-0.4329822690963418,-1.1271031656356014,0.8750856458761638,0.8230757706601659,0.9709015814886865,1.1920013456134375,-1.1293584260071732,0.21395213617251085,0.052563398932166404,-0.7794736446410327,-1.1234928539190963,0.31895718400831996,1.9075082347305778,1.5989867978459462,0.9841689766044986,0.4177114179719536,-1.1484879073325254,0.4447351444012745,0.6272931980682719,-0.011735256218420965
543,2022-10-19,-0.10740955440847474,0.9764099616307517,0.5052641202969046,-0.30831996173336546,-0.36245079665615115,-1.0115895298595305,0.6976131719009759,0.7309385161329528,1.037773631486331,0.8424331763702229,-1.1688956055215622,0.2289801174687235,-0.12486701783431298,-0.8120274394372579,-1.3051304166634174,-0.02036997156996912,1.7252633469962466,0.9840235166701176,0.4792963780151881,0.5449739063886612,-1.1470380979217076,0.4773628512880148,0.5564230417039201,-0.005071862097960228
544,2022-10-20,-0.018532142920723298,0.8461678957163495,-0.08524868904991392,-0.13256200932887985,-0.29105423965855054,-0.8285079464147547,0.13008618885082324,1.394564040129356,0.8893305560227812,0.3122341139027618,-1.1942041141876634,0.243737324327166,-0.2894946212650654,-0.6374269030082442,-1.05291183775928,-0.3102571331730355,1.1008358203441404,0.08799794192787772,0.21368948919211597,0.505759018507283,-1.1461762946167486,0.48781144608161947,0.45855050021264376,-0.0025456101994338533
545,2022-10-21,-0.15902001885383077,0.7779299357904008,-1.1554781028689927,-0.0024194636287394092,-0.22157874295468752,-0.6740802572938381,-0.20103735993104513,1.3058690607077346,0.7604524627913665,-0.3255924189888316,-1.2018084512297245,0.2659408282242729,-0.44505222826512864,-0.6488438867828317,-0.8148665880367756,-0.5245539093920675,0.3660420049984201,-0.6258652535422078,0.06661790612479507,0.5788445647637263,-1.146547172217932,0.49042574208092915,0.3657077752393715,-0.025818990130905935
546,2022-10-24,-0.13531064305532964,0.11720144531412038,-1.1554781028689927,0.053422451009469164,-0.1673061626309061,-0.5412884501617526,-0.5074824061414005,0.41891926649155664,0.29210742558813,-1.264645447635664,-1.157322041300094,0.2899043659668804,-0.6095478393895764,-0.4157399059971891,-0.23062711101660402,-0.6172561484491943,-0.45105595319505837,-1.23276280209903,-0.4228890046813626,0.5016756242681826,-1.1435124451568401,0.433920666609636,0.18167609700088802,-0.030090765853825818
547,2022-10-25,0.16819556537078692,-0.5406533813072328,-1.1554781028689927,0.006309036876012022,-0.13752361827099407,-0.7614180867562342,-0.680062710024841,-0.5862905002867818,-0.6343491809093136,-1.4295270524492287,-1.1217329133563896,0.3124463379111991,-0.7508014128037201,0.26732389933625644,0.6178703614798934,-0.5451764931860344,-0.935791481448802,-1.291276890838083,-0.7741047254391439,0.38875382191550945,-1.1430478065343805,0.33612792519308216,-0.04220146313578763,0.03096222560396689
548,2022-10-26,0.35380984993695314,0.5794776690077114,0.5705333784372053,-0.08171196572372172,-0.10719506971456617,-0.7106237570429937,-0.5283527638020058,0.4484842596320952,-0.12090361754211851,-0.5133490508865184,-1.1185465507830659,0.3374252797954438,-0.788567170568339,-0.03957715822290284,0.46818453941899235,-0.4116988209820154,-0.7279288370595065,-0.4705441513859406,0.04466692357743374,0.5015539171048699,-1.1360128222243782,0.3563682549967192,-0.0021703525731251202,0.0632855588076606
549,2022-10-27,1.5253935910518372,1.4440780688230503,1.3132682195832233,-0.09484353495262017,-0.04368670066085884,-0.27306853658896435,-0.11148562576477722,1.8068004539191407,1.4282295263238276,1.4287291917642408,-0.9263604123621091,0.37919223682140296,1.2052359371944414,-0.465021960323831,-0.483437602467749,-0.36453564148845724,0.25531129009759973,1.0332158152455289,1.3441650903812243,0.9702841615257999,-1.1323082256713515,0.5274567421421672,0.3099102258327172,-0.07732087692404409
550,2022-10-28,1.287186409341482,0.16990264804677063,-0.13715423265085566,-0.11744366053444928,-0.0005201352419806457,-0.40052011573928914,-0.28949019166261847,-0.29138434229372967,-0.1819361184697759,-0.32297744402765866,-0.7220416220620643,0.38894011658110833,0.6107613520286158,0.021081991659961826,-1.3670292482014275,-0.4643733882644,0.3882095891110718,0.739615752120735,-0.22313506350037446,0.07442687462918791,-1.1340231213501157,0.4485402525442185,0.09543036297849654,0.05666751991226639
551,2022-10-31,1.4866857427178202,1.0660920198511343,0.705137110307938,-0.030190268681659808,0.05819052280441563,0.0009319116922594844,0.0765926516644793,1.2303760593551654,0.78666813677024,0.8973163133240205,-0.5522653548766187,0.4005834174052012,1.2911974886510926,-0.4135413689368634,-0.4841093867119784,-0.5320240775008797,0.6115479836690736,0.6043522372586144,0.9600228958024011,0.2882820265332974,-1.134053334453229,0.5375574636531358,0.2356221632109091,0.011618387953865057
552,2022-11-01,0.8839305342271965,1.2811987177896493,0.8585361372252444,0.14418914051029136,0.13091985565636943,-0.017890755788961352,0.5004189811027845,1.4880533427629505,1.2413260856695811,1.0445380281382701,-0.6250450943267896,0.4182514494696672,0.9189082185220562,-0.6340315231584485,-0.48410938671197884,-0.5777302933611863,0.5066052915944818,0.3117319518812014,1.0127052539160684,0.4555221201670598,-1.1350724013747522,0.6196412962804116,0.33490350652395245,0.030071343496318084
553,2022-11-02,1.2172372011845782,1.4440780688230503,1.1987807566968394,0.3220498997204158,0.22564584200431811,0.44620882498047754,1.4981068792277559,1.790867824586247,2.0345556832554688,1.4435047398434433,-0.6010928315965969,0.4508120756114596,1.5225325394880997,-0.8672808214419592,0.23002483830086318,-0.5284044789229185,1.3238266588595498,1.4206322847945356,1.2629464549559875,0.8500559987056332,-1.1391667371851546,0.7401560692057135,0.4856771723038285,-0.02431238064430621
554,2022-11-03,0.4780548385826897,0.9780590860323686,0.326714950241974,0.5674093011806627,0.31622967786171713,0.3583252335462394,0.5156609610792919,1.1729926870423895,1.2520171924857217,0.7505132375758504,-0.6925526329571164,0.4766710344184552,1.1536454510581657,-1.016648965231544,0.23002483830086348,-0.43461953183748164,1.3274899597214012,1.1377502859266466,0.49027186928886873,0.666431145152501,-1.139331987641303,0.7439323665083855,0.3895664152120429,0.0040933335910000096
555,2022-11-04,0.25687649031877174,1.0510928988351715,0.5184615682065861,0.7985312928511916,0.40184562218509157,0.6345127010831039,0.3289297677269445,1.2759718766330335,1.200074581302671,0.7228607536401271,-0.7878447963544669,0.5056438992598017,0.9646686602236081,-1.14099308966427,0.3111748815826659,-0.3167046317382875,1.22559337270428,0.6615238369476159,0.5780757994783141,0.7293921112110854,-1.1384888231879713,0.7473357273465213,0.31198543794637357,0.0024479816386400372
556,2022-11-07,0.33134488889030705,1.0974122780044566,-0.5084404200828738,0.9974263201677829,0.4810921928755939,1.0281258132761983,2.4253908107361233,1.337759390387418,1.2880566619723215,0.8220031051901671,-0.9336121114718566,0.5433492397192157,0.7621249942622917,-1.2272973713962751,0.32618468135748185,-0.19442058139660356,0.8062994880770342,0.10773864831355016,0.3432002862215478,1.0021925477869953,-1.1350300558194957,0.7463441301086953,0.24176123915467734,-0.009005382184799106
557,2022-11-08,0.361603816014361,0.9034168112550371,-1.1554781028689927,1.1126723410366248,0.5470553643019619,0.9580394716353174,0.4900586301029728,1.111205173288005,0.8995502369365762,-0.2682217366596986,-1.0122985538933091,0.5896516685778158,0.5185361448130615,-0.8563911003007544,-0.5069840222079729,-0.17334664489485668,0.2114201314549966,-0.5235322313376053,0.09295908518162868,1.2107653125190383,-1.1270569465403322,0.7146001157576881,0.1284887770685415,0.0008220304614148797
558,2022-11-09,0.007404080328465773,0.9211789257199887,-1.0726270227250976,1.1951356784931817,0.6014036583217292,0.9363730084462348,0.3100906491466838,1.1318010112061332,0.8467540360528666,-0.44096732942800443,-1.0973720301394057,0.6241077157839975,0.31606189879670954,-0.9776981486293216,-0.5069840222079729,-0.2056308429238326,-0.08469431622178523,-0.5325216462729707,0.0951541834363648,0.9139650259319418,-1.121485669039989,0.6897845687939496,0.050733786627681805,-0.009079715700396403
559,2022-11-10,0.0306549875341782,0.7092960159278957,-1.1554781028689927,1.2345327798208348,0.6404196170611811,0.8390402543012753,-0.24097363606178032,0.9052467941067205,0.6547403867897884,-1.1070054152509294,-1.1812338984998076,0.6336525147153736,0.14332264061346403,-1.0146465810013652,-0.6283786167207167,-0.27612001940877073,-0.5470035287500802,-0.8265786007499228,0.024911039284808548,0.2368413344790547,-1.1174589649535627,0.646127598512544,-0.0464500682567068,0.006611594332312789
560,2022-11-11,0.3418896665244471,0.8697767018010307,-0.09862327967323177,1.2668363362319497,0.6710563951939721,1.125891448562933,0.32149297454727466,1.0700134974517488,0.9543826439683158,0.9275036754012266,-1.1503442515342757,0.6741332931619279,0.7864182844969534,-1.1632803988534683,0.22631722275501906,-0.264475704359176,-0.4624672934527024,-0.40018701962991243,0.18515321188054626,1.026814434182009,-1.1155654455265611,0.6311915495580956,-0.070875602997668,0.004110157861827773
561,2022-11-14,-0.009624753117971497,0.7492721406552878,0.5935527646914999,1.2879356814108263,0.6966375590027751,1.3502448318181408,0.2538705990698258,1.1514553251051456,0.6463140016733943,-0.17110348444305834,-1.2204510581429988,0.6928844229774722,0.5657462026888221,-1.1129989801047486,-0.03734225757018843,-0.2414519031277655,-0.5644718005988569,-0.3917921678676317,0.29051792810788063,0.5244124060091199,-1.1155909625363227,0.6282408908760074,-0.06816467020862686,0.025112700815075287
562,2022-11-15,0.4064027470811421,1.4440780688230503,1.3132682195832233,1.3519609392343857,0.7308304284114494,1.7745129779314393,0.27291587857269045,1.8008715172893373,1.3712373387118402,1.771223637297893,-1.2133241539758783,0.7164417990634263,1.0557066896996348,-1.237787398623394,0.538991545637408,-0.14985411887174674,0.4745397339101811,1.086001446550242,0.7778297406593022,0.6508975378230812,-1.1166845659117417,0.6849233109614363,0.044715292604311105,-0.008838948667204279
563,2022-11-16,0.11933591248216306,1.0648477951729116,0.35311605588073597,1.4681592404432038,0.7627534364510474,1.636261799909195,0.4124341164901397,1.5704335136110772,1.4224762281634051,1.3730988495425143,-1.2423894228419363,0.7267989213081135,0.9786492557779098,-1.3339170298953305,0.671213419345655,-0.015915592879845786,1.0049631710701865,1.457865451399593,0.5100277535814939,0.29076837932530825,-1.1161189727150969,0.6907370353946913,0.040579477118756674,0.055722534566054714
564,2022-11-17,1.6598558797654361,1.4440780688230503,1.3132682195832233,1.636091653943613,0.8218230411132996,1.9823154300022776,0.8931151923489709,2.4106344166327904,2.6544316011164177,1.9344511958652502,-1.094968294408715,0.7611872749048513,1.8070186690681898,-1.480721997371212,1.3231521008996985,0.20181984437153347,1.8381239432412206,2.0024831730296078,1.489041575193809,1.0470645339627578,-1.1210288104427653,0.830368699584274,0.28570922866779913,-0.031010236742560322
565,2022-11-18,1.925833159096135,0.10269868660143142,-0.474963820225994,1.845621668542291,0.8750992576840849,1.0607785117361388,0.05326655607930149,1.340147313624303,1.97082965044528,1.162472703537807,-1.0813317682614016,0.7885354931195785,1.346667192586653,-1.5695564150662562,1.3231521008996991,0.44453448636743176,1.4138843645618286,0.8504933065017278,0.5890512907519947,0.707887215519209,-1.119740744440209,0.8216339784030864,0.20636484974070227,-0.2231435513142097
566,2022-11-22,-0.6428353752724159,-1.2834135594238076,-1.1554781028689927,1.8198597591679335,0.8093366447502708,0.8135122727333352,-0.11263123015675199,-1.2367203493786498,-3.7497129765143113,-1.8303691591490254,-0.4161747304936235,0.7552979308833632,0.3271919055453755,2.5475360933933366,0.3980587234284293,0.5764120485617622,0.5353705467655678,-0.5584301574138291,-3.386271648575142,-1.2094005885566836,-1.1478507876243225,0.2934756356418391,-0.8214415626031317,-0.22289751859061657
567,2022-11-23,-0.43285675977519317,-1.2834135594238076,-1.1554781028689927,1.5953510604837213,0.5868246832716959,0.5793857659770247,-0.2480573869799422,-1.2367203493786498,-2.724976872277686,-1.2536655774529302,-0.045240591387353986,0.6648592686683201,-0.17381335143236157,4.3911461552068545,1.303299055401818,0.7425157719560771,-0.7701985991260959,-1.8795998469526063,-6.182826825108976,-2.668328050331938,-1.2227711471193792,-0.4228953642358036,-1.9931110837068766,-0.14679770552199964
568,2022-11-24,9.303575249765082,-1.2834135594238076,-1.1554781028689927,1.1817670375467626,0.2351587601894586,-0.4111742069432731,-0.5973283627581606,-1.0321030945269172,-1.8206406057289128,-0.90836437729031,0.07451214142618397,0.5373245084788432,-0.45658462020760077,5.172648532276242,1.6550734151998674,0.9519810198406659,-1.5141545188606673,-2.0493648311506214,-7.146474958938137,-3.507882183685815,-1.306480433074033,-1.036614334282792,-2.7398690657936,-0.09246522767209343
569,2022-11-25,5.26584235307504,-1.2834135594238076,-1.1554781028689927,0.6565678112834048,-0.2003053555737488,-0.6881079040090916,-0.6195263404871836,-1.2204025786838717,-1.281360744010642,-0.6654914327594091,-0.08885630508479284,0.39394944367984486,-0.6017617400217979,4.676959064830679,1.7124687238304546,1.1729083476612356,-1.5081917553914619,-1.2120334447103127,-7.049890635729747,-3.9301269555340976,-1.3858093528291504,-1.4628252240756068,-2.9891591356046177,-0.06121073104489657
570,2022-11-28,2.3349181348901626,-1.2834135594238076,-1.1554781028689927,0.264294973722038,-0.6776567297341464,-0.778613176477696,-0.680062710024841,-1.170710974111961,-0.9854002332135409,-0.5856351972728395,-0.26379970691144355,0.23486946149021218,-0.7174721206329153,4.603124321820934,1.8068596152588459,1.3922366594366051,-1.468072271908963,-0.856776846126241,-5.985267982182723,-4.248524282349193,-1.4558138781801364,-1.7087330061181345,-2.8538511977275016,0.014839513862774436
571,2022-11-29,1.72482742891492,-1.2240683014667502,-0.7653022994205856,-0.003505795729078218,-1.1490675786511384,-0.6011211385907042,-0.6191940072812517,-1.1250121758504068,-0.7028951811249747,-0.46074640538880657,-0.4827698651903882,0.07666949622332916,-0.8007148317539936,3.9881853160438467,1.8068596152588465,1.5928447947174542,-1.4121983552995367,-0.7963239623365431,-3.351150076499364,-4.199581161294103,-1.5141139737741467,-1.7403882211202062,-2.347836312863363,-0.003278691461698347
572,2022-11-30,1.9696496574640834,-1.2273949362207661,-0.11344330857202699,-0.18349384203028235,-1.5904675375926425,-0.6839715423066374,-0.626355981703414,-1.1351674643529746,-0.5309799220345099,-0.42675737237045763,-0.6927127840132985,-0.0923614465543362,-0.8684752844427245,3.5678531248205085,1.8186083089227034,1.7688435013793977,-1.2544628918501843,-0.6118708740928481,-1.537998918087318,-4.327956598568949,-1.564515718319825,-1.6632684608566097,-1.7410792749502433,-0.016556669594447654
573,2022-12-01,2.122843662968763,-1.2449865988432287,0.7975103077790998,-0.30262373745691235,-1.9918340797848915,-0.7516940539240546,-0.6318997838054774,-1.185943906865812,-0.4110062912766248,-0.4135018434804459,-0.8543458841262169,-0.2617308573792146,-0.9329525713792504,3.169502537047041,1.8318051729310292,1.919399433805064,-1.15288659826877,-0.5544790516349827,-0.7411782516181019,-4.362227838175128,-1.609008172507706,-1.539875297796138,-1.169765205463192,0.0016680571006970134
574,2022-12-02,0.8359223230108944,-1.2369741156061829,1.2427766349939873,-0.37568237608009547,-2.3433607733912263,-0.724965855674926,-0.5469575776872035,-1.1808662626145283,-0.3173362308192621,-0.45745429828122,-1.0120979214708967,-0.4559438228694523,-0.9857509967204074,2.767496121635012,1.8318051729310292,2.0446840787693104,-0.9287622651789788,-0.3421029747894255,-0.12216054378251234,-4.594989017041875,-1.6477415436752285,-1.3718287962780438,-0.6298132255230434,-0.06899287148695156
575,2022-12-05,2.836875748480529,-1.2834135594238076,-0.8659806402299189,-0.42396327540193907,-2.659959455380765,-0.947686748438802,-0.5206165392836005,-1.2318452707224974,-0.30918598965407923,-1.8303691591490416,-1.0339991747473765,-0.6493444650463817,-1.0591449919313831,2.9296173190538033,1.9495422542862173,2.160054512070695,-1.0733623656237052,-0.6785089043623292,-1.1099547584137723,-4.751178429312897,-1.686254342445599,-1.2665898247502494,-0.3144563549184721,-0.003577821347883855
576,2022-12-06,0.9303668531253658,-1.2834135594238076,-1.1554781028689927,-0.45641004883361563,-2.934526635110532,-0.9389338931249399,-0.5000127459194201,-1.2173488347185346,-0.28914141013319955,-1.0676386808891312,-1.146338701549709,-0.7540664788537706,-1.1049267467039765,2.62140877462159,1.9644376215681625,2.262619499472958,-1.1286469474945442,-0.7889267084454693,-0.9277616032706731,-3.760558081238323,-1.7190757697994077,-1.1275581230178287,0.0005667085312799708,-0.04209221548530451
577,2022-12-07,1.7993613229997105,-1.2834135594238076,-1.1554781028689927,-0.47960772188151246,-3.174245382252994,-1.1041113645705196,-0.6230951093771129,-1.2367203493786498,-0.29303101859461483,-0.9150925852371553,-1.1919616783737057,-0.7970519208496926,-1.1566681665106244,2.5403898818733563,2.023683532512659,2.356924084018843,-1.4821951912418203,-1.2085374763183907,-1.3470253699252746,-2.7646650586061807,-1.7495656280196614,-1.0164230929753546,0.20079386282934775,-0.05969047882463784
578,2022-12-08,2.354632284380077,-1.2834135594238076,-1.1554781028689927,-0.5024625161532803,-3.389380896296869,-1.2307642741052283,-0.6246836459012589,-1.2183900536315155,-0.4125536789296824,-1.117019581955856,-1.1968538851058534,-0.8113352724420394,-1.2098494195612657,2.7468836447913074,2.123971662955143,2.4505652076695634,-1.451566120481901,-0.9998372044274447,-1.9265313091756138,-2.216668186779909,-1.7779910985391314,-0.9431135794950631,0.29075098872930044,-0.07197349962508923
579,2022-12-09,2.3367520092613177,-1.2834135594238076,-1.1554781028689927,-0.5263978324888746,-3.590130506366151,-1.3537236355801354,-0.6255285827343466,-1.2300304604198415,-0.7082512009973531,-1.1113340879487685,-1.1912857980734568,-0.8162092123218908,-1.2590995966571437,2.8564753569228123,2.203503882824864,2.5451448216583037,-1.5279942041091086,-0.9774232938401478,-2.55871960653962,-2.080668597793226,-1.8049882544411722,-0.9039279554308408,0.29936431204676534,-0.07986504044378957
580,2022-12-12,2.0628497728266995,-1.2834135594238076,-1.1554781028689927,-0.5569770151615413,-3.7849294427930005,-1.3705815496545326,-0.680062710024841,-1.1891091915938852,-1.15981475613136,-1.0975166747961433,-1.1773494760294245,-0.8210831522017441,-1.3043359813143038,3.111627125709146,2.2880516911925755,2.6419662373589206,-1.4799003819669776,-0.8908235834669418,-3.0635922051289306,-2.204587020472202,-1.829000787312511,-0.8890990844671209,0.26103567591554666,0.02283204204264569
581,2022-12-13,1.6624102047824016,-0.6000822458849783,1.3132682195832233,-0.587525917387368,-3.954627163802872,-1.3149263908967173,-0.592306894886411,-1.0659411964550383,-0.9518585722486754,-0.6478318256548875,-1.2104490630120681,-0.8295448533820442,-1.3383317574552107,2.5643786273409663,2.2880516911925755,2.7320276404063635,-1.3798809057127297,-0.7377859891359779,-1.8738489510619467,-2.1517764863515563,-1.8437080466170537,-0.797184097856613,0.3734862506877326,-0.05093693636275414
582,2022-12-14,1.2950458709321453,-0.7672710730991035,0.7324441592184707,-0.6148818500037375,-4.105211078346921,-1.3785486243549736,-0.5946581870638741,-1.1813836075005082,-0.8803588895042279,-0.6414531971604099,-1.240089350070888,-0.8409173797683666,-1.3687395738964154,2.3748789089584394,2.317008617734439,2.8145362173490973,-1.3444236473925837,-0.7474975430197207,-1.9397018987040304,-2.4605222955893002,-1.8489831923708104,-0.7270381591805645,0.423031594759986,0.014151179546242964
583,2022-12-15,0.41334527148622807,-0.19835773441509263,1.3132682195832233,-0.6327415648507498,-4.225052270508352,-1.3222280159449114,-0.524209292177483,-1.0646048963539143,-0.6761368945751073,-0.49122946440628984,-1.3017289893904034,-0.8493113873392232,-1.3917516647216215,1.9781008994479068,2.317008617734439,2.8864559175492044,-1.2444533429398397,-0.6607797628596451,-0.8553233608643808,-2.2632765443625193,-1.8433199521619306,-0.6168532544270807,0.5370018258812423,-0.06282258592205532
584,2022-12-16,1.327990114099676,-0.670622715960795,0.6403990044620329,-0.6388894909982754,-4.326634891068175,-1.3726249366621615,-0.5082601991482202,-1.1889021865600384,-0.6394849627306083,-0.8836860361323344,-1.2878283513919164,-0.8651516919487449,-1.4201668775065655,1.9820497214473063,2.366237153521483,2.9526241202356966,-1.3304369167490777,-0.8372612569313596,-1.3470253699252746,-2.6706355479688804,-1.8116552244367945,-0.5516316052881236,0.5447019127225828,-0.09132809390520281
585,2022-12-19,1.950131994513936,-1.2671239921333528,-0.05764444206934536,-0.6481221146469696,-4.425424472455333,-1.3904284628996684,-0.5013739599329947,-1.1364765445115081,-0.7710920048952281,-1.464396372441796,-1.2514229012114875,-0.8777427033050306,-1.4478237245229875,2.405704948737007,2.4442893478610643,3.019211548519642,-1.2817508061569203,-0.7740023533328688,-2.3545754688491596,-2.8057029872890387,-1.758610401428706,-0.5345422497469894,0.4615024372716484,0.181866079673805
586,2022-12-20,4.619860105835767,1.4440780688230503,1.3132682195832233,-0.642218661293083,-4.461475679788507,-1.2369799475562302,-0.04911788992887781,-0.07749215983655301,-0.3228544841117752,0.16487043103948207,-1.1211587819405853,-0.8712441167985605,-0.4752592310356325,1.6093083576889675,0.8763203060811509,2.904697380536297,-0.15967447328732368,0.8293896647475829,1.449529806608559,-1.5872616317153194,-1.7218044516884237,-0.3302172549254245,0.7425533751100913,0.09964947786231175
587,2022-12-21,8.364107607627789,1.4440780688230503,1.3132682195832233,-0.5989384594541359,-4.411586594211681,-0.9366186391114263,0.42317911525554325,0.6334150871710961,0.3356491561615839,1.9630232038216655,-0.9347714322335344,-0.8458590132576616,1.1659077594453637,0.8526810272687012,-1.150779158943955,2.47975189392393,0.8078612566208289,1.7254516309619978,3.451459414927912,-0.49109010831522526,-1.7048168702425464,-0.07597862279620514,1.0600608067690702,-0.11804080083373546
588,2022-12-22,4.514936293600411,0.9626261983624913,0.6465961222363549,-0.5421753224858787,-4.332246122226249,-1.0586040265944237,0.06972473523316301,-0.14146616365775622,-0.038556171770762065,0.5840673203081537,-0.7951434048860088,-0.8231816540944583,0.6370099370127166,0.9358408150389879,-0.6642196706714438,1.9856901011935018,1.3030483930494652,1.5812894091512895,0.5627101116951612,-0.9612336546374051,-1.702616469890216,-0.00374566404191055,0.9761658765995088,0.03645050450982104
589,2022-12-23,3.276285146911866,1.2778908156540185,0.8892224769516073,-0.4606079813457631,-4.213784250144381,-0.9130006531548019,0.20684765455320242,0.32936317076487215,0.1505185398868271,0.6956737537195945,-0.8003838294980717,-0.7832424245234435,0.3157088921952442,0.4994799041735169,-0.6642196706714438,1.4966964618910374,0.7531801320266475,0.21137644005685519,1.2102640968423204,-0.06517358837242863,-1.7023693245663392,0.09600734295114746,0.9601420122938937,-0.0670771620888125
590,2022-12-26,2.843687281859104,1.0140188151976879,0.5398658829525605,-0.3834054211696843,-4.084903197239958,-1.044386003396817,0.09061996781164511,-0.16061343487026158,0.0025189211792167377,0.24429550065244884,-0.8614672836964115,-0.7374815445403828,0.08215763613451725,0.18229251722826403,-0.6642196706714437,1.0502064632601842,0.17247387350297683,-0.5885030543679945,-0.41849880817189034,0.047059588369158606,-1.706104965007759,0.11755952922909235,0.8021399422409933,0.04445176257083401
591,2022-12-27,2.636524973431869,1.40486378041896,-0.09781151748304075,-0.32753132094650084,-3.9290847807456273,-0.8962319411522259,0.5096583797806221,0.40668547622650486,0.39962239598891974,0.305276179978679,-0.9198158994731981,-0.6873205799435667,-0.07408100013012998,-0.09013523749122941,-0.7227061186767348,0.6552897080890548,0.07233272332363247,-0.27301448129903366,-0.04533210486674772,0.24010071745611283,-1.7054417390125223,0.18737914165877143,0.765348710160833,-0.04924793483432682
592,2022-12-28,1.7677269900972907,1.1958265374004609,-1.0151918952332846,-0.2904857302481772,-3.768225287300934,-0.934817146308914,0.019101544393232483,0.06120121284080585,-0.20522301794003495,-0.9881608831544851,-0.9791372619854471,-0.6359411303767869,-0.24998010504015358,0.23143430368968923,-0.1992646505050422,0.37763859487137524,-0.25954389251335874,-0.46743275429992803,-0.905810620723312,0.25535819833032775,-1.7046052118746826,0.20290320758754551,0.6351138519065198,-0.019418085857101627
593,2022-12-29,1.0233704819482154,1.1153837312735917,-1.1554781028689927,-0.2749710052910717,-3.607580354546094,-0.9566629987634591,-0.4087271925555611,-0.12096321694438109,-0.18830548586054405,-0.8497156871005972,-1.0550399092495915,-0.58970639512763,-0.3912563159610407,-0.011611821225127092,-0.19926465050504233,0.18248228781098116,-0.5938625759270956,-0.7659421627598163,-0.6906909917591708,-0.04310600986680043,-1.7029260857393915,0.21105863849217732,0.5172457970989461,-0.0580238401163775
